goal_id,user_id,meal_id,expert_result,user_result,kind,title,title_y,ingredients,ingredients_y,preferred_locale,expert_explanation,carbs,protein,fat,fiber,calories,carbs_explain,protein_explain,fat_explain,fiber_explain,calories_explain,short_name
41,2067,2892,not_really,yes,breakfast,cold cereal slice whole wheat bread orange coffee,"Cold cereal, 1 slice whole wheat bread, orange, and coffee",fruit carbohydrate,"Fruit, carbohydrates",en,"In order to meet your goal, include a glass of water. ",60.0,9.0,3.0,8.0,304.0,"The carbs in this meal come from the cereal (1 cup cereal = ~30 gm), the bread (1 0z whole wheat bread = ~15 gm), and the orange (1 small orange = ~15gm). ",Small amounts of protein come from the cereal (1 cup cereal = ~6 gm) and the bread (1 0z whole wheat bread = ~3gm).,Small amounts of fat come from the cereal (1 cup cereal = ~2 gm) and the bread (1 0z whole wheat bread = ~1gm).,"The fiber in this meal come from the cereal (1 cup cereal = ~4 gm), the bread (1 0z whole wheat bread = ~2 gm), and the orange (1 small orange = ~2gm). ","The Calories in this meal are 79% carb, 12% protein, and 9% fat. ",drink_water
41,2067,2944,not_really,yes,breakfast,slice whole wheat bread cold cereal low fat milk orange juice,"1 slice whole wheat bread, cold cereal, low fat milk and orange juice",juice bread cold cereal milk,"Juice, bread, cold cereal, milk",en,"To meet your goal, have a glass of water in place of the juice. ",97.0,27.0,8.0,6.0,565.0,"1 cup cereal = 30 gm carb, 2 cups 1% milk = 24 gm carb, 1 slice whole wheat bread = 15 gm, and 1 cup apple juice = 28 gm. ",The main source of protein is the milk (2 cups 1% milk = 17 gm). ,There are no major sources of fat. All foods (except the juice) contribute a small amount. ,"1 cup cereal = 30 gm carb, 2 cups 1% milk = 4 gm carb and 1 slice whole wheat bread = 2gm. ","68% of Calories are from carb, 19% are from protein, and 13% are from fat.",drink_water
41,2067,3048,not_really,not_really,breakfast,cold cereal low fat milk slice whole wheat bread orange juice banana,"Cold cereal, low fat milk, 1 slice whole wheat bread, orange juice and banana",cold cereal low fat milk slice whole wheat bread orange juice banana,"Cold cereal, low fat milk, 1 slice whole wheat bread, orange juice and banana",en,"To meet your goal, include a glass of water. ",99.0,18.0,5.0,9.0,509.0,"1 cup cereal = ~ 30 gm, 1 medium banana = ~27 gm, 1 cup 1% milk = ~ 12 gm, 1/2 cup orange juice = ~15 gm, 1 slice whole wheat bread = ~15 gm). ","1 cup cereal = ~ 6 gm,1 cup, 1% milk = ~ 9 gm, 1 slice whole wheat bread = ~3 gm).","There are no major sources of fat. Small amounts of fat are in the cereal (2 gm), the milk (2 gm), and the bread (1 gm). ","1 cup cereal = ~ 4 gm, 1 medium banana = ~3 gm, 1 slice whole wheat bread = ~2 gm.","The Calories in this meal are 77% from carb, 14% from protein, and 9% from fat. ",drink_water
41,2067,3028,not_really,not_really,breakfast,hot oatmeal coffee orange juice slice whole wheat bread apple,"Hot oatmeal, coffee, orange juice, 1 slice whole wheat bread and an apple",hot oatmeal coffee orange juice slice whole wheat bread apple,"Hot oatmeal, coffee, orange juice, 1 slice whole wheat bread and an apple",en,"To meet your goal, include a glass of water with the meal. ",78.0,13.0,7.0,8.0,421.0,"1 cup cooked oatmeal = ~27 gm, 1/2 cup milk (2% since not specified) = ~6 gm, 1 oz whole wheat bread = ~15 gm, 1 small apple = ~15 gm, and 4 oz oj = ~15 gm","1 cup cooked oatmeal = ~6 gm, 1/2 cup milk (2% since not specified) = ~4 gm, 1 oz whole wheat bread = ~3 gm","1 cup cooked oatmeal = ~3 gm, 1/2 cup milk (2% since not specified) = ~3 gm, 1 oz whole wheat bread = ~1 gm","1 cup cooked oatmeal = ~4 gm, 1 oz whole wheat bread = ~2 gm, 1 small apple = ~2 gm","The Calories in this meal are 73% from carb, 15% from fat, and 12% from protein. ",drink_water
41,2067,2992,not_really,yes,breakfast,whole wheat bread low fat milk cold cereal orange juice apple,"Whole wheat bread, low fat milk, cold cereal, orange juice and an apple.",whole wheat bread low fat milk cold cereal orange juice apple,"Whole wheat bread, low fat milk, cold cereal, orange juice, and an apple.",en,"To meet your goal, include a glass of water with the meal. ",87.0,18.0,5.0,8.0,468.0,"1 cup cereal = ~30 gm, 1 oz whole wheat bread = ~15 gm, 8 fl oz of 1% milk = ~12 gm, 4 fl oz orange juice = ~15 gm, 1 small apple = ~15 gm. ","8 fl oz of 1% milk = ~9 gm, 1 cup cereal = ~6 gm, 1oz whole wheat bread = ~3 gm,","There are no major sources of fat. Small amounts of fat are in the milk (2 gm), the cereal (2 gm) and the bread (1gm).","1 cup cereal = ~4 gm, 1 oz whole wheat bread = ~2 gm, 1 small apple = ~2 gm. ","The Calories in this meal are 75% from carb, 15% from protein, and 10% from fat. ",drink_water
41,2067,2923,yes,yes,breakfast,cereal slice whole wheat bread apple juice seltzer water milk,"Cereal, 1 slice whole wheat bread, apple juice, seltzer water and milk",cereal low fat milk seltzer water apple juice bread,"Cereal, low fat milk, seltzer water, apple juice and bread",en,Seltzer counts as water. Great job!,97.0,27.0,8.0,6.0,565.0,"In this meal, the carbs come from the cereal (1 cup = ~ 30 gm), the bread (1 oz whole wheat bread = ~15 gm), the juice (1 cup apple juice = ~ 28 gm), and the milk (2 cups 1% milk = ~24 gm). ",The main source of protein is the milk (2 cups 1% milk = ~14 gm). ,"There are no major sources of fat in this meal. Small amounts of fat come from the milk (2 cups 1% milk = ~5 gm), the cereal (1 cup = ~ 2 gm), and the bread (1 oz whole wheat bread = ~1 gm).",The fiber comes from the cereal (1 cup = ~ 4 gm) and the bread (1 oz whole wheat bread = ~2 gm).,"The Calories in this meal are 68% from carb, 19% from protein, and 13% from fat.",drink_water
41,2067,2952,yes,yes,breakfast,cold cereal slice whole wheat bread low fat milk apple juice seltzer water,"Cold cereal, 1 slice whole wheat bread, low fat milk, apple juice, and seltzer water",cold cereal slice whole wheat bread low fat milk apple juice seltzer water,"Cold cereal, 1 slice whole wheat bread, low fat milk, apple juice, and seltzer water",en,Great job!,97.0,17.0,8.0,6.0,565.0,"1 cup cereal = 30 gm, 2 cups milk = 24 gm, 1 cup apple juice = 28 gm, 1oz whole wheat bread = 15 gm. ",The main source of protein is the milk (2 cups = 17 gm),There are no major sources of fat. ,1 cup cereal = 4 and 1 oz whole wheat bread = 2 gm.,"68% carb, 19% protein, 13% fat.",drink_water
41,2067,2974,yes,yes,breakfast,oatmealjuiceseltzer water,"Oatmeal, 4 oz. juice, 12 oz. seltzer Water",oatmealjuice seltzer water,"Oatmeal, 4oz. Juice and 12 oz of seltzer Water",en,Great Job!,45.0,6.0,2.0,4.0,220.0,1 cup cooked oatmeal (made with water) = 30 gm and 4 oz juice = 15 gm. ,1 cup cooked oatmeal (made with water) = 6 gm ,1 cup cooked oatmeal (made with water) = 2 gm ,1 cup cooked oatmeal (made with water) = 4 gm ,"81% of Calories from carb, 11% from protein, and 8% from fat. ",drink_water
41,2067,3008,yes,yes,breakfast,cold cereal low fat milk bagel seltzer water apple,"Cold cereal, low fat milk, bagel, seltzer Water, apple",cold cereal low fat milk bagel seltzer water small apple,"Cold cereal, low fat milk, bagel, seltzer Water and small apple",en,The seltzer counts as water. Great job!,100.0,27.0,8.0,6.0,646.0,"Estimated ~117 gm carb total. 4oz bagel = ~60 gm, 8 fl oz 1% milk = ~12 gm, 1 cup cereal = ~30 gm, 1 small apple = ~15 gm. ","4oz bagel = ~12 gm, 8 fl oz 1% milk = ~9 gm, 1 cup cereal = ~6 gm.","4oz bagel = ~4gm, 8 fl oz 1% milk = ~2 gm, 1 cup cereal = ~2 gm.","1 cup cereal = ~4 gm, 1 small apple = ~2 gm. ","The calories in this meal are 72% carb, 17% protein, and 11% fat. ",drink_water
46,2068,3391,not_really,yes,dinner,salad turkey burger,Salad with turkey burger,turkey burger salad,Turkey burger salad,en,"This goal is not met because there is no water reported in the meal. To meet this goal, add a glass of water.",6.0,23.0,14.0,3.0,251.0,na,na,na,na,na,drink_water
46,2068,3491,not_really,yes,breakfast,bagel one egg,1/2bagel with one egg,bagel egg,Bagel with egg,en,"This goal is not met because there is not water in the meal. To meet this goal, add a glass of water.",26.0,12.0,20.0,1.0,328.0,na,na,na,na,na,drink_water
46,2068,3693,not_really,yes,breakfast,coffee egg,Coffee and egg,boiling egg coffee,Boiling egg with coffee,en,"This goal is not met because there is no water in the meal. To meet this goal, add a glass of water.",0.0,6.0,5.0,0.0,70.0,na,na,na,na,na,drink_water
46,2068,3698,not_really,yes,dinner,lentil soup,Lentil soup,lentil soup,Lentil soup,en,"This goal is not met because there is no water included in the meal. To meet this goal, you can add a glass of water.",30.0,12.0,2.0,11.0,181.0,na,na,na,na,na,drink_water
46,2068,3702,not_really,yes,breakfast,vegetable omelette,Vegetables omelette,pepper onion tomato onion omelette,Pepper onions tomatoes onions omelette,en,"This goal is not met because there is no water in the meal. To meet this goal, swap the coffee for water.",6.0,22.0,18.0,2.0,273.0,na,na,na,na,na,drink_water
46,2068,3434,not_really,yes,breakfast,boiling egg one cracker,Boiling eggs with one cracker,boiling egg,Boiling eggs,en,"This goal is not met because there is no water mentioned in the meal. To meet this goal, add a glass of water.",5.0,19.0,16.0,0.0,234.0,na,na,na,na,na,drink_water
46,2068,3415,yes,yes,dinner,chicken mixed vegetable,Chicken with mixed vegetables,chicken salad,Chicken and salad,en,This goal is met because there is water in this meal.,9.0,24.0,7.0,3.0,142.0,na,na,na,na,na,drink_water
46,2068,3405,yes,yes,lunch,quinoa vegetable,Quinoa and vegetables,quinoa vegetable,Quinoa and vegetables,en,This goal is met because there is water with the meal.,44.0,8.0,12.0,6.0,306.0,,na,na,na,na,drink_water
46,2068,3424,yes,yes,lunch,salad sweet potato avocado,"Salad ,sweet potatoes and avocado",salad sweet potato,Salad and sweet potatoes,en,This goal is met because water is included in the meal.,51.0,4.0,11.0,13.0,300.0,na,na,na,na,na,drink_water
51,2069,3172,not_really,yes,lunch,sandwich,Sandwich,coffee turkey bread,"Coffee,turkey,bread",en,This goal is not met because there is no water in the meal. Coffee and tea are good alternatives to water when they are unsweetened.,78.0,26.0,6.0,0.0,466.0,na,na,na,na,na,drink_water
51,2069,3196,not_really,yes,dinner,rice bean avocado chicken salad,"Rice,with beans ,avocado,chicken, and salad",salad chicken avocado lemonade,"Salad,chicken,avocado and lemonade",en,"This goal is not met because there is no water in the meal. To meet this goal, exchange the lemonade for a glass of water.",78.0,25.0,8.0,10.0,480.0,na,na,na,na,na,drink_water
51,2069,3208,not_really,yes,dinner,sancho,Sancocho,panda chicken ginger ale,"Viandas ,chicken ,ginger ale,",en,"The goal has not been met, because there is no water in the meal. To meet this goal add water to your meal. ",23.0,17.0,14.0,3.0,1000.0,,,,,,drink_water
51,2069,3072,not_really,yes,after_dinner_snack,honey bunch oat,Honey bunches of oats,milk fat free banana,Milk fat free and banana,en,"To meet this goal, include a glass of water.",53.0,10.0,3.0,4.0,261.0,"3/4 cup Honey Bunches of Oats = 26 gm, 1/2 a banana = 15 gm, 8 fl oz fat-free milk = 12 gm. ","3/4 cup Honey Bunches of Oats = 2 gm, 8 fl oz fat-free milk = 8 gm. ",3/4 cup Honey Bunches of Oats = 3 gm,"3/4 cup Honey Bunches of Oats = 2 gm, 1/2 a banana = 2 gm","This meal is 82% carb, 15% protein, and 3% fat. For a more accurate assessment, please include amounts of each food in the description or a photo that shows the entire bowl so I can estimate the portions. Nutrition info for cereal retrieved from: https://www.postconsumerbrands.com/honey-bunches-of-oats/with-almonds/",drink_water
51,2069,3073,not_really,yes,lunch,italian bread cream cheese black coffee,Italian bread with cream cheese and black coffee,splenda coffee,Splenda for my coffee,en,"To meet this goal, include a glass of water. ",29.0,7.0,12.0,2.0,252.0,2 oz Italian bread = 30 gm. ,"2 oz Italian bread = 5 gm, 2 TBSP cream cheese = 2 gm. ","2 oz Italian bread = 2 gm, 2 TBSP cream cheese = 10 gm. ",2 oz Italian bread = 2 gm.,"The Calories are 47% from carb, 42% from fat, and 11% from protein. For a more accurate assessment, please include amounts for foods that cannot be seen in the photo (such as the cream cheese). ",drink_water
51,2069,3090,not_really,yes,dinner,diet canada dry ginger ale,Diet Canada dry Ginger ale,diet soda,Diet soda,en,This goal is not met because water is not included in the meal. ,0.0,0.0,0.0,0.0,0.0,,,,,,drink_water
51,2069,3109,not_really,yes,lunch,bread cream cheese,Bread with cream cheese,coffee,Coffee,en,"This goal is not met because no water is included in this meal. However, black coffee is a good alternative to sugar-sweetened beverages like juices or coffee with sugar added.",44.0,11.0,13.0,2.0,345.0,,,,,,drink_water
51,2069,3117,not_really,yes,dinner,alfredo fettuccine oven chicken salad,"Alfredo fettuccine with oven chicken ,salad",green bean strawberry,Green beans and strawberries,en,"The goal has not been met, because there is no water in the meal. To meet this goal add water to your meal. ",45.0,25.0,20.0,2.0,484.0,,,,,,drink_water
51,2069,3159,not_really,yes,dinner,boil vegetable like yam sweet potato etc,"Boil vegetables,like yam,sweet potatoes etc.",avocado tomato onion garlic,"Avocado,tomatoes, onions,garlic",en,"This goal is not met because there is no water reported in the meal. To meet this goal, add a glass of water to the meal.",51.0,6.0,11.0,12.0,307.0,na,na,na,na,na,drink_water
51,2069,3178,not_really,yes,dinner,spam le sodium percent,"Spam,less sodium 25 percent",chick pea tomato lettuce avocado,"Chick peas , tomatoes, lettuce, avocado",en,"This goal is not met because there is no water reported with the meal. To meet this goal, add a glass of water",32.0,22.0,39.0,11.0,567.0,na,na,na,na,na,drink_water
51,2069,3209,not_really,yes,after_dinner_snack,grapefruit,Grapefruit,grapefruit cup,Grapefruit cup,en,"The goal has not been met, because there is no water in the meal. To meet this goal add water to your meal. ",14.0,0.0,0.0,4.0,59.0,,,,,,drink_water
51,2069,3205,not_really,yes,lunch,bread coffee,Bread with coffee,cream cheese substitute sugar splenda,"Cream cheese ,substitute sugar,splenda",en,"This goal is not met because there is no water included in the meal. To meet this goal, add a glass of water.",42.0,8.0,13.0,2.0,301.0,na,na,na,na,na,drink_water
51,2069,3086,not_really,yes,lunch,bread cream cheese black coffee,Bread with cream cheese and black coffee,bread,Bread,en,"This goal isn't met because water isn't shown in this meal. However, black coffee is a good alternative to sugary beverages.",44.0,11.0,13.0,2.0,345.0,,,,,,drink_water
51,2069,3188,yes,yes,breakfast,coffee bread,Coffee and bread,cream cheese,Cream cheese,en,"This goal is met because even though there is not a glass of water in the meal, unsweetened coffee is a good alternative.",41.0,9.0,11.0,6.0,291.0,na,na,na,na,na,drink_water
51,2069,3074,yes,yes,after_dinner_snack,grapefruit cup,Grapefruit cup,grapefruit water,"Grapefruit ,water",en,Water is included as an ingredient. ,15.0,0.0,0.0,2.0,60.0,This food contains an estimated 15 gm of carb.,This food does not contain protein. ,This food does not contain fat. ,This food has about 2 gm of fiber. ,100% Calories are from carbohydrate. ,drink_water
51,2069,3119,yes,yes,after_dinner_snack,grapefruit,Grapefruit,water grapefruit,Water and grapefruit,en,"The goal has been met, great job!",11.0,0.0,0.0,4.0,58.0,,,,,,drink_water
76,2075,2928,not_really,yes,breakfast,waffle,Waffel,waffle bacon,"Waffel,bacon",en,"Please let us know if you had water with the meal by including it in the photo, title, or ingredients.",23.0,12.0,15.0,1.0,283.0,"All of the carbs are from the waffle (1 1/2 waffles, 4"" round = 23 gm). ","3 strips bacon provides 9 gm of protein and 1 1/2 waffles, 4"" round provides 3 gm.","3 strips bacon provides 10 gm of fat and 1 1/2 waffles, 4"" round provides 5 gm.",The waffles have a small amount of fiber. ,"The Calories are 49% from fat, 33% from carb, and 18% from protein. ",drink_water
76,2075,2917,not_really,yes,dinner,salad,Salad,almond pecan lettuce grilled chicken apple,"Almond,pecan,lettuce,grilled chicken,apple",en,"If you had water with your meal, please include that in the photo, title, or ingredients so you can meet the goal.",11.0,21.0,9.0,4.0,200.0,"There are no major sources of carb in this meal. A small amount of carb comes from the apple (1/4 of a medium apple = ~6 gm), the nuts (1/2 oz almonds = ~ 3 gm), and the lettuce (2 cups lettuce = ~2 gm). ",The main source of protein is the chicken (2 oz  grilled chicken breast = ~ 17 gm).,The main source of fat in this meal is the nuts (1/2 oz almonds = ~ 7 gm).  Fat and Calorie content is higher if salad dressing was added.,"The fiber comes from the nuts (1/2 oz almonds = ~ 2 gm), the apple (1/4 of a medium apple = ~1 gm), and the lettuce (2 cups lettuce = ~1 gm). ","The Calories are 40% from protein, 39% from fat, and 21% from carb. Please let us know if salad dressing is added by including it in the description of the meal. ",drink_water
91,1665,3183,not_really,yes,dinner,wed nite fish nite steamed,Wed nite fish nite...steamed,steamed dinner salmon shrimp bro carrot steamed potato,Steamed dinner> Salmon 4shrimp. Broc and carrots steamed potatoes,en,"The goal has not been met, because there is no water in the meal. To meet this goal add water to your meal",18.0,32.0,22.0,6.0,422.0,,,,,,drink_water
91,1665,3361,yes,yes,dinner,sandwich gatorade,1/2 sandwich and Gatorade,water gatorade shrimp salad lettuce tomato rye bread,Water Gatorade shrimp salad lettuce and tomato rye bread,en,"This goal is partially met because there is water in the meal in addition to the gatorade (which is a sugary beverage). To fully meet this goal, keep the water and eliminate the gatorade.",79.0,11.0,17.0,4.0,495.0,na,na,na,na,na,drink_water
91,1665,3034,yes,yes,breakfast,mini thin bagel panda,Mini thin bagel panda j,coffee water.mini thin bagel peanut butter strawberry jelly,Coffee. Water.mini thin bagel peanut butter and strawberry jelly,en,"I see water in the background. Water can be tap or bottled, it counts the same.",32.0,10.0,15.0,4.0,299.0,The bagel is in the carbohydrate category. There is carobhydrates in peanut butter. The jelly is made of sugar which is a carbohydrate.,"The peanut butter has protein, 2 tablespoons peanut butter is a diabetic serving size.","The peanut butter has fat, it is the healthy type of fat.",The fiber is from the peanut butter.,It would be higher if the coffee has sugar and cream.,drink_water
91,1665,3082,yes,yes,lunch,changing ham turkey,Changing ham for turkey,turkey swiss let tomato mayo watercress squeeze juice,"Turkey Swiss let and tomato mayo 
Water. 
8oz fresh squeeze juice",en,"Water can be tap water, tap and bottle are the same thing.",33.0,25.0,7.0,4.0,450.0,"The bread is the main source of carbohydrates, the juice also has carbohydrates.",The turkey and cheese are the main protein sources.,The mayonnaise is the fat source. Cheese and turkey also  have fat. ,The bread and juice both have small amounts of fiber.,"1 cup of juice is 120 calories. Even though it is fresh, it is still high in calories.",drink_water
91,1665,3339,yes,yes,afternoon_snack,water yogurt,Water and yogurt,peach yogurt,Peach yogurt,en,This goal is met because water is included in the meal.,13.0,5.0,0.0,0.0,71.0,na,na,na,na,na,drink_water
91,1665,3347,yes,yes,breakfast,cheerio champ,Cheerios for champs...,grain cheerio banana almond milk water coffee,5 grain Cheerios banana almond milk water and coffee.,en,The goal has been met. Great job!,50.0,0.0,2.0,5.0,222.0,,,,,,drink_water
91,1665,3344,yes,yes,dinner,soup sandwich desert,Soup sandwich and desert,water shrimp salad rye lettuce tomato veg noodle soup orange,Water. 1/2shrimp salad on rye lettuce and tomato veg noodle soup orange,en,The goal is met because you have included a bottle of water in the photo. ,49.0,24.0,5.0,7.0,322.0,,,,,,drink_water
91,1665,3398,yes,yes,breakfast,cereal fruit water,"Cereal and fruit
Water",weight control oatmeal nectarine coffee water,Weight control oatmeal nectaarine coffee and water,en,This goal is met because there is water in the meal,59.0,14.0,6.0,3.0,353.0,na,na,na,na,na,drink_water
91,1665,3422,yes,yes,breakfast,brunch turkey swiss avocado lettuce tomato wheat,Brunch 🍀turkey swiss avocado lettuce tomato on wheat,apple cole slaw water,Apple Cole slaw water,en,This goal is met because there is water with the meal.,80.0,24.0,38.0,14.0,742.0,na,na,na,na,na,drink_water
106,1821,3080,not_really,not_really,breakfast,hardboiled egg whole wheat bread ando coffee,"Hard-boiled eggs, whole wheat bread and cup of coffee.",hardboiled egg slice multi grain whole wheat bread oof black coffee espn raw sugar,"2 x hard-boiled eggs, 2 x slices of multi grain whole wheat bread and 12 oz cup of black coffee with 2 x tspn of raw sugar.",en,"This goal is not met because there is no water in the meal. To meet this goal, add a glass of water.",30.0,18.0,13.0,4.0,290.0,na,na,na,na,na,drink_water
106,1821,3724,not_really,not_really,lunch,yellow rice corned beef banana ando black coffee,"Yellow rice with corned beef, banana and cup of black coffee.",yellow rice corned beef banana ando black coffee espn raw sugar,"Yellow rice with corned beef, banana and cup of black coffee with 2 tspn of raw sugar.",en,,70.0,22.0,17.0,3.0,514.0,,,,,,drink_water
106,1821,3739,not_really,not_really,morning_snack,egg cheese roll banana ando coffee,Egg and cheese on a roll. Banana and cup of coffee.,egg cheese roll banana ando black coffee espn sugar,"Egg and cheese on roll, banana and cup of black coffee with 2 tspn of sugar.",en,,68.0,10.0,10.0,4.0,404.0,,,,,,drink_water
106,1821,3153,not_really,not_really,dinner,big mac fry coke,"Big Mac, fries and coke.",big mac med fry med coke,"Big Mac, med. Fries and med. Coke.",en,"This goal is not met because there is no water in the meal. To meet this goal, replace the soda with water.",100.0,29.0,44.0,7.0,1011.0,Total = 147 g,na,na,na,na,drink_water
106,1821,4074,not_really,not_really,lunch,garbanzo pork yellow rice,"Garbanzos with pork, yellow rice.",garbanzo pork yellow rice,Garbanzos with pork and yellow rice.,en,,54.0,38.0,19.0,11.0,532.0,,,,,,drink_water
106,1821,4142,not_really,yes,dinner,meat loaf mashed potato steamed veggie bottle water,"Meat loaf, mashed potatoes and steamed veggies 
 Bottle of water.",meat loaf steamed veggie bottle water,"Meat loaf, steamed veggies and 16 oz bottle of water",en,,31.0,10.0,9.0,5.0,256.0,,,,,,drink_water
106,1821,4285,not_really,not_really,dinner,macaroni/cheese bbq rib glass v,"Macaroni/cheese, BBQ ribs and glass of V8.",macaroni/cheese bbq rib glass v,"Macaroni/cheese, 3 x BBQ ribs and 16 oz glass of V8",en,,81.0,24.0,25.0,2.0,642.0,,,,,,drink_water
106,1821,4316,not_really,not_really,dinner,yellow rice red bean bbq rib glass v,Yellow rice with red beans and BBQ ribs. Glass of V8.,yellow rice red bean apiece bbq rib glass v,Yellow rice with red beans and 1x piece of BBQ ribs. Glass of V8,en,,100.0,11.0,3.0,5.0,480.0,101 g,,,,,drink_water
106,1821,3732,not_really,not_really,dinner,yellow rice bbq rib banana glass v,"Yellow rice and BBQ ribs, banana and glass of V8.",yellow rice bbq rib banana glass v,"Yellow rice and BBQ ribs, banana and 12 oz glass of V8",en,,100.0,24.0,19.0,4.0,650.0,it is about 104,,,,,drink_water
106,1821,3820,not_really,not_really,dinner,general chicken vegetable fried rice glass v,"General Tso chicken, vegetable fried rice and glass of V8",general toss chicken vegetable fried rice dumpling glass v,"General Tso's chicken, vegetable fried rice, 1x dumpling and 12 oz glass of V8",en,na,100.0,22.0,10.0,5.0,730.0,"It is more, it is 130",na,na,na,na,drink_water
106,1821,3836,not_really,not_really,dinner,yellow rice candle bbq rib glass v,Yellow rice with Gandules and BBQ ribs. Glass of V8,yellow rice candle bbq rib glass v,Yellow rice with Gandules and BBQ ribs. 16 oz glass of V8.,en,,100.0,28.0,18.0,3.0,907.0,,,,,,drink_water
106,1821,4055,not_really,not_really,lunch,bowl oatmeal hardboiled egg ando black coffee,"Bowl of oatmeal, hard-boiled eggs and cup of black coffee.",bowl oatmeal hardboiled egg ando black coffee espn raw sugar,"Bowl of oatmeal, 2 x hard-boiled eggs and cup of black coffee with 2 x tspn of raw sugar.",en,,41.0,18.0,13.0,5.0,363.0,,,,,,drink_water
106,1821,3996,not_really,not_really,dinner,split pea soup dogwood sandwich,Split pea soup with Dagwood sandwich.,split pea soup dogwood sandwich,Split pea soup and Dagwood sandwich.,en,,100.0,55.0,37.0,16.0,978.0,TOTAL CARBS = 108 GRAMS,,,,,drink_water
106,1821,4211,not_really,not_really,breakfast,grilled ham & cheese sandwich oof coffee black coffee,Grilled Ham & cheese sandwich and 16 oz cup of coffee black coffee.,grilled ham & cheese sandwich oof black coffee espn raw sugar,Grilled Ham & cheese sandwich and 16 oz cup of black coffee with 2 x tspn of raw sugar.,en,,96.0,44.0,23.0,6.0,792.0,,,,,,drink_water
106,1821,4241,not_really,not_really,dinner,white rice red bean pumpkin spam okra,"White rice, red beans with pumpkin, spam and okra.",white rice red bean pumpkin spam okra,"White rice, red beans with pumpkin, spam and okra.",en,"The goal is not meat because there is no water included in the description or image. To meet your goal, include a glass of water. ",92.0,30.0,30.0,20.0,764.0,,,,,,drink_water
106,1821,3049,not_really,not_really,breakfast,sausage egg cheese rollo black coffee,"Sausage,egg and cheese on a roll. Cup of black coffee.",sausage egg cheese roll oof black coffee,"Sausage, eggs and cheese and a roll. 12 oz cup of black coffee.",en,"The goal is not met because no water is included in the description or the photo. To meet this goal in the future, include a glass of water. ",33.0,22.0,26.0,1.0,461.0,,,,,,drink_water
106,1821,3061,not_really,not_really,dinner,bbq rib mashed potato string bean macaroni salad carrot juice,"BBQ ribs, mashed potatoes, string beans and macaroni salad. Carrot juice.",bbq rib mashed potato string bean macaroni salad glass carrot juice,"BBQ ribs, mashed potatoes, string beans and macaroni salad. 16 oz glass of carrot juice.",en,"This goal is not met because there is no water in the meal. To meet this goal, replace the carrot juice with a water.",100.0,31.0,51.0,10.0,1219.0,TOTAL= 153 g cabs,na,na,na,na,drink_water
106,1821,3126,not_really,not_really,breakfast,egg cheese roll apple black coffee,"Eggs, cheese on a roll. Apple and black coffee.",egg cheese roll apple oof black coffee espn sugar,"Eggs, cheese on a roll, 1 x apple and 12 oz cup of black coffee with 2 tspn of sugar.",en,"This goal is not met because there is no water in this meal. To meet this goal, you could swap out the coffee for water.",62.0,25.0,23.0,4.0,563.0,na,na,na,na,na,drink_water
106,1821,3161,not_really,not_really,breakfast,cream cheese croissant hardboiled egg black coffee,"Cream cheese croissant, hard-boiled egg and black coffee.",cream cheese croissant hardboiled egg oof black coffee espn raw sugar,"Cream cheese croissant, 1 x hard-boiled egg and 16 oz cup of black coffee with 2 x tspn of raw sugar.",en,This goal is not met because there is no water in the meal. To meet this goal you can replace the coffee with water.,72.0,17.0,34.0,4.0,662.0,na,na,na,na,na,drink_water
106,1821,3245,not_really,yes,lunch,yogurt,Yogurt,yogurt,Yogurt,en,No water listed.,30.0,5.0,2.0,0.0,160.0,From website,As listed on nutrition facts panel,1.5g listed on panel,No fiber in yogurt,Listed on panel,drink_water
106,1821,3686,yes,yes,dinner,chicken alfredo bottle water,Chicken Alfredo and bottle of water.,chicken alfredo bottle water,Chicken Alfredo and bottle of water.,en,Water can be tap water tool.,51.0,34.0,28.0,4.0,647.0,na,na,na,na,na,drink_water
106,1821,3708,yes,yes,dinner,ham swiss rap potato salad bottle water,"Ham and Swiss rap, potato salad and bottle of water.",ham/swiss rape small potato salad bottle water,"2 x ham/Swiss rapps, small potato salad and 16 oz bottle of water.",en,na,64.0,32.0,31.0,5.0,718.0,na,na,na,na,na,drink_water
106,1821,3716,yes,yes,afternoon_snack,stuffed shell mixed salad bottle water,"Stuffed shells, mixed salad and bottle of water.",stuffed shell mixed salad bottle water,"Stuffed shells, mixed salad and 16 oz bottle of water.",en,na,82.0,30.0,20.0,7.0,625.0,na,na,na,na,na,drink_water
106,1821,3753,yes,yes,dinner,bbq rib yellow rice mixed salad bottle water,BBQ ribs on yellow rice. Mixed salad and bottle of water.,bbq rib yellow rice candle olive mixed salad baby spinach green cucumber cherry tomato olive oil dressing,"BBQ ribs on yellow rice with Gandules and olives. Mixed salad: baby spinach and greens, cucumber and cherry tomatoes with olive oil dressing.",en,,63.0,23.0,28.0,3.0,623.0,,,,,,drink_water
106,1821,3772,yes,yes,lunch,white rice red bean ham steak onion bottle water,"White rice and red beans with ham, steak and onions. Bottle of water.",white rice red bean steak onion bottle water,"White rice, red beans and steak with onions. 16 oz bottle of water.",en,na,41.0,23.0,7.0,4.0,353.0,na,na,na,na,na,drink_water
106,1821,3975,yes,yes,dinner,chicken taco bottle water,Chicken tacos and bottle of water.,chicken taco pico de gallo avocado bottle water,3 x chicken tacos with Pico de gallo and avocado. 23 oz bottle of water.,en,,60.0,39.0,20.0,3.0,555.0,,,,,,drink_water
106,1821,3700,yes,yes,dinner,yellow rice candle bbq rib mixed salad bottle water,Yellow rice with Gandules and BBQ ribs. Mixed salad and bottle of water.,yellow rice candle bbq rib mixed salad spinach cherry tomato cucumber feta cheese bottle water,"Yellow rice with Gandules and BBQ ribs. Mixed salad: spinach, cherry tomatoes, cucumber and feta cheese. 16 oz bottle of water.",en,na,87.0,21.0,12.0,4.0,667.0,na,na,na,na,na,drink_water
106,1821,4168,yes,yes,lunch,bowl lentil soup ham & cheese whole wheat sandwich bottle water,"Bowl of Lentil soup, ham & cheese on whole wheat sandwich and bottle of water.",bowl lentil soup ham & cheese sandwich bottle water,"Bowl of Lentil soup, 2 x ham & cheese sandwichs and 16 oz bottle of water.",en,,100.0,59.0,16.0,20.0,770.0,TOTAL CARBS = 103 grams,,,,,drink_water
106,1821,4187,yes,yes,dinner,meat loaf mashed potato mixed salad bottle water,"Meat loaf, mashed potatoes, mixed salad and bottle of water.",meat loaf mashed potato mixed salad spinach cucumber pepper cherry tomato avocado bottle water,"Meat loaf, mashed potatoes. Mixed salad: spinach cucumbers, peppers, cherry tomatoes and avocado. 16 oz bottle of water.",en,,67.0,17.0,29.0,10.0,578.0,,,,,,drink_water
106,1821,4203,yes,yes,dinner,noodle meatball mixed salad bottle water,"Noodles and meatballs, mixed salad and bottle of water.",noodle meatball mixed salad mixed green pepper carrot cherry tomato cucumber bottle water,"Noodles and meatballs, mixed salad: mixed greens, peppers, carrots, cherry tomatoes, cucumbers. 16 oz bottle of water.",en,,62.0,28.0,36.0,8.0,657.0,,,,,,drink_water
106,1821,4217,yes,yes,dinner,pasta & meatball mixed salad bottle water,"Pasta & meatballs, mixed salad and bottle of water.",pasta & meatball mixed salad spring green carrot cherry tomato strawberry bottle water,"Pasta & meatballs, mixed salad: spring greens, carrots, cherry tomatoes and strawberry. 16 oz bottle of water.",en,The goal is met because you have included a bottle of water. ,77.0,47.0,52.0,10.0,1237.0,,,,,,drink_water
106,1821,4368,yes,yes,dinner,yellow rice chicken carrots/peppers banana bottle water,"Yellow rice and chicken with carrots/peppers, banana and bottle of water.",yellow rice chicken carrots/peppers.banana bottle water,Yellow rice and chicken carrots/peppers. 1x banana and 16 oz bottle of water.,en,,71.0,31.0,4.0,5.0,439.0,,,,,,drink_water
106,1821,4399,yes,yes,dinner,hearty beef & vegetable soup rim ritz bottle water,"Hearty Beef & vegetables soup, rim of Ritz. Bottle of water.",hearty beef & vegetable soup ritz cracker bottle water,Hearty Beef & vegetable soup. Ritz crackers and 16 oz bottle of water.,en,,49.0,12.0,20.0,3.0,412.0,,,,,,drink_water
106,1821,4422,yes,yes,dinner,yellow rice red bean steak onion mixed salad bottle water,"Yellow rice with red beans, steak with onions, mixed salad and bottle of water.",yellow rice red bean steak onion mixed salad spinach cucumber cherry tomato strawberry bottle water,"Yellow rice with red beans, steak with onions, mixed salad: spinach, cucumber, cherry tomatoes, strawberry. 16 oz bottle of water.",en,,58.0,26.0,4.0,7.0,375.0,,calorieking.com for steak,,,,drink_water
106,1821,4432,yes,yes,dinner,yellow rice red bean chicken cutlet asparagus mixed salad bottle water,"Yellow rice with red beans, chicken cutlets and asparagus. Mixed salad and bottle of water.",yellow rice red bean asparagus chicken cutlet mixed salad spinach carrot cucumber cherry tomato bottle water,"Yellow rice with red beans, asparagus and chicken cutlets. Mixed salad: spinach, carrots, cucumber. Cherry tomatoes. 16 oz bottle of water.",en,,70.0,53.0,8.0,11.0,563.0,,,,,,drink_water
106,1821,4448,yes,yes,afternoon_snack,yogurt bottle water,Yogurt and bottle of water.,oof yogurt bottle water,6 oz cup of yogurt. 16 oz bottle of water.,en,,30.0,5.0,2.0,0.0,170.0,,,,,,drink_water
106,1821,4449,yes,yes,dinner,yellow rice red bean chicken cutlet mixed veggie bottle water,"Yellow rice with red beans, chicken cutlets, mixed veggies and bottle of water.",yellow rice red bean chicken cutlet steamed mixed vegetable carrot broccoli pea bottle water,"Yellow rice with red beans. Chicken cutlets and steamed mixed vegetables: carrots, broccoli, peas and 16 oz bottle of water.",en,,66.0,43.0,7.0,8.0,501.0,,,,,,drink_water
106,1821,4490,yes,yes,dinner,half roast chicken vegetable yellow rice candle olive bottle water,"Half Roast chicken, vegetables, yellow rice with Gandules and olives. Bottle of water.",half roast chicken vegetable yellow rice candle bottle water,"Half Roast chicken, vegetables, yellow rice with Gandules and 16 oz bottle of water.",en,,37.0,88.0,15.0,5.0,646.0,,,,,,drink_water
106,1821,4577,yes,yes,dinner,yellow rice steak/onions avocado red bean pumpkin bottle water,"Yellow rice with steak/onions, avocado and red beans with pumpkin. Bottle of water.",yellow rice red bean pumpkin steak onion avocado bottle water,"Yellow rice with red beans and pumpkin, steak with onions and avocado. 16 oz bottle of water.",en,The goal is met because you included a bottle of water with the meal. ,81.0,77.0,52.0,13.0,1194.0,,,,,,drink_water
106,1821,4598,yes,yes,dinner,yellow rice black bean pork chop avocado bottle water,Yellow rice with black beans and pork chops. Avocado and bottle of water.,yellow rice black bean avocado pork chop bottle water,"Yellow rice with black beans, avocado and pork chops. 16 oz bottle of water.",en,,56.0,39.0,40.0,14.0,718.0,,,,,,drink_water
106,1821,4563,yes,yes,dinner,lasagna garlic knot salad bottle water,"Lasagna, garlic knots, salad, bottle of water.",lasagna garlic knot green salad bottle water,"Lasagna, garlic knots, green salad and bottle of water.",en,The goal is met because a bottle of water is included with the meal. ,95.0,53.0,50.0,10.0,1122.0,,,,,,drink_water
106,1821,4123,yes,yes,dinner,yellow rice red bean steak onion mixed salad bottle water,"Yellow rice with red beans, steak with onions. Mixed salad and bottle of water.",yellow rice red bean steak onion mixed salad spinach cucumber cherry tomato pepper bottle water,"Yellow rice with red beans, steak and onions. Mixed salad: spinach, cucumber, cherry tomatoes and peppers. 16 oz bottle of water.",en,,46.0,30.0,27.0,9.0,553.0,,,,,,drink_water
106,1821,4482,yes,yes,dinner,pepperoni pizza chicken nugget bottle water,"Pepperoni pizza, chicken nuggets and bottle of water.",pepperoni pizza slice chicken nugget bottle water,Pepperoni pizza (2xslices) chicken nuggets and 16 oz bottle of water.,en,,55.0,32.0,39.0,3.0,698.0,,,,,,drink_water
106,1821,4300,yes,yes,dinner,yellow rice/red bean bbq rib mixed salad bottle water,"Yellow rice/red beans, BBQ ribs, mixed salad and bottle of water.",yellow rice red bean piece bbq rib mixed salad cucumber strawberry tomato leafy green bottle water,"Yellow rice with red beans, 2 x pieces of BBQ ribs, mixed salad: cucumber, strawberry, tomatoes and leafy greens. 16 oz bottle of water.",en,,100.0,23.0,6.0,11.0,807.0,155 g,,,,,drink_water
106,1821,3041,yes,yes,dinner,bbq rib mashed potato string bean bottle water,"BBq ribs, mashed potatoes and string beans. Bottle of water.",bbq rib mashed potato string bean bottle water,"BBq ribs, mashed potatoes and string beans. 16 oz bottle of water.",en,This goal is met because water was drank during the meal.,77.0,24.0,26.0,8.0,636.0,na,na,na,na,na,drink_water
106,1821,3084,yes,yes,lunch,ox tail yellow rice red bean lettuce tomato salad avocado bottle water,"Ox tail, yellow rice, red beans, lettuce and tomato salad with avocado. Bottle of water.",ox tail yellow rice bean lettuce tomato avocado salad bottle water,"Ox tail, yellow rice and beans, lettuce and tomato with avocado salad. 33 oz bottle of water.",en,"The goal is met, as water is included in this meal.",80.0,33.0,21.0,8.0,652.0,Source for oxtail: Choose Your Foods booklet--beef,,,,,drink_water
106,1821,3113,yes,yes,dinner,sausage pepper onion hero bottle water,"Sausage, peppers and onions hero. Bottle of water.",sausage pepper onion hero bottle water,"Sausage, peppers and onions hero. 33 oz bottle of water.",en,"This meal meets this goal, as water is included.",72.0,33.0,38.0,6.0,797.0,,,,,,drink_water
106,1821,3189,yes,yes,lunch,pepper steak cheese lettuce tomato bottle water,Pepper steak with cheese lettuce and tomato. Bottle of water,pepper steak cheese lettuce tomato bottle water,Pepper steak and cheese lettuce and tomato. 33 oz bottle of water.,en,"The meal meets this goal, as water is included.",70.0,31.0,35.0,4.0,711.0,,,,,,drink_water
106,1821,3207,yes,yes,dinner,yellow rice bean sausage pepper steamed okra bottle water,"Yellow rice and beans, sausage and peppers and steamed okra. Bottle of water.",yellow rice red bean sausage pepper steamed okra bottle water,"Yellow rice and red beans, sausage and peppers and steamed okra. 16 oz bottle of water.",en,This goal was met because water was included in this meal.,92.0,26.0,41.0,10.0,860.0,,,,,,drink_water
106,1821,3179,yes,yes,dinner,yellow rice red bean bbq rib mixed salad bottle water,"Yellow rice with red beans, BBQ ribs, mixed salad and bottle of water",yellow rice red bean bbq rib mixed salad cucumber carrot tomato strawberry feta cheese bottle water,"Yellow rice with red beans, BBq ribs, mixed salad: cucumbers, carrots, tomato, strawberry and feta cheese. 16 oz bottle of water.",en,"The goal was met, as water was included with this meal.",100.0,39.0,16.0,14.0,835.0,161 g,,,,,drink_water
106,1821,3234,yes,yes,lunch,salami swiss whole wheat bottle water,Salami and Swiss on whole wheat and bottle of water.,salami swiss cheese whole wheat bread bottle water,Salami and Swiss cheese on whole wheat bread and 16 oz bottle of water.,en,The goal has been met. Great job!,30.0,17.0,16.0,4.0,334.0,,,,,,drink_water
207,2004,4605,not_really,not_really,breakfast,egg n coffee,Eggs n coffee,egg bean frank small black coffe one splenda,Eggs beans with franks and a small cup of black cofffe one Splenda,en,"The goal has not been met, because there are no fruits in the meal. To meet this goal, add fruits, like apples and bananas to your meal.",12.0,5.0,0.0,6.0,67.0,,,,,,drink_water
207,2004,4591,not_really,not_really,lunch,pop tart,Pop tart,two cinnamon pop tart large coffee milk four splenda,Two cinnamon pop tarts with a large coffee milk four Splenda,en,"The goal has not been met, because there is no water in the meal. To meet this goal add water to your meal.",35.0,2.0,7.0,0.0,213.0,,,,,,drink_water
207,2004,4691,not_really,not_really,dinner,soup n juice,Soup n juice,organic orange andbroccoli cheddar soup au bu pon,Organic 6oz of Orange and 12oz broccoli cheddar soup from au bu pon,en,,39.0,11.0,24.0,3.0,423.0,soup nutrition facts from au bon pain website,,,,,drink_water
207,2004,4551,not_really,not_really,lunch,egg roll,Egg roll,shrimp egg roll two packet fuck sauce n arizona ice tea,Shrimp egg roll with two packets of fuck sauce n Arizona ice tea,en,"The goal has not been met, because there is no water in the meal. To meet this goal add water to your meal. ",65.0,6.0,7.0,1.0,341.0,,,,,,drink_water
207,2004,4589,not_really,not_really,breakfast,sweet milk,Sweet and milk,slice marble pound cake whole milk,Slice of marble pound cake and with 12 oz whole milk,en,"The goal has not been met, because there is no water in the meal. To meet this goal add water to your meal. ",46.0,14.0,20.0,0.0,398.0,,,,,,drink_water
207,2004,4679,not_really,yes,dinner,enchilada,Enchiladas,two corn tortilla cabbage red beet ground beef half boiled egg dice tomato tomato sauce,Two corn tortilla with cabbage red beets with ground beef and a half a boiled egg dice tomato with a tomato sauce,en,,39.0,31.0,13.0,5.0,420.0,,,,,,drink_water
207,2004,4675,yes,yes,breakfast,oz oatmeal,16oz oatmeal,spanish style oatmeal reg milk mix cinnamon n oatmeal water,Spanish style oatmeal 16oz of reg milk mix with cinnamon n oatmeal  With cup of water,en,The goal has been met. Great job!,55.0,20.0,13.0,4.0,412.0,,,,,,drink_water
247,2256,3777,not_really,not_really,dinner,chicken rice red bean avocado,Chicken rice red beans avocado,baked chicken,Baked chicken,en,test,0.0,0.0,0.0,0.0,0.0,test,test,test,test,test,drink_water
247,2256,4116,not_really,yes,breakfast,hash brown turkey bacon egg,Hash browns turkey bacon and a egg.,,,en,I don't see water in the meal.,44.0,20.0,27.0,4.0,490.0,na,na,na,na,na,drink_water
247,2256,4204,not_really,not_really,dinner,noodle corn beef stew anteater,Noddles corn beef stew andwater,,,en,,61.0,19.0,10.0,4.0,411.0,,,,,,drink_water
247,2256,3784,yes,yes,dinner,bean rice salad chicken,Bean rice salad chicken,yellow rice boil chicken toss salad red bean,Yellow rice boil chicken toss salad red beans,en,,82.0,40.0,18.0,20.0,650.0,From rice and beans,"from chicken, rice and beans","from chicken, rice and beans",from rice and beans,"328 from carbs, 160 from protein and 162 from fat.",drink_water
247,2256,3899,yes,yes,lunch,sandwich apple cookie water,Sandwich apple cookie water.,,,en,,100.0,14.0,22.0,3.0,654.0,,,,,,drink_water
247,2256,4099,yes,yes,dinner,noodle carrot broccoli boil chicken,"Noddles,carrots,broccoli,and boil chicken.",,,en,I see a glass of water in the background,42.0,14.0,4.0,2.0,305.0,na,na,na,na,na,drink_water
247,2256,4114,yes,yes,dinner,yellow rice salad chicken water,"Yellow rice,salad,b,b chicken and water.",dressing thousand island,"Dressing,thousand island.",en,Water can be regular tap water or bottled water.,43.0,28.0,4.0,1.0,312.0, na,na,na,na,na,drink_water
247,2256,4263,yes,yes,breakfast,one egg sausage toast water,One egg sausage and toast and water,,,en,,15.0,24.0,16.0,0.0,300.0,,,,,,drink_water
423,2392,5382,not_really,yes,lunch,salmon salad rice,"Salmon, salad and rice",one portion salmon salad tomato grape tomato mushroom onion dressing pickle donewith rice chicken,"One portion of salmon and salad with tomato, grape tomatoes, mushrooms, onions, dressing, pickles.
One cup with rice with chicken",en,,94.0,46.0,32.0,4.0,832.0,,,,,,drink_water
423,2392,5389,not_really,yes,lunch,rice fried chicken iced coffee,Rice with fried Chicken and iced coffee,oneof rice piece fried chicken plain iced coffee % fat milk,"One cup of rice with 5 pieces of fried chicken with 3 platins, with iced coffee with 2% fat milk.",en,,200.0,43.0,20.0,9.0,1150.0,,,,,,drink_water
423,2392,5384,not_really,yes,dinner,noodle bean potato,Noodles and beans with potatoes,noodle portion bean potato,Noodles and a portion of beans and potatoes.,en,,107.0,15.0,5.0,19.0,340.0,,,,,,drink_water
428,2475,5007,not_really,yes,dinner,chicken pea tomato sauce,Chicken peas tomato sauce,chicken pea tomato sauce,Chicken peas tomato sauce,en,"The goal has not been met, because there is no water mentioned in the meal nor present in the picture. To meet this goal, add water to your meal. ",15.0,23.0,12.0,4.0,264.0,,,,,,drink_water
428,2475,5009,not_really,not_really,after_dinner_snack,apple,Apple,apple,Apple,en,"The goal has not been met, because there is no water mentioned in the meal nor present in the picture. To meet this goal, add water to your meal. ",15.0,0.0,0.0,3.0,60.0,,,,,,drink_water
428,2475,5006,not_really,yes,dinner,salad,Salad.,lettuce tomato onion,Lettuce. Tomatoes onions,en,"El objetivo no se ha cumplido, porque en la foto no hay una botella de agua, ni tampoco se menciona en la descripcion. Para cumplir este objetivo, opte por tomar agua.",7.0,3.0,0.0,2.0,72.0,,,,,,drink_water
428,2475,5008,not_really,yes,dinner,chicken pea tomato sauce,Chicken peas tomato sauce,chicken pea tomato sauce,Chicken peas tomato sauce,en,"The goal has not been met, because there is no water mentioned in the meal nor present in the picture. To meet this goal, add water to your meal. ",15.0,24.0,12.0,3.0,255.0,,,,,,drink_water
428,2475,5019,not_really,yes,lunch,slice cheese grape pineapple cracker,Slice cheese. Grapes. Pineapple. Cracker,small plate,Small plate,en,,27.0,6.0,7.0,3.0,188.0,,,,,,drink_water
428,2475,5021,not_really,yes,dinner,chicken garbanzo salad,Chicken and garbanzo salad,chicken pepper onion garlic garbanzo onion pepper garlic,Chicken pepper onions garlic. Garbanzo onions pepper garlic.,en,,20.0,31.0,5.0,4.0,246.0,,,,,,drink_water
428,2475,5029,not_really,yes,lunch,chicken small apple baby bel,3 oz chicken 1 small apple 1 baby bel,see,See above,en,,25.0,30.0,9.0,4.0,291.0,,,,,,drink_water
428,2475,5033,not_really,yes,dinner,steak,Steak,skirt steak brussel sprout one slice low carb bread,Skirt steak brussel sprouts one slice low carb bread,en,,15.0,28.0,28.0,3.0,449.0,,,,,,drink_water
428,2475,5042,not_really,yes,dinner,steak,Steak,steak strip tomato sauteed onion fajita,Steak strips tomatoes sauteed onions fajita,en,,28.0,39.0,21.0,2.0,452.0,,,,,,drink_water
428,2475,5050,not_really,yes,dinner,salad,Salad at moes,lettuce steak chicken chunk,Lettuce steak and chicken chunks,en,,1.0,34.0,6.0,0.0,190.0,,,,,,drink_water
428,2475,5053,not_really,yes,breakfast,glucerna,Glucerna,small green apple glucerna oz,Small green apple and glucerna 8oz,en,,41.0,15.0,8.0,9.0,275.0,,,,,,drink_water
428,2475,5085,not_really,yes,lunch,han cheese,Han and cheese,low sodium ham cheese low carb popcorn cake,Low sodium ham cheese and low carb popcorn cake,en,,9.0,15.0,6.0,0.0,150.0,,,,,,drink_water
428,2475,5095,not_really,yes,lunch,low sodium ham cheese,Low sodium ham and cheese,oz ham baby bel cheese low carb popcorn cake strawberry,4oz ham baby bel cheese low carb popcorn cake strawberries,en,,19.0,32.0,16.0,3.0,351.0,,,,,,drink_water
428,2475,5101,not_really,yes,dinner,spinach lasagna noodle,Spinach 'lasagna' NO NOODLES,spinach swiss cheese onion pepper oz,Spinach swiss cheese onions and peppers. 12oz,en,,22.0,18.0,31.0,6.0,437.0,,,,,,drink_water
428,2475,5112,not_really,yes,dinner,garlic chicken,Garlic chicken,chicken cabbage,Chicken and cabbage,en,,1.0,33.0,4.0,0.0,171.0,,,,,,drink_water
428,2475,5115,not_really,yes,breakfast,ham egg,Ham and egg,egg thin slice low sodium ham,1 egg 3 thin slices low sodium ham,en,,3.0,15.0,10.0,1.0,170.0,,,,,,drink_water
428,2475,5121,not_really,yes,lunch,spinach,Spinach,spinach leftover one hot dog bun,Spinach leftovers and one hot dog no bun,en,,7.0,15.0,26.0,1.0,325.0,,,,,,drink_water
428,2475,5242,not_really,yes,lunch,shrimp cabbage stir fry,Shrimp cabbage stir fry,cabbage shrimp stir fry oz small apple,1 cup cabbage and shrimp stir fry. 12 oz. Small apple.,en,,20.0,9.0,7.0,4.0,201.0,,,,,,drink_water
428,2475,5123,not_really,yes,dinner,chicken spinach,Chicken and spinach,garlic chicken spinach,Garlicky chicken spinach,en,"The goal has not been met, because there is no water mentioned in the meal nor present in the picture. To meet this goal, add water to your meal. ",2.0,15.0,2.0,2.0,109.0,,,,,,drink_water
428,2475,5126,not_really,yes,breakfast,strawberry smoothie,Strawberry smoothie,strawberriesskim milk protein powder smoothie,Strawberries 6oz skim milk protein powder smoothie,en,"It is great that you are having a smoothie with strawberries, they are very healthy. However, this specific goal has not been met, because there is no water in the picture nor shown in the description. To meet this goal, add water to your smoothie",31.0,36.0,1.0,7.0,292.0,,,,,,drink_water
428,2475,5150,not_really,yes,lunch,caesar salad shrimp,Caesar salad with shrimp,crouton light citrus dressing,No croutons. Light citrus dressing,en,,9.0,17.0,13.0,0.0,222.0,,,,,,drink_water
428,2475,5160,not_really,yes,dinner,spinach crepe,Spinach crepe,low carb crepe,Low carb crepe,en,,22.0,11.0,9.0,2.0,206.0,,,,,,drink_water
428,2475,5166,not_really,yes,lunch,spinach crepe,Spinach crepe,light low carb crepe spinach tomato sauce parmesan cheese,Light low carb crepe with spinach tomato sauce and parmesan cheese,en,,24.0,13.0,10.0,2.0,242.0,,,,,,drink_water
428,2475,5177,not_really,yes,lunch,apple cheese slice ham,Apple cheese 1 slice ham,low sodium ham baby bell small apple,Low sodium ham 1 baby bell and small apple,en,,25.0,11.0,12.0,4.0,245.0,,,,,,drink_water
428,2475,5179,not_really,yes,dinner,pork rib,Pork ribs,rib tomato green bean,Ribs tomato and green beans,en,,14.0,19.0,15.0,3.0,269.0,,,,,,drink_water
428,2475,5169,not_really,yes,dinner,steak,Steak,steak salad brussel sprout,Steak salad brussel sprouts,en,,11.0,24.0,17.0,4.0,284.0,,,,,,drink_water
428,2475,5186,not_really,yes,dinner,steak,Steak,steak beet pepper oz,Steak beets peppers 12 oz,en,,6.0,33.0,8.0,1.0,231.0,,,,,,drink_water
428,2475,5191,not_really,yes,lunch,ham cheese,Ham and cheese,low sodium ham baby bell,Low sodium ham and baby bell,en,,6.0,20.0,9.0,0.0,175.0,,,,,,drink_water
428,2475,5195,not_really,yes,breakfast,glucerna,Glucerna,oz water,8oz and 12 oz water,en,,16.0,20.0,9.0,4.0,180.0,,,,,Nutrition info retrieved from: https://abbottnutrition.com/glucerna-shake,drink_water
428,2475,5341,not_really,yes,lunch,chicken cabbage,Chicken and cabbage,left over last nite,Left overs from last nite,en,,2.0,25.0,3.0,0.0,132.0,,,,,,drink_water
428,2475,5352,not_really,yes,breakfast,glucerna,Glucerna,g protein g carbs,10g protein 16g carbs...,en,,16.0,10.0,9.0,4.0,180.0,Nutrition facts from https://glucerna.com/nutrition-products/glucerna-shakes-rich-chocolate,,,,,drink_water
428,2475,5305,not_really,yes,dinner,pasta,Pasta!!!!,dreamfields pasta meat sauce lot fresh tomato,Dreamfields pasta and meat sauce...lots of fresh tomatoes,en,,39.0,15.0,11.0,1.0,318.0,,,,,,drink_water
428,2475,5322,not_really,yes,lunch,caesar salad chicken door zero apple,Caesar salad with chicken Nd 16oz coor zero apple,wasa caesar salad,Wawa caesar salad,en,,27.0,37.0,38.0,4.0,610.0,Nutrition facts from https://m.nutritionix.com/wawa/nutrition-calculator/premium/?_ga=2.86299224.115643452.1535038806-139096630.1535038806#labelPage,,,,,drink_water
428,2475,5380,not_really,yes,breakfast,glucerna,Glucerna,glucerna apple water,Glucerna apple and water,en,,51.0,10.0,5.0,3.0,319.0,,,,,,drink_water
428,2475,5397,not_really,yes,dinner,tuna,Tuna,tuna green bean egg,Tuna green beans eggs,en,,2.0,32.0,10.0,1.0,236.0,,,,,,drink_water
428,2475,5420,not_really,yes,dinner,steak,Steak,steak onion tomato,Steak onions and tomatoes,en,,9.0,41.0,15.0,3.0,335.0,,,,,,drink_water
428,2475,5387,not_really,yes,lunch,spinach frittata,Spinach frittata,spinach strawberry,Spinach and strawberries,en,I don't see any drink in the picture.,8.0,10.0,14.0,3.0,349.0,,,,,,drink_water
428,2475,5390,not_really,yes,dinner,steak,Steak,center cut sirloin asparagus side salad,"Center cut sirloin, asparagus and side salad",en,I don't see water in the meal.,7.0,52.0,36.0,4.0,598.0,The carbohydrates are from the vegetables. Meat doesn't have carbohydrates.,The meat is the source of protein.,The meat has fat. I assume the salad had dressing and salad dressing is considered a fat serving.,The fiber is in the vegetables.,Based on 6 ounces of meat and 2 tablespoons of salad dressing.,drink_water
428,2475,5433,not_really,yes,lunch,grilled chicken,grilled chicken,chick filet grilled chicken sandwich whole wheat bread diet soda,Chick filet grilled chicken sandwich. Whole wheat bread. Diet soda,en,,36.0,29.0,6.0,3.0,310.0,Nutrition facts from https://www.chick-fil-a.com/Menu-Items/Grilled-Chicken-Sandwich#,,,,,drink_water
428,2475,5451,not_really,yes,lunch,steak leftover,Steak leftovers,steak beet cabbage onion,Steak beets cabbage onions,en,,5.0,15.0,4.0,2.0,125.0,,,,,,drink_water
428,2475,5454,not_really,yes,dinner,quiche salad,Quiche and salad,quiche lorraine trader joe g carb serving cabbage salad small apple dessert,Quiche lorraine trader joe...11g carb serving. Cabbage salad. Small apple dessert.,en,,32.0,9.0,18.0,3.0,316.0,,,,,,drink_water
428,2475,5462,not_really,yes,dinner,brussel sprout shrimp,Brussel sprouts and shrimp,shrimp garlic paprika sauce brussels sprout,Shrimp in garlic paprika sauce. Brussels sprouts,en,,5.0,12.0,8.0,2.0,145.0,,,,,,drink_water
428,2475,5484,not_really,yes,dinner,chicken veggie,Chicken and veggies,brussel sprout tomato onion,Brussel sprouts tomato and onions,en,,16.0,31.0,3.0,6.0,216.0,,,,,,drink_water
428,2475,5500,not_really,yes,lunch,brussels sprout chicken,Brussels sprouts and chicken,brussels sprout chicken leftover,Brussels sprouts and chicken leftovers..,en,,6.0,6.0,2.0,2.0,72.0,,,,,,drink_water
428,2475,5508,not_really,yes,dinner,pork cabbage,Pork and cabbage,broiled pork sauteed cabbage plus jello,Broiled pork and sauteed cabbage. Plus jello,en,,7.0,33.0,24.0,1.0,372.0,,,,,,drink_water
428,2475,5518,not_really,yes,dinner,brown rice sardine,Brown rice and sardines,brown fried rice,Brown fried rice,en,,37.0,19.0,14.0,4.0,351.0,,,,,,drink_water
428,2475,5521,not_really,yes,lunch,steak salad fry,Steak and salad with fries,peruvian style,Peruvian style,en,,13.0,51.0,18.0,0.0,419.0,,,,,,drink_water
428,2475,5082,yes,yes,breakfast,egg fruit,Egg and fruit,egg half mini bagel small plum water,egg half mini bagel small plums water.,en,,22.0,15.0,11.0,2.0,243.0,,,,,,drink_water
428,2475,5092,yes,yes,breakfast,bacon egg,Bacon eggs,bacon egg oz,Bacon eggs 12 oz,en,,1.0,15.0,50.0,0.0,498.0,,,,,,drink_water
428,2475,5057,yes,yes,lunch,beet ham salad,Beet and ham salad,slice ham swiss cheese beet green apple alwayswater,4 slices ham 3 swiss cheese beets and green apple...as always 8oz water,en,,44.0,46.0,28.0,6.0,573.0,,,,,,drink_water
428,2475,5071,yes,yes,breakfast,egg,Egg,egg bread slice apple water,Egg bread slice apple 16 oz water,en,,39.0,8.0,7.0,4.0,247.0,,,,,,drink_water
428,2475,5074,yes,yes,lunch,fish salad,Fish and salad,broiled flounder salad anteater peach,Brolied flounder salad and 16oz water. Peach.,en,,18.0,20.0,2.0,2.0,179.0,,,,,,drink_water
428,2475,5080,yes,yes,dinner,steak,Steak,skirt steak onion salad oz,Skirt steak with onions and salad. 16 oz,en,,3.0,17.0,6.0,0.0,132.0,,,,,,drink_water
428,2475,5089,yes,yes,dinner,steak veggie,Steak and veggies,skirt steak cabbage carrot pepper onion blend.water,Skirt steak. Cabbage carrots peppers and onions blend. 12oz water,en,,12.0,24.0,8.0,3.0,222.0,,,,,,drink_water
428,2475,5103,yes,yes,breakfast,glucerna,Glucerna,glucerna,Glucerna,en,,18.0,7.0,5.0,3.0,141.0,,,,,Nutrition info retrieved from: https://glucerna.com/nutrition-products/glucerna-snack-shakes-rich-chocolate,drink_water
428,2475,5139,yes,yes,lunch,salad ham chip apple,Salad and ham chips and apple,water,12 oz water too,en,,43.0,8.0,11.0,5.0,284.0,,,,,,drink_water
428,2475,5148,yes,yes,breakfast,glucerna,Glucerna,plus water small apple,Plus 12 oz water and small apple,en,,41.0,15.0,8.0,9.0,274.0,,,,,,drink_water
428,2475,5153,yes,yes,dinner,spinach crepe,Spinach crepes,turkey water,Turkey and 12 oz water,en,,22.0,27.0,15.0,2.0,319.0,,,,,,drink_water
428,2475,5159,yes,yes,lunch,chicken lettuce,Chicken and lettuce,light balsamic dressing,Light balsamic dressing,en,,10.0,55.0,9.0,2.0,335.0,,,,,,drink_water
428,2475,5157,yes,yes,breakfast,glucerna,Glucerna,glucerna anteater,glucerna and 12oz water,en,,16.0,10.0,9.0,4.0,180.0,,,,,,drink_water
428,2475,5164,yes,yes,breakfast,glucerna,Glucerna,glucerna water,Glucerna and 12 oz water,en,,16.0,10.0,9.0,4.0,180.0,,,,,,drink_water
428,2475,5174,yes,yes,breakfast,flag egg water,Flagel and egg 12 oz water,think bagel scrambled egg,Think bagel with scrambled egg,en,,25.0,10.0,6.0,4.0,180.0,,,,,,drink_water
428,2475,5142,yes,yes,dinner,steak,Steak,skirt steak tomato cabbage water,Skirt steak tomato and cabbage. 12 oz water,en,,8.0,22.0,8.0,1.0,189.0,,,,,,drink_water
428,2475,5247,yes,yes,dinner,steak,Steak,steak tomato onion,Steak tomatoes onions,en,,2.0,22.0,15.0,2.0,246.0,,,,,,drink_water
428,2475,5189,yes,yes,breakfast,glucerna water,Glucerna and 12 oz water,go breakfast option,Go to breakfast option,en,,16.0,15.0,8.0,5.0,180.0,,,,,,drink_water
428,2475,5184,yes,yes,lunch,hamburger,Hamburger,half bun lettuce tomato,Half the bun...lettuce and tomato,en,,10.0,22.0,20.0,1.0,302.0,,,,,,drink_water
428,2475,5199,yes,yes,lunch,veal,Veal,veal saltimboca brussel sprout,Veal saltimboca and Brussel sprouts,en,A bottle of water is shown in the photo.,27.0,34.0,51.0,8.0,669.0,,,,,Nutrition inför retrieved from: https://www.calorieking.com,drink_water
428,2475,5205,yes,yes,breakfast,glucerna,Glucerna,usual glucerna + water,The usual: glucerna + 12 oz water,en,Water is included in the description.,16.0,20.0,9.0,4.0,180.0,,,,,Nutrition info retrieved from: https://abbottnutrition.com/glucerna-shake,drink_water
428,2475,5208,yes,yes,lunch,chicken caesar,Chicken casear,crouton,No croutons,en,,8.0,10.0,25.0,2.0,295.0,,,,,,drink_water
428,2475,5213,yes,yes,dinner,spinach frittata,Spinach frittata,spinach caesar salad chicken pear water,Spinach caesar salad with chicken and pear...12 oz water,en,,32.0,18.0,23.0,7.0,396.0,,,,,,drink_water
428,2475,5226,yes,yes,breakfast,glucerna,Glucerna,g protein water,10g protein. 12 oz water.,en,,16.0,20.0,9.0,4.0,180.0,,,,,,drink_water
428,2475,5222,yes,yes,dinner,shrimp stir fry,Shrimp stir fry,spinach frittata shrimp cabbage/carrots stir fry water,"Spinach frittata, shrimp and cabbage/carrots stir fry. 16 oz water",en,,8.0,29.0,21.0,3.0,337.0,,,,,,drink_water
428,2475,5231,yes,yes,lunch,spinach,Spinach,spinach frittata apple oz,Spinach frittata apple and 16 oz,en,Water can be tap or bottled.,27.0,16.0,33.0,1.0,454.0,,,,,,drink_water
428,2475,5216,yes,yes,breakfast,glucerna,Glucerna,gkucerna water,Gkucerna and 12 oz water,en,,16.0,20.0,9.0,4.0,180.0,,,,,Nutrition info retrieved from: https://abbottnutrition.com/glucerna-shake,drink_water
428,2475,5202,yes,yes,dinner,spinach frittata veggie,Spinach frittata and veggies,spinach egg light mozzarella cheese tomato cabbage etc,Spinach eggs light mozzarella cheese tomatoes cabbage etc,en,A bottle of water is shown in the photo. ,16.0,16.0,23.0,5.0,319.0,,,,,,drink_water
428,2475,5262,yes,yes,dinner,caesar chicken,Caesar with chicken,half caesar salad paper apple pt water,Half Caesar salad at panera with apple and 1 pt water,en,,33.0,17.0,14.0,5.0,315.0,Chicken Caesar salad nutrition facts from https://www.panerabread.com/content/dam/panerabread/documents/nutrition/Panera-Nutrition.pdf,,,,,drink_water
428,2475,5257,yes,yes,lunch,stir fry shrimp,Stir fry shrimp,stir fry shrimp cabbage sauteed onion water apple sauce,Stir fry shrimp and cabbage sauteed onions. Water and apple sauce.,en,,56.0,24.0,7.0,12.0,379.0,,,,,,drink_water
428,2475,5287,yes,yes,lunch,chicken,Chicken,chicken cabbage unsweetened applesauce minute ago water,Chicken and cabbage. Unsweetened applesauce 30 minutes ago. 12 oz water,en,,26.0,25.0,3.0,2.0,232.0,,,,,,drink_water
428,2475,5308,yes,yes,breakfast,glucerna,Glucerna,pluswater strawberry,Plus 12oz water and strawberries,en,,27.0,10.0,7.0,5.0,222.0,,,,,,drink_water
428,2475,5324,yes,yes,breakfast,glucerna,Glucerna,plus water strawberry,Plus 12 oz water...strawberries,en,,28.0,15.0,8.0,9.0,232.0,,,,,,drink_water
428,2475,5333,yes,yes,dinner,chicken,Chicken,chicken cabbage pepper onion,Chicken and cabbage and peppers and onions,en,,3.0,42.0,5.0,0.0,223.0,,,,,,drink_water
428,2475,5292,yes,yes,breakfast,glucerna,Glucerna,glucerna small apple water,Glucerna small apple and 12 oz water,en,,41.0,15.0,8.0,9.0,275.0,Glucerna nutrition facts from https://glucerna.com/,,,,,drink_water
428,2475,5347,yes,yes,dinner,shrimp insulate bertuccis,Shrimp insalata Bertuccis,shrimp lettuce water,Shrimp lettuce 20 oz water,en,,2.0,22.0,0.0,0.0,94.0,,,,,,drink_water
428,2475,5328,yes,yes,lunch,hotdog,Hotdogs,low fat hot dog onion sauce small ask ox water,Low fat hot dog with onion sauce. Small apk. 16 ox water,en,,6.0,8.0,5.0,2.0,103.0,,,,,,drink_water
428,2475,5359,yes,yes,dinner,burger spinach,burger and spinach,burger spinach onion,Burger spinach onions,en,,9.0,23.0,24.0,1.0,335.0,,,,,,drink_water
428,2475,5234,yes,yes,dinner,salad,Moes salad,lettuce onion pepper chicken steak chip,Lettuce onions peppers chicken steak...7 chips...,en,There looks like a bottle of water in the background.,30.0,35.0,35.0,6.0,709.0,The chips are the main source of carbohydrates.,The meat an chicken are the sources of protein.,The fat is from the oil in the chips and the meat and chicken and sour cream,Vegetables have fiber.,This is based on a taco bell taco salad with not shell and 7 chips.,drink_water
428,2475,5251,yes,yes,breakfast,glucerna,Glucerna,glucerna apple water,Glucerna apple and 12 oz water,en,,42.0,10.0,7.0,5.0,261.0,,,,,,drink_water
428,2475,5379,yes,yes,breakfast,glucerna,Glucerna,glucerna apple water,Glucerna apple and water,en,,42.0,10.0,7.0,5.0,260.0,,,,,,drink_water
428,2475,5393,yes,yes,breakfast,glucerna,Glucerna,plus water,Plus 16 oz water,en,,16.0,10.0,9.0,4.0,180.0,Nutrition facts from https://glucerna.com/nutrition-products/glucerna-shakes-rich-chocolate,,,,,drink_water
428,2475,5402,yes,yes,breakfast,glucerna,Glucerna,pluswater small apple,Plus 12oz water. Small apple,en,,41.0,10.0,9.0,8.0,275.0,Glucerna nutrition facts from https://glucerna.com/nutrition-products/glucerna-shakes-rich-chocolate,,,,,drink_water
428,2475,5405,yes,yes,lunch,caesar salad chicken,Caesar salad with chicken,paper caesar salad half water small apple,Panera caesar salad half and 16  oz water and small apple,en,,33.0,17.0,14.0,5.0,315.0,,,,,,drink_water
428,2475,5410,yes,yes,breakfast,glucerna,Glucerna,plus water small apple,Plus 12 oz water and small apple,en,,41.0,10.0,9.0,8.0,275.0,Glucerna nutrition facts from https://glucerna.com/nutrition-products/glucerna-shakes-rich-chocolate,,,,,drink_water
428,2475,5415,yes,yes,lunch,cheese han wrap,Cheese and han wraps,plus skinny pop tart apple water,Plus skinny pop tarts. Apple and water,en,,65.0,19.0,22.0,6.0,527.0,,,,,,drink_water
428,2475,5424,yes,yes,breakfast,glucerna,Glucerna,glucerna plus water plus small apple,Glucerna plus water plus small apple,en,,41.0,10.0,9.0,8.0,275.0,Glucerna nutrition facts from https://glucerna.com/nutrition-products/glucerna-shakes-rich-chocolate,,,,,drink_water
428,2475,5274,yes,yes,dinner,steak veggie,Steak veggies,skirt steak cabbage,Skirt steak and cabbage,en,,8.0,32.0,12.0,0.0,266.0,,,,,,drink_water
428,2475,5372,yes,yes,dinner,spinach frittata,Spinach fritatta,spinach water small apple,Spinach and water and small apple,en,,20.0,4.0,1.0,4.0,149.0,,,,,,drink_water
428,2475,5429,yes,yes,breakfast,glucerna,Glucerna,plus small apple water,Plus small apple and 12 oz water,en,,41.0,10.0,9.0,8.0,275.0,Glucerna nutrition facts from https://glucerna.com/nutrition-products/glucerna-shakes-rich-chocolate,,,,,drink_water
428,2475,5432,yes,yes,breakfast,glucerna,Glucerna,plus water,Plus 12 oz water,en,,16.0,15.0,8.0,5.0,180.0,Nutrition facts from https://glucerna.com/nutrition-products/glucerna-hunger-smart-shakes-rich-chocolate,,,,,drink_water
428,2475,5435,yes,yes,dinner,grille chicken,Grilles chicken,onion tomato apple pluswater,With onions and tomatoes. And apple. Plus 16oz water,en,,33.0,26.0,6.0,6.0,276.0,,,,,,drink_water
428,2475,5448,yes,yes,dinner,steak,Steak,skirt steak beet onion cabbage salad plus tomato water,Skirt steak with beets onions and cabbage salad plus tomatoes and water,en,,4.0,11.0,7.0,3.0,161.0,,,,,,drink_water
428,2475,5449,yes,yes,breakfast,glucerna,Glucerna,glucerna plus water strawberry,Glucerna plus 16 oz water and strawberries,en,,42.0,10.0,7.0,7.0,259.0,,,,,,drink_water
428,2475,5463,yes,yes,breakfast,glucerna,Glucerna,plus water strawberry,Plus water and strawberries,en,,26.0,10.0,7.0,3.0,204.0,,,,,,drink_water
428,2475,5469,yes,yes,lunch,breakfast lunch,Breakfast for lunch,egg bacon strawberry water,Eggs bacon. Strawberry and water,en,,3.0,18.0,40.0,1.0,433.0,,,,,,drink_water
428,2475,5469,yes,yes,lunch,breakfast lunch,Breakfast for lunch,egg bacon strawberry water,Eggs bacon. Strawberry and water,en,,3.0,18.0,40.0,1.0,433.0,,,,,,drink_water
428,2475,5472,yes,yes,dinner,chicken caesar,Chicken caesar,outback restaurant chicken caesar water,Outback restaurant chicken caesar. Water.,en,,23.0,41.0,37.0,10.0,580.0,Nutrition facts from https://az727346.vo.msecnd.net/content/images/OBS_Full_Nutrition_Information_Core_Menu_Items.pdf,,,,,drink_water
428,2475,5479,yes,yes,breakfast,glucerna,Glucerna,plus water strawberry,Plus water and strawberries,en,,19.0,15.0,8.0,6.0,193.0,,,,,,drink_water
428,2475,5480,yes,yes,lunch,brussels sprout,Brussels sprouts,sprout peanut water peach,Sprouts peanuts and water. Peach,en,,54.0,19.0,14.0,16.0,414.0,,,,,,drink_water
428,2475,5486,yes,yes,breakfast,glucerna,Glucerna,glucerna water,Glucerna and water,en,,16.0,15.0,8.0,5.0,180.0,Nutrition facts from https://glucerna.com/,,,,,drink_water
428,2475,5493,yes,yes,dinner,mira steak salad,Mira steak salad,salad steak onion water,Salad steak onions water,en,,5.0,10.0,10.0,3.0,170.0,,,,,,drink_water
428,2475,5498,yes,yes,dinner,glucerna,Glucerna,apple plus water,And apple plus water,en,,41.0,10.0,7.0,5.0,263.0,,,,,,drink_water
428,2475,5504,yes,yes,breakfast,glucerna,Glucerna,small apple water,Small apple and water,en,,42.0,10.0,7.0,5.0,260.0,,,,,,drink_water
428,2475,5509,yes,yes,breakfast,glucerna water,Glucerna and water,g protein oz,15 g protein in 10 oz!,en,,16.0,15.0,8.0,5.0,182.0,,,,,,drink_water
428,2475,5536,yes,yes,breakfast,glucerna,Glucerna,water small apple,Water and small apple,en,,41.0,15.0,8.0,9.0,275.0,,,,,,drink_water
428,2475,5546,yes,yes,breakfast,glucerna,Glucerna,glucerna water strawberry,Glucerna water strawberry,en,,20.0,15.0,8.0,6.0,195.0,,,,,,drink_water
455,2535,5487,not_really,yes,breakfast,egg avocado,Eggs and avocado,hash brown,Hash brown,en,,20.0,15.0,25.0,5.0,357.0,,,,,,drink_water
455,2535,5617,not_really,yes,breakfast,egg spam cotton,Egg spam and I will Cotto,tour three,Tour three,en,,9.0,35.0,68.0,4.0,793.0,,,,,,drink_water
455,2535,5628,not_really,yes,breakfast,cassava egg,Cassava Egg,,To,en,,63.0,13.0,10.0,2.0,384.0,,,,,,drink_water
455,2535,5620,yes,yes,breakfast,spaghetti ground beef water,Spaghetti with ground beef and water,,To,en,,45.0,25.0,15.0,4.0,416.0,,,,,,drink_water
460,2536,5468,not_really,not_really,breakfast,sausage potato salad collard green banana,"Sausage, potato salad, collard greens, banana",potato mayo spice collard green smoked turkey wing banana beef sausage,"Potato, mayo, spices, collard greens, smoked turkey wing, banana 1/2., beef sausage.",en,,31.0,25.0,38.0,5.0,564.0,,,,,,drink_water
460,2536,5470,not_really,yes,morning_snack,wine grape,Wine grapes,grape,Grapes13,en,,11.0,1.0,10.0,3.0,44.0,,,,,,drink_water
460,2536,5471,not_really,yes,lunch,kidney bean left breakfast,"Kidney beans, left over 1/2 of breakfast.",kidney bean banana potato salad collard green,"Kidney beans, 1/2 banana, potato salad, collard greens,",en,,41.0,12.0,6.0,12.0,255.0,,,,,,drink_water
460,2536,5478,not_really,yes,after_dinner_snack,blackberry cheddar cheese shed animal cracker,BlackBerry cheddar cheese sheds animal crackers.,blackberry cracker cheddar cheese shed,BlackBerry crackers cheddar cheese sheds.,en,,20.0,7.0,7.0,5.0,161.0,,,,,,drink_water
460,2536,5476,not_really,yes,after_dinner_snack,watermelon,Watermelon,watermelon,Watermelon,en,,6.0,0.0,0.0,0.0,23.0,,,,,,drink_water
460,2536,5481,not_really,not_really,breakfast,grit egg,Grits and eggs,grit egg beef sausage turkey bacon,"Grits, eggs, beef sausage, turkey bacon.",en,,22.0,33.0,25.0,1.0,436.0,,,,,,drink_water
460,2536,5482,not_really,yes,morning_snack,trail mix,Trail Mix,peanut peanut butter candy raisin,"Peanuts, peanut butter candies, raisins.",en,,18.0,4.0,11.0,1.0,180.0,Nutrition facts from https://www.fooducate.com/app#!page=product&id=53A430CC-6499-53F9-4410-B14268879193,,,,,drink_water
460,2536,5483,not_really,yes,afternoon_snack,fruit bowl,Fruit Bowl,watermelon strawberry rambutan fruit mandarin orange,"Watermelon, strawberries,  rombutan fruit, mandarin orange.",en,,15.0,1.0,0.0,3.0,67.0,,,,,,drink_water
460,2536,5495,not_really,yes,afternoon_snack,trail mix,Trail Mix,peanut raisin peanut butter candy,"Peanut, raisins, peanut butter candies",en,,9.0,4.0,12.0,2.0,153.0,,,,,,drink_water
460,2536,5496,not_really,yes,dinner,fry fruit,Fries and fruit,air fryer fry cat fish mandarin orange,"Air fryer. Fries and cat fish, Mandarin oranges",en,,31.0,16.0,5.0,2.0,225.0,,,,,,drink_water
460,2536,5497,not_really,yes,after_dinner_snack,peanut butter animal cracker,Peanut butter and animal crackers,peanut butter animal cracker,Peanut butter and animal crackers.,en,,27.0,5.0,9.0,1.0,214.0,,,,,,drink_water
460,2536,5501,not_really,yes,afternoon_snack,cereal cheese,Cereal  and cheese,cereal cheddar cheese shed,Cereal and cheddar cheese sheds.,en,,29.0,6.0,6.0,1.0,200.0,,,,,,drink_water
460,2536,5502,not_really,yes,afternoon_snack,pizza,Pizza,crust cheese sauce,Crust cheese sauce,en,,27.0,13.0,13.0,2.0,270.0,,,,,,drink_water
460,2536,5503,not_really,yes,afternoon_snack,cheese cracker,Cheese crackers,box cracker,A box of crackers,en,,200.0,30.0,45.0,10.0,1299.0,210 g,,,,,drink_water
460,2536,5507,not_really,yes,breakfast,sausage bread,Sausage and bread,beef sausage twinkle bread,Beef sausage thinklet  bread,en,,25.0,12.0,12.0,5.0,235.0,,,,,,drink_water
460,2536,5506,not_really,yes,breakfast,trail mix cheddar cheese,Trail Mix and Cheddar cheese.,peanut cranberry chocolate chip sunflower seed almond,Peanuts cranberries chocolate chips sunflower seeds almonds,en,,19.0,8.0,17.0,1.0,250.0,,,,,,drink_water
460,2536,5515,not_really,yes,lunch,sandwich,Sandwich,honey wheat bread crunchy peanut butter strawberry jelly,Honey wheat bread crunchy peanut butter strawberry jelly,en,,44.0,13.0,18.0,4.0,372.0,,,,,,drink_water
460,2536,5516,not_really,yes,dinner,turkey meatball spring roll pilaf rice pea carrot,"Turkey Meatballs,  spring rolls , pilaf rice , peas and carrots",turkey meat ball spring roll rice pilaf pea carrot,"Turkey meat balls, spring rolls, rice pilaf, peas and carrots",en,,59.0,21.0,14.0,5.0,461.0,,,,,,drink_water
460,2536,5517,not_really,yes,afternoon_snack,cheese fruit cracker,Cheese fruit and crackers,animal cracker imitation cheddar cheese avocado watermelon,"Animal crackers, imitation cheddar cheese,  avocado, watermelon",en,,23.0,11.0,18.0,3.0,280.0,,,,,,drink_water
460,2536,5519,not_really,yes,breakfast,sandwich orange,Sandwich and oranges,peanut butter thinker bread mandarin orange,Peanut butter thinker bread and Mandarin oranges.,en,,74.0,16.0,18.0,13.0,466.0,,,,,,drink_water
460,2536,5520,not_really,yes,morning_snack,fruit,Fruit,mandarin orange,Mandarin oranges,en,,44.0,3.0,1.0,6.0,174.0,,,,,,drink_water
460,2536,5522,not_really,yes,lunch,meatball frank rice,"Meatballs, Frank's and rice",turkey meatball rice pilaf pea carrot,"Turkey meatballs, rice pilaf, peas and carrots.",en,,33.0,25.0,37.0,4.0,551.0,,,,,,drink_water
460,2536,5523,not_really,not_really,afternoon_snack,cheese cereal,Cheese  and cereal.,imitation cheddar cheese cold cereal,"Imitation cheddar cheese,  cold cereal.",en,,39.0,6.0,7.0,0.0,230.0,,,,,,drink_water
460,2536,5524,not_really,yes,after_dinner_snack,fruit,Fruit,watermelon,Watermelon,en,,12.0,0.0,0.0,0.0,23.0,,,,,,drink_water
460,2536,5526,not_really,yes,breakfast,peanut butter fruit,Peanut butter and fruit,watermelon thinker bread crunchy peanut butter,"Watermelon,  thinker bread, crunchy peanut butter.",en,,36.0,13.0,17.0,7.0,315.0,,,,,,drink_water
460,2536,5528,not_really,yes,afternoon_snack,cereal cheddar cheese shed,Cereal and cheddar cheese sheds,cold cereal sharp cheddar cheese shed,"Cold cereal,  sharp cheddar cheese sheds.",en,,40.0,10.0,13.0,0.0,300.0,,,,,,drink_water
460,2536,5527,not_really,yes,lunch,cracker cheese,Crackers  and cheese,shredded sharp cheese cheese cracker hot pork sausage,"Shredded sharp cheese,  cheese crackers, hot pork sausage",en,,31.0,26.0,45.0,1.0,620.0,,,,,,drink_water
460,2536,5532,not_really,yes,breakfast,oatmeal,Oatmeal,oatmeal pecan vanilla cheese,"Oatmeal,  pecans, vanilla, cheese",en,,31.0,15.0,27.0,6.0,416.0,,,,,,drink_water
460,2536,5533,not_really,yes,morning_snack,cereal mix,Cereal  mix,honey nut cheerio chocolate chip raisin shredded italian cheese mum,"Honey nut cheerios, chocolate chips, raisins,  shredded Italian cheese mux.",en,,50.0,9.0,12.0,5.0,318.0,Cheerios nutrition facts from https://www.cheerios.com/products/honey-nut-cheerios/,,,,,drink_water
460,2536,5535,not_really,yes,afternoon_snack,mandarin orange,Mandarin oranges,mandarin orange,Mandarin oranges,en,,18.0,0.0,0.0,3.0,69.0,,,,,,drink_water
460,2536,5531,not_really,yes,breakfast,oatmeal,Oatmeal,oatmeal pecan vanilla cheese,"Oatmeal,  pecans, vanilla, cheese",en,,31.0,15.0,27.0,6.0,416.0,,,,,,drink_water
460,2536,5534,not_really,yes,afternoon_snack,cheese cracker,Cheese and crackers,shredded cheese cheese cracker,Shredded cheese  and cheese crackers.,en,,25.0,9.0,17.0,0.0,280.0,,,,,,drink_water
460,2536,5543,not_really,yes,lunch,soup,Soup,pork chicken potato tomato onion garlic corn okra,"Pork, chicken, potato, tomato, onion, garlic,  corn, okra.",en,,15.0,7.0,13.0,4.0,201.0,,,,,,drink_water
460,2536,5544,not_really,yes,dinner,soup,Soup,chicken pork corn tomato okra ravioli potato,"Chicken,  pork, corn, tomato,  okra, ravioli. Potato.",en,,15.0,7.0,13.0,4.0,201.0,,,,,,drink_water
460,2536,5547,not_really,yes,breakfast,cereal cheese,Cereal and cheese,shredded cheese honey nut cheerio pepperoni,"Shredded cheese,  honey nut cheerios,  pepperoni.",en,,30.0,10.0,16.0,3.0,298.0,,,,,,drink_water
460,2536,5550,not_really,yes,lunch,peanut butter sandwich,Peanut butter sandwich.,thin bread churchy peanut butter,"Thin bread, churchy peanut butter.",en,,30.0,13.0,17.0,7.0,292.0,,,,,,drink_water
460,2536,5553,not_really,yes,dinner,soup avocado,"Soup, avocado.",avocado potato pork chicken corn tomato,"Avocado,  potato, pork, chicken,  corn, tomato.",en,,18.0,8.0,18.0,6.0,258.0,,,,,,drink_water
460,2536,5557,not_really,yes,lunch,spring roll soup,Spring rolls and soup,spring roll potato tomato corn pork chicken pasta,"Spring rolls , potato, tomato,  corn, pork, chicken, padta.",en,,27.0,12.0,5.0,4.0,207.0,,,,,,drink_water
460,2536,5562,not_really,yes,dinner,cheese cracker,Cheese  and crackers.,cracker cheese shed macaroni salad,"Crackers and cheese sheds,  macaroni salad.",en,,49.0,12.0,30.0,1.0,496.0,,,,,,drink_water
460,2536,5565,not_really,yes,breakfast,fruit grit,"Fruit, grits.",mandarin orange grit bacon shredded cheddar cheese souse,"Mandarin oranges,  grits, bacon, shredded cheddar cheese,  souse.",en,,82.0,19.0,52.0,5.0,856.0,,,,,,drink_water
460,2536,5567,not_really,yes,lunch,soup fruit cereal,"Soup,fruit and cereal.",mozzarella cheese shed cereal chocolate chip watermelon soup chicken pork potato tomato,"Mozzarella cheese sheds,  cereal, chocolate chips, watermelon,  soup. Chicken, pork, potato,  tomato.",en,There is no drink shown in the picture,38.0,16.0,36.0,10.0,567.0,,,,,,drink_water
460,2536,5569,not_really,yes,afternoon_snack,cheese,Cheese,sharp cheddar cheese shed,Sharp cheddar cheese sheds,en,There is no drink shown.,2.0,14.0,18.0,0.0,201.0,n/a/,,,,,drink_water
460,2536,5571,not_really,not_really,dinner,chicken,Chicken,chicken wing,Chicken wings,en,,11.0,19.0,21.0,0.0,318.0,,,,,,drink_water
460,2536,5573,not_really,yes,breakfast,cheese,Cheese,cheese shredded watermelon chicken wing,"Cheese Shredded, watermelon,  chicken wings.",en,,38.0,25.0,29.0,3.0,496.0,,,,,,drink_water
460,2536,5575,not_really,yes,morning_snack,fruit cake,Fruit and cake,applesauce cake,"Applesauce,  cake",en,,71.0,3.0,12.0,2.0,397.0,,,,,,drink_water
460,2536,5576,not_really,yes,lunch,sausage spring roll,Sausage and spring rolls,pork sausage spring roll,"Pork sausage, spring rolls",en,,20.0,28.0,58.0,1.0,730.0,,,,,,drink_water
460,2536,5578,not_really,yes,breakfast,grit,Grits,grit sausage bacon egg ketchup,"Grits, sausage, bacon, eggs, ketchup.",en,,45.0,44.0,104.0,1.0,1275.0,,,,,,drink_water
460,2536,5579,not_really,yes,morning_snack,fruit,Fruits,watermelon,Watermelon,en,,22.0,2.0,0.0,1.0,86.0,,,,,,drink_water
460,2536,5580,not_really,yes,dinner,soup,Soup,hot sausage chicken pork tomato cornbread pasta,"Hot sausage, chicken, pork,  tomatoes,  cornbread,  pasta.",en,,38.0,48.0,38.0,1.0,681.0,,,,,,drink_water
460,2536,5584,not_really,yes,breakfast,soup cornbread,Soup and cornbread.,cornbread chicken potato tomato pork corn,"Cornbread,  chicken, potato, tomato,  pork, corn.",en,,71.0,42.0,20.0,6.0,624.0,,,,,,drink_water
460,2536,5587,not_really,yes,morning_snack,cracker,Crackers,cheese cracker,Cheese  crackers.,en,,24.0,5.0,11.0,0.0,210.0,,,,,,drink_water
460,2536,5590,not_really,yes,dinner,chicken almond,"Chicken,almond",air fryer chicken wing flour olive oil almond,"Air fryer chicken wings, flour, olive oil, almond.",en,,11.0,19.0,21.0,0.0,318.0,,,,,,drink_water
460,2536,5593,not_really,yes,breakfast,yogurt,Yogurt,strawberry spread whole milk greek yogurt,"Strawberry spread, whole milk Greek yogurt.",en,,29.0,5.0,4.0,1.0,166.0,,,,,,drink_water
460,2536,5597,not_really,yes,lunch,salad,Salad,potato relish lite mayonnaise rhis,"Potato, relish, lite mayonnaise,  rhhs",en,,28.0,7.0,21.0,3.0,358.0,,,,,,drink_water
460,2536,5601,not_really,not_really,breakfast,workshop,Porkchop,pork chop flour hairdryer hot sauce,"Pork chop, glour,in hairdryer with hot sauce.",en,,3.0,17.0,20.0,0.0,253.0,,,,,,drink_water
460,2536,5603,not_really,yes,lunch,watermelon meat,Watermelon  and meat,air fryer workshop watermelon flour olive oil,"Air fryer porkchop,  watermelon,  flour, olive oil.",en,,12.0,54.0,36.0,0.0,596.0,,,,,,drink_water
460,2536,5607,not_really,yes,breakfast,potato salad,Potato salad,potato mayo egg relish,"Potato,  mayo, eggs, relish.",en,,28.0,7.0,21.0,3.0,358.0,,,,,,drink_water
460,2536,5609,not_really,yes,dinner,oatmeal,Oatmeal,oatmeal pecan raisin butter,"Oatmeal with pecans, raisins and butter.",en,,47.0,7.0,33.0,7.0,497.0,,,,,,drink_water
460,2536,5457,yes,yes,morning_snack,water,16 oz water,water,"Water,",en,,0.0,0.0,0.0,0.0,0.0,,,,,,drink_water
538,2675,5673,not_really,yes,afternoon_snack,chicken quesadilla,Chicken quesadillas,chicken pepper cheese,Chicken pepper cheese,en,,56.0,28.0,22.0,4.0,540.0,,,,,,drink_water
538,2675,5676,not_really,yes,lunch,green bean salmon okra lentil,"Green beans, salmon, okras and lentils",marinate olive oil garlic herb,Marínate olive oil garlic and herb,en,,49.0,41.0,11.0,27.0,368.0,,,,,,drink_water
538,2675,5678,not_really,yes,lunch,eggplant salmon,Eggplant and salmón,onion red pepper okra,Onion red peppers okras,en,,14.0,15.0,7.0,7.0,170.0,,,,,,drink_water
538,2675,5680,not_really,yes,dinner,broccoli chicken,Broccoli and chicken,egg rice chicken broccoli,Eggs rice chicken and broccoli,en,There are no drinks shown in the picture.,65.0,30.0,20.0,6.0,670.0,na/,,,,,drink_water
538,2675,5682,not_really,yes,breakfast,burrito egg guacamole,Burrito of egg and guacamole,avocado onion tomato egg cheese,Avocado onions tomato eggs cheese,en,,33.0,19.0,30.0,9.0,450.0,,,,,,drink_water
538,2675,5687,not_really,yes,lunch,spinach salmon,Spinach and salmon,garlic spinach salmon pepper,Garlic spinach salmon peppers,en,,4.0,25.0,14.0,2.0,241.0,,,,,,drink_water
538,2675,5692,not_really,yes,lunch,quinoa chicken wing corn avocado,Quinoa chicken wing and corn avocado,avocado corn quinoa spinach chicken,Avocado corn quinoa spinach chicken,en,,63.0,27.0,42.0,4.0,732.0,,,,,,drink_water
538,2675,5694,not_really,yes,lunch,brown rice broccoli chicken,Brown rice. Broccoli chicken,carrot broccoli brown rice chicken,Carrot broccoli brown rice and chicken,en,I don't see any drinks with the meal.,90.0,18.0,9.0,6.0,557.0,,,,,,drink_water
538,2675,5700,not_really,yes,dinner,egg zucchini,Eggs and zucchini,zucchini egg quinoa,The Zucchini Eggs quinoa,en,,21.0,10.0,9.0,3.0,204.0,,,,,,drink_water
538,2675,5697,not_really,yes,dinner,quinoa chicken,Quinoa and chicken,quinoa chicken squash eggplant fleet seed,Quinoa. Chicken. Squash. Eggplant fleet seed,en,,42.0,23.0,9.0,7.0,329.0,,,,,,drink_water
538,2675,5714,not_really,yes,breakfast,egg bread,Eggs and bread,egg bread shrimp sauce,Eggs. Bread shrimp sauce,en,,40.0,28.0,14.0,6.0,379.0,,,,,,drink_water
538,2675,5716,not_really,yes,lunch,brown rice carrot brussels,Brown rice.  Carrot and Bruselas,oregano olive oil pepper,Oregano  olivo oil and peppers,en,,39.0,7.0,1.0,8.0,187.0,,,,,,drink_water
538,2675,5720,not_really,yes,breakfast,oatmeal,Oatmeal,granola almond bread,Granola almond and bread,en,,78.0,18.0,11.0,8.0,482.0,,,,,,drink_water
538,2675,5725,not_really,yes,breakfast,egg toast,Eggs toast,egg bread tomato avocado,Eggs bread tomates avocado,en,,27.0,18.0,16.0,7.0,314.0,,,,,,drink_water
538,2675,5727,not_really,yes,lunch,egg salad,Eggs salad,tomate avocado bacon cucumber green lettuce,Tomate avocado bacon cucumbers greens lettuce,en,,26.0,17.0,53.0,8.0,624.0,,,,,,drink_water
538,2675,5757,not_really,yes,lunch,quinoa avocado,Quinoa avocado,egg arugula quinoa avocado,Eggs arugula quinoa avocado,en,,8.0,14.0,15.0,3.0,215.0,,,,,,drink_water
538,2675,5763,not_really,yes,breakfast,quinoa zucchini,Quinoa and zucchini,egg tomato zucchini bread onion,Eggs tomatoes zucchini bread and onion,en,,30.0,18.0,18.0,18.0,334.0,,,,,,drink_water
538,2675,5772,not_really,yes,breakfast,orange,Orange,orange,Orange,en,,14.0,1.0,0.0,3.0,59.0,,,,,,drink_water
538,2675,5785,not_really,yes,breakfast,egg whole wheat bread,Eggs and whole wheat bread,salmon cheese egg bread,Salmon. Cheese eggs and bread,en,,18.0,42.0,30.0,2.0,517.0,,,,,,drink_water
538,2675,5803,not_really,yes,lunch,chicken vegetable,Chicken and vegetables,zucchini green cabbage pepper,Zucchini green cabbage peppers,en,,2.0,23.0,12.0,0.0,218.0,,,,,,drink_water
538,2675,5809,not_really,yes,breakfast,banana,Banana,yogurt banana cantaloupe,Yogurt banana and cantaloupe,en,,38.0,8.0,0.0,4.0,180.0,,,,,,drink_water
538,2675,5829,not_really,yes,breakfast,whole wheat pancake,Whole wheat pancakes,blueberry whole cinnamon,Blueberry and whole cinnamon,en,,47.0,6.0,6.0,1.0,260.0,,,,,,drink_water
538,2675,5834,not_really,yes,dinner,mango bist,Mangu and bisté,onion corn cauliflower,Onion  corn coliflower,en,,57.0,35.0,11.0,7.0,461.0,,,,,,drink_water
538,2675,5837,not_really,yes,breakfast,spinach bread,Spinach and bread,red pepper egg spinach bread,Red peppers eggs spinach and bread,en,,27.0,21.0,13.0,5.0,294.0,,,,,,drink_water
538,2675,5840,not_really,yes,lunch,salmon veggie brown rice,Salmon and veggie brown rice,rice platoon edamame salmon,Rice platano edamame salmon,en,,78.0,40.0,21.0,12.0,649.0,,,,,,drink_water
538,2675,5754,not_really,yes,breakfast,mango egg,Mangu and eggs,cheese egg platoon,Cheese eggs and platano,en,,37.0,22.0,22.0,5.0,415.0,,,,,,drink_water
571,2721,6273,not_really,not_really,breakfast,breakfast sandwich,Breakfast sandwhich,roll egg bacon salt pepper ketchup coffee,Roll eggs bacon salt pepper ketchup coffee,en,"Although coffee is made of water, it is not considered a water serving since it has other ingredients.",29.0,17.0,21.0,1.0,371.0,,,,,,drink_water
571,2721,6271,not_really,yes,dinner,portobello mushroom,Portobella mushroom,portobello mushroom whole wheat bread mixed lettuce tomato cucumber onion sunflower seed balsamic vinegar olive oil pamela water,Portobella mushroom whole wheat bread mixed lettuce tomatoes cucumber onion sunflower seed balsamic vinegar olive oil pomella water,en,I couldn't tell what was in the glass.,60.0,19.0,17.0,8.0,452.0,,,,,,drink_water
571,2721,6290,not_really,not_really,breakfast,dunking,Dunkin,sausage egg cheese bagel coffee,Sausage egg and cheese bagel coffee,en,,71.0,29.0,34.0,4.0,701.0,Nutrition facts from https://www.dunkindonuts.com/en/food-drinks/sandwiches-wraps/sausage-egg-cheese,,,,,drink_water
571,2721,6326,not_really,not_really,lunch,cauliflower soup,Cauliflower Soup,cauliflower herb salt pepper,Cauliflower herbs salt and pepper,en,,10.0,7.0,13.0,1.0,191.0,,,,,,drink_water
571,2721,6342,not_really,not_really,morning_snack,bagel dunking,Bagel dunkin,bagel egg sausage cheese pepper ketchup,Bagel egg sausage cheese pepper ketchup,en,,72.0,27.0,33.0,4.0,687.0,,,,,,drink_water
571,2721,6348,not_really,not_really,lunch,chicken,Chicken,grilled chicken breast herb balsamic vinegar,Grilled chicken breast with herbs and balsamic vinegar,en,,0.0,34.0,4.0,0.0,168.0,,,,,,drink_water
571,2721,6363,not_really,not_really,breakfast,wake wrap,Wake up wrap,wrap egg cheese pepper ketchup,Wrap egg cheese pepper ketchup,en,,18.0,7.0,10.0,0.0,192.0,Nutrition facts from https://www.dunkindonuts.com/en/food-drinks/sandwiches-wraps/wake-up-wrap,,,,,drink_water
571,2721,6402,not_really,yes,morning_snack,salad,Salad,spinach tomato dried cranberry unsalted roasted sunflower seed cucumber green olive red onion anchovy light cease dressing water,Spinach tomatoes dried cranberries unsalted roasted sunflower seeds cucumbers green olives red onion anchovies light Ceaser dressing water,en,I didn't see any drink in the picture,38.0,11.0,11.0,7.0,287.0,,,,,,drink_water
571,2721,6405,not_really,yes,lunch,turkey sandwich,Turkey sandwich,turkey whole wheat bread ketchup mustard hot sauce,Turkey whole wheat bread ketchup mustard hot sauce,en,I didn't see any drink in the picture,40.0,20.0,5.0,2.0,312.0,,,,,,drink_water
571,2721,6418,not_really,yes,dinner,salad,Salad,spinach tomato red onion sunflower seed dried cranberry green olive cucumber anchovy water,Spinach tomatoes red onion sunflower seeds dried cranberries green olives cucumber anchovies water,en,I don't see water in this meal.,24.0,3.0,20.0,2.0,278.0,,,,,,drink_water
571,2721,6416,not_really,yes,afternoon_snack,sugar snap pee,Sugar snap pees,sugar snap pee,Sugar snap pees,en,I don't see any water in the picture,6.0,2.0,0.0,2.0,36.0,,,,,,drink_water
571,2721,6456,not_really,yes,breakfast,egg,Eggs,egg spinach green olive onion potato ketchup coffee water,Eggs spinach green olives onion potato ketchup coffee water,en,,8.0,20.0,25.0,1.0,341.0,,,,,,drink_water
571,2721,6443,not_really,not_really,breakfast,soup,Soup,chicken water carrot celery onion herb whole wheat bread coffee,Chicken water carrots celery onion herbs whole wheat bread coffee,en,"Although water is the main ingredient in the drink, it is not water.",20.0,12.0,3.0,2.0,185.0,,,,,,drink_water
571,2721,6232,not_really,not_really,lunch,general chicken,General Tzo Chicken,general chicken egg roll shrimp lo mein mountain dew,General tzo chicken egg roll shrimp lo mein mountain dew,en,"Although water is an ingredient in soda, it is not considered a serving of water because there is sugar added to it.",155.0,34.0,19.0,8.0,914.0,,,,,,drink_water
571,2721,6245,not_really,yes,lunch,subway sandwich half pamela,Subway sandwhich and half Pamello,half pamela inch whole honey wheat bread spinach onion tomato turkey olive pickle jalapeno sweet onion sauce yellow mustard,Half Pamello 6 inch whole honey wheat bread spinach onions tomato turkey olives pickles jalapeños sweet onion sauce yellow mustard,en,I don't see water in the meal,72.0,18.0,3.0,6.0,424.0,,,,,,drink_water
571,2721,6250,not_really,yes,breakfast,veggie sausage potato pancake,Veggie sausage and potato pancakes,trader joe's meatless veggie patty potato pancake,Trader Joe’s meatless veggie patties and potato pancakes,en,,21.0,26.0,27.0,5.0,409.0,,,,,,drink_water
571,2721,6260,not_really,not_really,afternoon_snack,pizza,Pizza,pizza,Pizza,en,,27.0,13.0,13.0,2.0,270.0,,,,,,drink_water
571,2721,6282,yes,yes,breakfast,veggie burger,Veggie Burger,veggie burger potato pancake water,Veggie burger potato pancakes and water,en,,41.0,9.0,15.0,9.0,326.0,,,,,,drink_water
571,2721,6294,yes,yes,lunch,salad,Salad,spinach tomato cucumber roasted unsalted sunflower seed green olive anchovy olive oil salt pepper balsamic vinegar water,Spinach tomatoes cucumber roasted unsalted sunflower seeds green olives anchovies olive oil salt pepper balsamic vinegar water,en,,13.0,12.0,33.0,7.0,405.0,,,,,,drink_water
571,2721,6249,yes,yes,dinner,chicken shrimp red lobster,Chicken shrimp @Red Lobster,chicken cherry maple glaze shrimp broccoli rice pilaf water lemon,Chicken with cherry maple glaze shrimp broccoli rice pilaf water lemon,en,,43.0,25.0,13.0,7.0,387.0,,,,,,drink_water
571,2721,6268,yes,yes,morning_snack,salad,Salad,mixed lettuce tomato sunflower seed red onion dried cranberry carrot olive oil avocado oil lemon juice water,Mixed lettuce tomatoes sunflower seeds red onion dried craberries carrots olive oil avocado oil lemon juice water,en,,29.0,10.0,24.0,7.0,364.0,,,,,,drink_water
571,2721,6301,yes,yes,breakfast,egg,Eggs,egg spinach onion green olive mushroom cheddar cheese whole wheat bread small potato water,Eggs spinach onion green olive mushroom cheddar cheese whole wheat bread small potato water,en,,42.0,25.0,24.0,7.0,431.0,,,,,,drink_water
571,2721,6322,yes,yes,breakfast,cereal,Cereal,six cinnamon puffin cereal lowest milk water,Kix and cinnamon puffins cereal with low-fat milk and water,en,,34.0,7.0,2.0,6.0,157.0,,,,,,drink_water
571,2721,6361,yes,yes,dinner,stir fry burrito,Stir fry burrito,soy chorizo avocado red bell pepper onion whole wheat wrap sriracha hot sauce water,Soy chorizo Avacado red bell pepper onion whole wheat wrap siracha hot sauce water,en,,47.0,15.0,26.0,12.0,425.0,,,,,,drink_water
571,2721,6401,yes,yes,morning_snack,turkey,Turkey,turkey water,Turkey water,en,,0.0,9.0,2.0,0.0,50.0,,,,,,drink_water
571,2721,6422,yes,yes,lunch,salad,Salad,spinach cucumber dried cranberry onion green olive sunflower seed tomato anchovy water,Spinach cucumber dried cranberries onions green olives sunflower seeds tomatoes anchovies water,en,,24.0,3.0,20.0,2.0,275.0,,,,,,drink_water
571,2721,6399,yes,yes,morning_snack,pea orange,Peas and orange,sugar snap pea blood orange water,Sugar snap peas blood orange water,en,,32.0,6.0,0.0,10.0,169.0,,,,,,drink_water
571,2721,6437,yes,yes,lunch,reuben,Reuben,bread cheese pastrami sauerkraut french fry pickle coke slaw water,Bread cheese pastrami saurerkraut French fries pickles coke slaw water,en,,62.0,39.0,42.0,3.0,814.0,,,,,,drink_water
571,2721,6471,yes,yes,breakfast,egg,Eggs,egg kale onion obliges potato eater,Eggs kale onion obliges potato eater,en,I see a glass of water with the meal.,16.0,8.0,16.0,6.0,243.0,,,,,,drink_water
571,2721,6479,yes,yes,morning_snack,fruit water,Fruit and water,blueberry orange water,Blueberries orange water,en,,46.0,0.0,0.0,2.0,185.0,,,,,,drink_water
571,2721,6229,yes,yes,morning_snack,sugar snap pea,Sugar Snap Peas,sugar snap pea water,Sugar Snap Peas and wter,en,,17.0,3.0,0.0,3.0,50.0,,,,,,drink_water
571,2721,6256,yes,yes,lunch,grey papaya,Greys papaya,two hot dog sauerkraut ketchup mustard two bun water,Two hot dogs sauerkraut ketchup mustard two buns water,en,,25.0,11.0,33.0,5.0,425.0,,,,,,drink_water
571,2721,6261,yes,yes,dinner,chicken salad soup,Chicken salad soup,cauliflower soup chicken leg quarter roasted herb lettuce edamame sunflower seed tomato onion dried cranberry lemon juice avocado oil olive oil salt pepper garlic powder,Cauliflower soup chicken leg quarter roasted herbs lettuce edamame sunflower seeds tomatoes onions dried cranberries lemon juice avocado oil olive oil salt pepper garlic powder,en,,41.0,45.0,57.0,9.0,851.0,,,,,,drink_water
571,2721,6264,yes,yes,breakfast,non fat yogurt,Non fat yogurt,non fat greek yogurt hemp seed trader joe's matcha green tea water,Non fat Greek yogurt with hemp seeds and Trader Joe’s matcha green tea and wayer,en,,34.0,26.0,10.0,4.0,313.0,,,,,,drink_water
734,3124,8615,not_really,yes,breakfast,raisin bran,Raisin bran,raisin brand milk avocado orange glass water,Raisin brand milk avocado orange and a glass of water,en,,58.0,16.0,15.0,10.0,404.0,,,,,This is based on 1 cup of cereal and 1/2 cup of 2% milk.,drink_water
734,3124,8699,yes,yes,lunch,sunfish sandwich,Tunafish sandwich,sunfish hero scallion wet onion lettuce tablespoon mayonnaise blueberry glass water every cattle avocado,Tunafish hero scallion wet onion lettuce tablespoon of mayonnaise  blueberries glass of water every cattle avocado,en,,55.0,23.0,20.0,7.0,472.0,,,,,,drink_water
734,3124,8891,yes,yes,breakfast,egg fried egg bacon,Eggs fried eggs and bacon,two fried egg two slice bacon avocado piece banana glass water lentil teaspoon butter,Two fried eggs two slices of bacon avocado a piece of banana glass of water lentils with a teaspoon of butter,en,,53.0,27.0,28.0,14.0,535.0,,,,,,drink_water
734,3124,8564,yes,yes,breakfast,fry egg,Fry eggs,two fried egg blueberry thin slice avocado fry egg toast teaspoon butter blueberry glass water,"Two fried eggs blueberries   Thin slice Who is
Avocado to fry eggs toast teaspoon of butter blueberries glass of water",en,,45.0,23.0,44.0,33.0,316.0,,,,,,drink_water
734,3124,8647,yes,yes,lunch,tuna fish sandwich,Tuna fish  sandwich,hero tuna tablespoon mayonnaise red onion scallion lettuce pickle orange glass water,For hero tuna tablespoon of mayonnaise red onion scallions lettuce pickle orange and a glass of water,en,,47.0,16.0,10.0,1.0,363.0,,,,,,drink_water
734,3124,8576,yes,yes,dinner,rice bean,Rice and beans,rice chicken bean spinach blueberry glass water,Rice chicken and beans spinach blueberries and a glass of water,en,,58.0,41.0,5.0,5.0,468.0,,,,,,drink_water
734,3124,8857,yes,yes,lunch,tuna fish,Tuna fish,half hero sunfish mayonnaise spinach wrap onion pickle orange glass water,Half a hero tunafish mayonnaise spinach wrap onion pickles oranges and a glass of water,en,,56.0,22.0,13.0,1.0,442.0,,,,,,drink_water
734,3124,8871,yes,yes,breakfast,oatmeal,Oatmeal,quarter milk quarteroatmeal dash salt dash equal cinnamon thats finally,Quarter cup of milk quarter cup oatmeal a dash of salt and a dash of equal cinnamon That's of the Vinalla,en,,61.0,6.0,3.0,5.0,307.0,,,,,,drink_water
734,3124,8904,yes,yes,breakfast,farina,Farnia,farina quarter milk cinnamon dash salt half equal avocado half banana glass water,Farnia quarter cup of milk cinnamon a dash of salt half a equal avocado half a banana glass of water,en,,54.0,8.0,8.0,5.0,326.0,,,,,,drink_water
734,3124,8658,yes,yes,breakfast,oatmeal meal,Oatmeal meal,oatmeal mail milk cinnamon vanilla dash salt half equalboil egg spinach blueberry glass water,Oatmeal mail milk cinnamon vanilla dash of salt half a equalBoil egg spinach blueberries and a glass of water,en,,32.0,13.0,9.0,5.0,260.0,,,,,,drink_water
734,3124,8687,yes,yes,dinner,chinese rice scrambled egg,Chinese rice with scrambled egg,chinese rice scallion bean brown egg blueberry glass water,Chinese rice scallions beans brown eggs blueberry and a glass of water,en,,32.0,15.0,16.0,2.0,329.0,,,,,,drink_water
734,3124,8638,yes,yes,dinner,chicken taco salad,Chicken taco salad,taco chicken onion cucumber tomato spinach lettuce tablespoon french dressing dash taco seasoning tablespoon french dressing,Taco chicken onion cucumber tomatoes spinach lettuce  tablespoon of French dressing a dash of taco seasoning tablespoon of French dressing,en,,23.0,15.0,18.0,4.0,357.0,,,,,,drink_water
734,3124,8633,yes,yes,lunch,yogurt,Yogurt,strawberry yogurt salad tomato young cucumber spinach french dressing teaspoon blueberry glass water,Strawberry yogurt salad tomatoes where are young cucumber spinach French dressing teaspoon blueberries and a glass of water,en,,52.0,4.0,18.0,1.0,386.0,,,,,,drink_water
734,3124,8712,yes,yes,breakfast,farina,Farina,farina quarter milk orange spinach glass watercinnamon dash vanilla,Farina quarter cup of milk orange spinach and a glass of waterCinnamon a dash of Vanilla,en,,38.0,7.0,2.0,5.0,195.0,,,,,,drink_water
734,3124,8599,yes,yes,lunch,tuna fish sandwich,Tuna fish sandwich,sunfish tablespoon mayonnaise pickle onion spinach orange glass water,Tunafish tablespoon of mayonnaise pickle onion spinach oranges and a glass of water,en,,52.0,22.0,13.0,1.0,411.0,,,,,,drink_water
734,3124,8670,yes,yes,dinner,chinese pork fried rice chicken wing,Chinese pork fried rice with chicken wings,pork fried rice scallion bean bean onion blueberry chicken wing glass water,Pork fried rice scallions beans beans Onions blueberries chicken wings and a glass of water,en,,57.0,28.0,17.0,3.0,598.0,,,,,,drink_water
734,3124,8666,yes,yes,lunch,turkey sandwich,Turkey sandwich,small piece hero mayonnaise turkey lettuce onion pickle blueberry glass water,Small piece of hero mayonnaise turkey lettuce onion pickle blueberries and a glass of water,en,,31.0,10.0,2.0,4.0,201.0,,,,,,drink_water
734,3124,8653,yes,yes,dinner,cheeseburger fry,Cheeseburger and fries,im buying hamburger lettuce tomato pickle french fry orange glass water,I'm buying hamburger lettuce tomato pickle french fries orange and a glass of water,en,,77.0,34.0,36.0,8.0,755.0,,,,,,drink_water
734,3124,8878,yes,yes,lunch,tuna fish sandwich,Tuna fish sandwich,half hero sunfish tablespoon mayonnaise red onion spinach pickle orange glass water,Half a hero tunafish tablespoon of mayonnaise red onion spinach pickle orange and a glass of water,en,,58.0,20.0,13.0,1.0,429.0,,,,,,drink_water
734,3124,8861,yes,yes,dinner,chicken tender spinach salad,Chicken tender with spinach salad,two chicken tenderloin spanish tablespoon french dressing orange glass water,Two chicken tenderloins Spanish tablespoon of French dressing orange and a glass of water,en,,27.0,30.0,31.0,2.0,438.0,,,,,,drink_water
734,3124,8617,yes,yes,lunch,home fry scrambled,Home fries or scrambled,one egg milk potato paprika onion scallion small piece banana glass water,One egg milk potato paprika onion scallion  small piece of banana and a glass of water,en,,67.0,10.0,25.0,6.0,532.0,,,,,,drink_water
734,3124,8694,yes,yes,breakfast,french toast,French toast,whole wheat bread dipped egg cinnamon sugarfree light syrup tablespoon blueberry glass water thin slice avocado,Whole wheat bread dipped in egg and cinnamon sugar-free light syrup a tablespoon of blueberries and a glass of waterI thin slice of a avocado,en,,24.0,8.0,7.0,4.0,186.0,,,,,,drink_water
734,3124,8591,yes,yes,breakfast,rice crispy,Rice crispy's,rice crispy milk equal boil egg orange avocado glass water,Rice crispy milk equal boil egg orange  avocado and a glass of water,en,,56.0,18.0,17.0,4.0,449.0,,,,,,drink_water
734,3124,8628,yes,not_really,dinner,hot dog,Hot dog,hot dog bun avocado blueberry glass water,Hot dog bun avcado blueberries and a glass of water,en,,48.0,6.0,8.0,9.0,287.0,,,,,,drink_water
734,3124,8643,yes,not_really,breakfast,rice crispy,Rice crispy's,rice crispy milk spinach half banana glass water,Rice crispy's for a milk spinach half of banana glass of water,en,,53.0,6.0,2.0,2.0,230.0,,,,,This is based on 1 cup of cereal and 1/2 cup of milk.,drink_water
734,3124,8896,yes,yes,lunch,blueberry yogurt,Blueberry yogurt,blueberry yogurt slice avocado glass water,A blueberry yogurt and a slice of avocado glass of water,en,,36.0,6.0,8.0,4.0,253.0,,,,,,drink_water
734,3124,8704,yes,yes,dinner,ham sandwich,Ham sandwich,hero ham teaspoon mayonnaise blueberry avocado glass water,Hero ham teaspoon of mayonnaise blueberries avocado and a glass of water,en,,56.0,28.0,18.0,7.0,510.0,,,,,,drink_water
734,3124,8604,yes,yes,dinner,macaroni cheese,Macaroni and cheese,macaroni milk cheese spinach quarter banana glass watered,Macaroni milk cheese spinach quarter of banana and a glass of watered,en,,41.0,14.0,16.0,4.0,363.0,,,,,,drink_water
734,3124,8900,yes,yes,dinner,chicken broccoli,Chicken and broccoli,chicken white rice broccoli glass water small piece banana,Chicken white rice broccoli and a glass of water And a small piece of banana,en,,46.0,19.0,2.0,3.0,267.0,,,,,,drink_water
734,3124,8681,yes,not_really,lunch,meet patty,Meet Patty,meet patty blueberry spinach glass water,Meet Patty blueberry spinach and a glass of water,en,,16.0,16.0,29.0,7.0,413.0,,,,,,drink_water
734,3124,8881,yes,not_really,dinner,french toast bacon,French toast and bacon,two whole wheat toast sugarfree syrup tablespoon cinnamon orange glass water,Two whole wheat toast  sugar-free syrup tablespoon cinnamon Orange and a glass of water,en,,47.0,20.0,18.0,2.0,445.0,,,,,,drink_water
734,3124,8718,yes,yes,lunch,timafish sandwich,Timafish sandwich,half tuna mayo scallion lettuce spinach orange glass water half hero,Half tuna mayo  scallions lettuce spinach orange and a glass of water. Half of hero,en,,39.0,26.0,25.0,4.0,487.0,,,,,,drink_water
734,3124,8568,yes,yes,lunch,knish,Knish,knish pickle spinach orange glass water,Knish pickle spinach orange and a glass of water,en,,51.0,14.0,2.0,2.0,239.0,,,,,,drink_water
734,3124,8675,yes,yes,breakfast,farina,Farnia,marina quarter milk salt half equal dash alana spinach blueberry glass water,Karina quarter cup of milk salt half a equal a dash of Alana spinach blueberries and a glass of water,en,,44.0,7.0,2.0,4.0,173.0,,,,,,drink_water
734,3124,8726,yes,yes,dinner,chicken salad,Chicken salad,quarter chicken cucumber spinach lettuce tomato spinach read onion,Quarter cup of chicken cucumber spinach lettuce tomato spinach read onion,en,,22.0,30.0,15.0,5.0,339.0,,,,,,drink_water
734,3124,8630,yes,not_really,breakfast,french toast,French toast,whole wheat bread rice syrup ball egg want glass water,Whole wheat bread rice syrup ball egg I want glass of water,en,,48.0,11.0,7.0,1.0,291.0,,,,,This is based on 1 slice of french toast and 2 tablespoons of syrup,drink_water
106,1821,3238,yes,yes,dinner,rice bean chicken breast mixed salad bottle water,"Rice and beans, chicken breast and mixed salad. Bottle of water.",white rice red bean chicken breast mixed green salad lettuce tomato cucumber carrot strawberry feta cheese,"White rice and red beans. Chicken breast, mixed green salad: lettuce,tomato, cucumber, carrots, strawberry and feta cheese.",en,,80.0,58.0,30.0,14.0,823.0,"1 cup rice (45 g), 1 cup beans (30 gm) and 1 cup of raw vegetable (5gm)",5 oz of fried chicken breast (35gms); 1 cup of beans (14gms) + 9gms from rice,"25 gms from chicken breast, 5 gms from the rice and beans",major fiber from the beans,"270 from fat, 232 from protein and 320 from carbs",drink_water
106,1821,3410,yes,yes,dinner,yellow rice candle olive pork chop mixed salad bottle water,Yellow rice with Gandules and olives. Pork chops and mixed salad. Bottle of water,yellow rice candle olive mixed salad spinach lettuce tomato carrot cucumber pork chop bottle water,"Yellow rice with Gandules and olives. Mixed salad: spinach, lettuce, tomato, carrots and cucumber. Pork chop and 16 oz bottle of water.",en,Water can be tap water too.,100.0,43.0,31.0,7.0,1069.0,na,na,na,na,na,drink_water
106,1821,3465,yes,yes,dinner,macaroni salad pan de mesa bottle water,Macaroni salad with pan de Mesa. Bottle of water.,macaroni salad cherry tomato celery green onion pumpkin/sunflower seed bottle water,"Macaroni salad: cherry tomatoes, celery, green onions, pumpkin/sunflower seeds. 16 oz bottle of water.",en,Water can be tap or regular.,80.0,14.0,28.0,5.0,688.0,I added 2 slices of bread that I saw in the picture.,na,na,na,na,drink_water
106,1821,3661,yes,yes,afternoon_snack,mixed nut bottle water,Mixed nuts and bottle of water.,fig mixed nut pecan pumpkin seed sunflower seed hazel nut wall nut dried pineapple papaya raisin bottle water,"Figs, mixed nuts: pecans, pumpkin seeds, sunflower seeds, hazel nuts and wall nuts. Dried pineapple, papaya and raisins. 16 oz bottle of water.",en,Water can also be tap water.,44.0,16.0,48.0,8.0,634.0,na,na,na,na,na,drink_water
106,1821,3607,yes,yes,lunch,sancho vegetable beef stew whole wheat bread bottle water,"Sancocho (vegetable beef stew), whole wheat bread and bottle of water.",beef stew whole wheat bread bottle water,"Beef stew, whole wheat bread and 17 oz bottle of water.",en,Water can be tap water.,30.0,22.0,8.0,3.0,278.0,na,na,na,na,na,drink_water
207,2004,4534,not_really,not_really,lunch,cashew rain,Cashews and rasin,cashew rain within coffee milk two splenda,Cashews and rasin with 12oz ice coffee with milk two Splenda,en,"The goal has not been met, because there is no water in the meal. To meet this goal add water to your meal. ",17.0,10.0,25.0,2.0,318.0,,,,,,drink_water
460,2536,5485,not_really,not_really,after_dinner_snack,fish,Fish,air fryer catfish nugget,Air fryer catfish nuggets.,en,,0.0,60.0,18.0,0.0,421.0,,,,,,drink_water
460,2536,5488,not_really,not_really,breakfast,oatmeal sausage,Oatmeal and sausage,maple sugar oatmeal beef sausage raisin chocolate chip margarine,"Maple and sugar oatmeal,  beef sausage,  raisins,  chocolate chips , margarine",en,,46.0,12.0,29.0,5.0,486.0,,,,,,drink_water
460,2536,5490,not_really,yes,morning_snack,sandwich,Sandwich,honey wheat bread strawberry jelly peanut butter,"Honey wheat bread, strawberry  jelly, peanut butter.",en,,109.0,25.0,28.0,8.0,768.0,,,,,,drink_water
460,2536,5478,not_really,yes,after_dinner_snack,blackberry cheddar cheese shed animal cracker,BlackBerry cheddar cheese sheds animal crackers.,blackberry cracker cheddar cheese shed,BlackBerry crackers cheddar cheese sheds.,en,,20.0,7.0,7.0,5.0,161.0,,,,,,drink_water
460,2536,5475,not_really,yes,afternoon_snack,peanut butter sandwich,Peanut butter sandwich.,thinker bread crunchy peanut butter,"Thinker bread, crunchey peanut butter.",en,,30.0,13.0,17.0,7.0,292.0,,,,,,drink_water
460,2536,5492,not_really,yes,lunch,homemade baked brownie biscuit,Homemade baked brownies and biscuit.,flour sugar milk butter shortening egg,"Flour, sugar  milk  butter shortening  egg.",en,,61.0,6.0,12.0,2.0,359.0,,,,,,drink_water
460,2536,5538,not_really,yes,breakfast,sausage cereal mix,Sausage  and cereal mix,hot sausage honey nut cheerio shredded cheddar cheese raisin chocolate chip animal cracker,"Hot sausage,honey nut cheerios, shredded cheddar cheese, raisins, chocolate chips,  animal crackers.",en,,70.0,22.0,32.0,7.0,623.0,,,,,,drink_water
460,2536,5540,not_really,yes,morning_snack,oatmeal,Oatmeal,apple cinnamon oatmeal margarine shredded cheddar cheese almond milk,"Apple cinnamon oatmeal, margarine,  shredded cheddar cheese. Almond milk.",en,,29.0,8.0,14.0,4.0,255.0,,,,,,drink_water
4,18,284,yes,yes,lunch,chicken rice veggie,"Chicken, rice, veggies",chicken rice chickpea broccoli beet pita hummus,"Chicken, rice, chickpeas, broccoli, beets, pita hummus",en,,,,,,,,,,,,lean_protein
4,39,391,yes,yes,breakfast,oatmeal blueberry,Oatmeal and blueberries,oat milk blueberry,"Oats, milk, blueberries",en,,,,,,,,,,,,lean_protein
4,39,393,yes,yes,afternoon_snack,protein bar,Protein bar,peanut butter dark chocolate,"Peanut butter, dark chocolate",en,,,,,,,,,,,,lean_protein
4,39,393,yes,yes,afternoon_snack,protein bar,Protein bar,peanut butter dark chocolate,"Peanut butter, dark chocolate",en,,,,,,,,,,,,lean_protein
4,48,519,yes,yes,dinner,chicken alfredo,Chicken Alfredo,chicken alfredo sauce noodle,Chicken Alfredo sauce noodles,en,,,,,,,,,,,,lean_protein
4,47,521,yes,yes,breakfast,pancake egg,Pancake and eggs,pancake egg oj,"Pancake, eggs, and oj",en,,,,,,,,,,,,lean_protein
4,39,395,yes,yes,breakfast,scrambled egg whole wheat toast plum water,"Scrambled eggs with whole wheat toast, plum, water",egg onion red green bell pepper plum bread water,"Eggs, onion, red and green bell peppers, plum, bread, water",en,,,,,,,,,,,,lean_protein
4,39,455,yes,yes,breakfast,scrambled egg toast fruit,"Scrambled eggs, toast, and fruit",blueberry whole wheat toast egg pepper onion tomato,"Blueberries, whole wheat toast, eggs, peppers, onions, tomato",en,,,,,,,,,,,,lean_protein
4,39,412,yes,yes,morning_snack,mixed nut dark chocolate,Mixed nuts with dark chocolate,walnut cashew almond dark chocolate,"Walnuts, cashews, almonds, dark chocolate",en,,,,,,,,,,,,lean_protein
4,18,294,yes,yes,dinner,curry chicken rice samosa,"Curry chicken, rice, samosa",chicken white rice pastry potato pea,"Chicken, white rice, pastry, potatoes, peas",en,,,,,,,,,,,,lean_protein
4,46,528,yes,yes,lunch,mac & cheese apple chicken panini,Mac & cheese Apple and chicken panini,tomato onion cheese basil,"Tomatoes, onions, cheese, basil,",en,,,,,,,,,,,,lean_protein
4,18,396,yes,yes,breakfast,florentine omelette home fry fruit,Florentine omelette and home fries And fruit,egg spinach mushroom feta potato pepper strawberry kiwi blueberry,"2 eggs, spinach, mushrooms, feta, potatoes, peppers, strawberries, kiwi, blueberries",en,,,,,,,,,,,,lean_protein
4,39,381,yes,yes,lunch,rice bean & chicken,Rice beans & chicken,white rice roasted chicken pinto bean lettuce tomato,"white rice, roasted chicken, pinto beans, lettuce, tomatoes",en,,,,,,,,,,,,lean_protein
4,46,530,yes,yes,dinner,spaghetti turkey meatball,Spaghetti and turkey meatballs,turkey spinach oat,"Turkey, spinach, oats",en,,,,,,,,,,,,lean_protein
4,47,531,yes,yes,breakfast,pancake egg spinach,Pancake eggs and spinach,syrup,And syrup,en,,,,,,,,,,,,lean_protein
4,53,532,yes,yes,morning_snack,bar,Bar,chocolate,Chocolate,en,,,,,,,,,,,,lean_protein
4,44,397,yes,not_really,morning_snack,salad,Salad,lettuce romaine strawberry blackberry cheese chicken,"Lettuce, romaine, strawberries,blackberries, cheese and chicken",en,,,,,,,,,,,,lean_protein
4,39,398,yes,yes,lunch,brown rice vegetable chicken primavera,"Brown rice with vegetables, and chicken primavera",brown rice carrot pepper onion chicken,"Brown rice, carrots, peppers, onions, chicken",en,,,,,,,,,,,,lean_protein
4,47,540,yes,yes,breakfast,bagel egg,Bagels and eggs,spinach egg raisin bagel,"Spinach with eggs, raisin bagels",en,,,,,,,,,,,,lean_protein
4,46,551,yes,yes,dinner,lasagna,Lasagna,turkey sauce cheese spinach,"Turkey, sauce, cheese, spinach",en,,,,,,,,,,,,lean_protein
4,47,458,yes,yes,lunch,arroz con pollo,Arroz con pollo,white rice street stew chicken bean coleslaw sour juice % fruit juice,"White rice, street stew chicken, beans, coleslaw, and soursop juice (100% fruit juice)",en,,,,,,,,,,,,lean_protein
4,34,209,yes,yes,after_dinner_snack,smoothie,Smoothie,organic whole milk goat yogurt organic whole milk blueberry walnut cinnamon daily good green packet tablespoon cacao powder tablespoon flax meal hopeless,"Organic Whole milk goat yogurt, organic whole milk, 1/4 cup blueberries, 1/4 cup walnuts, cinnamon, daily good greens packet, tablespoon cacao powder, tablespoon flax meal...dopeness",en,,,,,,,,,,,,lean_protein
4,34,211,yes,yes,breakfast,boiled egg arugula org blackberry goat cheese millet oat flax bread turmeric black pepper,"Boiled eggs, arugula, org blackberries, goat cheese, gf millet oat flax bread, turmeric and black pepper",see,See above,en,,,,,,,,,,,,lean_protein
18,1821,2566,not_really,not_really,dinner,broccoli/cheddar sausage quiche mixed salad bottle water,"Broccoli/cheddar and sausage quiche, mixed salad and bottle of water.",broccoli/cheddar sausage quiche mixed salad lettuce spinach green/red pepper tomato green onion cucumber.bottle water,"Broccoli/cheddar, sausage quiche, mixed salad: lettuce, spinach, green/red pepper, tomato, green onions and cucumber. 33oz bottle of water.",en,"Sausage is a high fat protein, egg white is a lean protein.",39.0,16.0,28.0,4.0,550.0,"The carbohydrates are in the crust, there are some carbohydrates in other foods like vegetables and cheese.","The protein is the sausage, cheese and egg white.","The main fat is the egg yolk, sausage and cheese. If there is salad dressing, there would be added fat.","There is fiber in vegetalbe, they are usually in skins and roughage.",It may be more if there is a full fat salad dressing.,lean_protein
18,1983,2558,not_really,yes,breakfast,coffee bagel peanut butter almond butter,"Coffee, bagel peanut butter and almond butter",oof coffee four tablespoon nondairy creamer bagel natural salt peanut butter tablespoon natural salt almond butter,"12 oz cup of coffee with four tablespoons of non-dairy creamer, 1/2 bagel, 1 tbsp natural no salt peanut butter, 1 tablespoon natural no salt almond butter.",en,"The main source of proteins are the almond and peanut butter. Nut butters are high fat proteins. HOWEVER, the type of fats in nuts and nut butters are very healthy. In general, nut butters eaten in moderation (they have a lot of Calories) are a good source of healthy protein, they are just not lean.",,,,,,,,,,,lean_protein
18,1821,2650,not_really,yes,lunch,cheese burger fry vanilla shake also peanut,"Cheese burger, fries and vanilla shake. Also peanuts.",cheese burger fry andvanilla shake peanut,"Cheese burger, fries and 12oz vanilla shake. Peanuts",en,The main protiens are the meat and cheese. Fast food is usually high fat food.,100.0,34.0,55.0,6.0,2000.0,"It is higher, it is 143.",,,,It is more 1300,lean_protein
18,1983,2563,not_really,yes,lunch,beef tongue sandwich small white bread roll spinach salad cherry tomato salad dressing glass water,Beef tongue sandwich on small white bread roll and spinach salad with cherry tomatoes and salad dressing glass of water,water small white bread roll cured beef tongue refresh spinach half cherry tomato tablespoon mayonnaise tablespoon ranch dressing,"16 oz of water small white bread roll, 3 oz cured beef tongue, one cup fresh spinach, half a cup cherry tomatoes, 1 tablespoon mayonnaise, 2 tablespoons ranch dressing.",en,"The main source of protein is the beef tongue. Beef Tongue is a medium fat protein. Medium fat proteins have less fat than high fat proteins, but if you really want to keep it lean, choose a cut like sirloin, flank steak, or tenderloin. More options for lean beef are in you ""Choose Your Foods"" booklet. ",,,,,,,,,,,lean_protein
4,18,297,yes,not_really,breakfast,cereal blackberry,Cereal and blackberries,wheat spelt barley quinoa cereal skim milk blackberry,"Wheat, spelt, barley and quinoa cereal. Skim milk. Blackberries",en,,,,,,,,,,,,lean_protein
4,47,560,yes,yes,lunch,chipotle chicken burrito,Chipotle chicken burrito,flour tortilla chicken brown rice salsa pinto bean lettuce cheese corn,"Flour tortilla, chicken, brown rice, salsa, pinto beans, lettuce, cheese, and corn",en,,,,,,,,,,,,lean_protein
4,49,561,yes,yes,dinner,rice chicken & salad,"Rice, Chicken & Salad",roasted chicken rice black bean lettuce corn tomato & cabbage,"Roasted Chicken, Rice, black beans, lettuce, corn, tomatoes & cabbage",en,,,,,,,,,,,,lean_protein
4,18,359,yes,yes,morning_snack,almond,Almonds,almond,Almonds,en,,,,,,,,,,,,lean_protein
4,18,300,yes,yes,lunch,salad sushi,Salad and sushi,kale cranberry almond tahini dressing salmon avocado rice,"Kale, cranberries, almonds, tahini dressing. Salmon, avocado and rice",en,,,,,,,,,,,,lean_protein
4,47,566,yes,yes,lunch,fish rice,Fish and rice,rice pea spinachpineapple smoothie,Rice and peas and a spinach-pineapple smoothie,en,,,,,,,,,,,,lean_protein
4,18,305,yes,yes,dinner,spaghetti meatball,Spaghetti and meatballs,pasta turkey meatball,"Pasta, turkey meatballs",en,,,,,,,,,,,,lean_protein
4,39,460,yes,yes,breakfast,egg blueberry toast,"Eggs, blueberries and toast",whole wheat toast scrambled egg chive blueberry toast,"Whole wheat toast, scrambled eggs, chives, blueberries, toast",en,,,,,,,,,,,,lean_protein
4,18,403,yes,yes,lunch,salad,Salad,spinach kale carrot mushroom kidney bean chicken egg mushroom broccoli balsamic dressing,"Spinach, kale, carrots, mushrooms, kidney beans, chicken, 1 egg, mushrooms, broccoli, balsamic dressing",en,,,,,,,,,,,,lean_protein
4,39,461,yes,yes,lunch,turkey sandwich,Turkey sandwich,whole wheat bread lettuce tomato turkey swiss cheese,"Whole wheat bread, lettuce, tomato, turkey, Swiss cheese",en,,,,,,,,,,,,lean_protein
4,39,415,yes,yes,afternoon_snack,protein bar,Protein bar,peanut butter dark chocolate,"Peanut butter, dark chocolate",en,,,,,,,,,,,,lean_protein
4,47,416,yes,not_really,lunch,paper fronted chicken paper,Panera Frontega Chicken Panera,chickenchicken cheese lettuce tomato panini bread,"ChickenChicken, cheese, lettuce, tomato, panini bread",en,,,,,,,,,,,,lean_protein
4,39,382,yes,yes,afternoon_snack,protein chewy bar,Protein chewy bar,dark chocolate peanut butter,Dark chocolate peanut butter,en,,,,,,,,,,,,lean_protein
4,39,462,yes,yes,dinner,rice bean workshop,"Rice, beans, and porkchops",brown rice pinto bean pan seared workshop,"Brown rice, pinto beans, pan seared porkchops",en,,,,,,,,,,,,lean_protein
4,39,465,yes,yes,dinner,rice bean chicken salad,Rice beans and chicken with salad,brown rice pinto bean baked chicken lettuce tomato pepper,"Brown rice, pinto beans, baked chicken, lettuce, tomato, peppers",en,,,,,,,,,,,,lean_protein
4,46,587,yes,not_really,dinner,mac cheese chicken,Mac and cheese and chicken,onion pepper,Onions and peppers,en,,,,,,,,,,,,lean_protein
18,1883,3000,not_really,yes,dinner,chicken,Chicken,roasted chicken romaine lettuce.water possible,"Roasted chicken,romaine lettuce.water possible.",en,"Chicken with skin is medium-fat, if there were no skin it would be lean.",4.0,55.0,30.0,1.0,505.0,na,na,na,na,na,lean_protein
18,2800,6263,not_really,yes,breakfast,toast sausage ginger tea,Toast sausage and ginger tea.,toast sausage,Toast and sausage,en,,17.0,13.0,28.0,2.0,351.0,,,,,,lean_protein
18,2800,6267,not_really,yes,lunch,smoothie,Smoothie,smoothie,Smoothie,en,,62.0,0.0,0.0,6.0,260.0,,,,,,lean_protein
18,1821,2205,not_really,yes,afternoon_snack,liverwurst/gouda cheese sandwich lettuce tomato mustard grain bread,"Liverwurst/Gouda cheese sandwich w/lettuce, tomato and mustard on 12 grain bread.",liverwurst/gouda cheese sandwich lettuce tomato mustard grain bread oof black coffee espn raw sugar,Liverwurst/Gouda cheese sandwich with lettuce and tomato mustard on12 grain bread. 12 oz cup of black coffee with 1 x tspn of raw sugar.,en,"The main protein food in this meal is the liverwurst. Liverwurst is a high-fat protein. To meet this goal, try replacing the liverwurst with lean roast beef, turkey, or ham. ",,,,,,,,,,,lean_protein
18,1883,3132,not_really,yes,lunch,corned beef meal rice,"Corned beef meal,rice",white rice corned beef potato chopped platanoes fritz,"White rice,corned beef,potatoes chopped and platanoes frito.",en,This goal is not met because corned beef is not a lean protein. It is considered a medium-fat protein. To meet this goal  swap out the corned beef for a different cut of beef like tenderloin or roast or any cut of meet with less than 10% fat.,100.0,28.0,38.0,9.0,1043.0,TOTAL CARBS: 146g,,,,,lean_protein
18,1883,3067,not_really,yes,lunch,wing,Wings,chicken wing,Chicken wings,en,"The goal is not met because the chicken has been breaded and fried and may also have the skin on. To meet this goal, have skinless chicken wings that are baked, not fried. ",26.0,49.0,47.0,0.0,719.0,,,,,,lean_protein
18,2948,6924,not_really,not_really,breakfast,bacon gruyere egg bite,Bacon and gruyere egg bites,starbucks egg bite,Starbucks egg bites,en,"The goal is not met because you did not include a lean protein in this meal. To meet his goal, you could replace it with the egg white and red pepper Starbucks egg bites.",9.0,19.0,22.0,0.0,310.0,,,,,,lean_protein
18,2948,6913,not_really,yes,breakfast,omelette celery guacamole,"Omelette, celery and guacamole",egg cheddar tbsp bacon pam spray celery stick guacamole single water,"3 eggs
1/2 cup cheddar
2 tbspns bacon
Pam spray
6 celery sticks
1 guacamole single
32 oz water",en,Great job for adding vegetables to your meal. The goal is not met because there is not lean protein on the plate. To meet this goal replace the three whole eggs for three egg whites.,20.0,43.0,60.0,9.0,803.0,In this meal most of the carbs come from the celery (6 pieces of celery = 12 grams of carbs). The guacamole and the cheddar cheese also contribute some carbs but in smaller amounts (1 wholly guacamole = 5 grams of carbs; 1/2 cup of cheddar cheese = 2 grams of carbs),"In this meal most of the protein comes from the omelet, the cheddar cheese and the bacon (3 egg omelet = 19 grams of protein; 1/2 cup of cheddar cheese = 13 grams of protein and 2 tbsp = 10 grams of protein)","In this meal most of the fat comes from the omelet, the cheddar cheese and the bacon (3 egg omelet = 21 grams of fat; 1/2 cup of cheddar cheese = 18 grams of fat; 2 tbsp of bacon = 12 grams of fat)",In this meal most of the fiber comes from the celery and the guacamole (6 pieces of celery = 6 grams of fiber; 1 wholly guacamole = 3 grams of fiber),"This meal is 10% carbs, 21% protein and 69% fat. ",lean_protein
18,2948,6728,not_really,yes,dinner,ratatouille double shack burger bun,Ratatouille and double shack burger with no bun,burger cheese lettuce pickle tomato eggplant zucchini,"Burgers
Cheese
Lettuce 
Pickles
Tomato
Eggplant
Zucchini",en,The goal is not met because the double cheeseburger contains a higher amount of fat from the cheese as well as the extra patty. Next time you could choose one patty without cheese or an alternative such as grilled chicken for a leaner option.,11.0,51.0,63.0,6.0,862.0,,,,,Information estimated from USDA database and Shake Shack Nutrition information,lean_protein
18,2800,6272,not_really,yes,breakfast,smoothie,Smoothie,smoothie,Smoothie,en,,62.0,0.0,0.0,6.0,260.0,,,,,,lean_protein
18,2800,6280,not_really,not_really,breakfast,two slice raisin cinnamon bread ginger tea,Two slices raisin cinnamon bread and ginger tea.,raisin cinnamon bread,Raisin cinnamon bread.,en,,56.0,8.0,1.0,2.0,260.0,,,,,,lean_protein
18,1883,3211,not_really,yes,breakfast,sausage biscuit,Sausage biscuit,pork sausage gravy buttermilk biscuit,Pork sausage Gravy and buttermilk biscuit.,en,"This goal is not met because pork sausage is a high-fat meat, not a lean meat. To meet this goal try replacing the pork sausage with a type of sausage that has less than 3 grams of fat per oz.",76.0,16.0,25.0,7.0,581.0,,na,na,na,na,lean_protein
18,1883,3226,not_really,not_really,after_dinner_snack,water,Water,,H20,en,"This goal is not met because there are no proteins in this meal. To meet this goal, select a lean protein like chicken breast (no skin), tenderloin beef or other beef with less than 10% fat, or a lean cut of pork (rib, loin, tenderloin). Fish are also considered lean proteins.",0.0,0.0,0.0,0.0,0.0,,,,,,lean_protein
18,2800,6285,not_really,yes,dinner,brown rice corn beef,Brown rice and corn beef.,corn beef brown rice,Corn beef and brown rice.,en,,11.0,24.0,22.0,7.0,600.0,,,I added the avocado which I saw in the plate,,,lean_protein
18,2800,6288,not_really,yes,breakfast,toast egg ginger tea,Toast egg and ginger tea.,egg toast,Eggs toast.,en,Eggs are a medium-fat protein,28.0,17.0,12.0,2.0,280.0,,,,,,lean_protein
18,2800,6296,not_really,yes,dinner,corn beef rice sweet potato avocado,"Corn beef , rice sweet potato and avocado.",corn beef sweet potato brown rice,Corn beef sweet potato and brown rice,en,Corn beef is a medium fat protein,42.0,22.0,39.0,12.0,607.0,,,,,,lean_protein
18,2800,6300,not_really,yes,breakfast,toast egg apple juice,Toast eggs and apple juice,toast egg,Toast eggs.,en,,28.0,17.0,12.0,2.0,282.0,,,,,,lean_protein
18,3083,7443,not_really,yes,dinner,chicken vetanles handful pasta,Chicken vetanles handful pasta,chicken vetanles pasta,Chicken vetanles pasta,en,The drumstick is breaded and fried so it is a medium-fat protein.,28.0,15.0,17.0,0.0,321.0,,,,,,lean_protein
18,1821,2214,not_really,yes,dinner,baked ziti salad lettuce/tomato tangerine bottle water,Baked ziti and salad of lettuce/tomato. 1 x tangerine and 30 oz bottle of water.,baked ziti lettuce/tomato salad tangerine bottle water,"Baked ziti, lettuce/tomato salad and a tangerine. 30 oz bottle of water.",en,"I'm sorry, there is not enough information provided for me to accurately assess if this goal is met. There appears to ground meat on the ziti. If the meat is 90% or more lean than this goal has been met. ",,,,,,,,,,,lean_protein
18,2800,6304,not_really,not_really,lunch,chicken soup,Chicken soup,chicken soup,Chicken soup,en,,20.0,10.0,5.0,1.0,181.0,,,,,,lean_protein
18,2800,6310,not_really,yes,breakfast,tuna sandwich ginger tea,Tuna sandwich and ginger tea,tuna bread,Tuna and bread.,en,Tuna is lean but when you add mayonnaise you add a fat.,25.0,21.0,12.0,0.0,298.0,,,,,,lean_protein
18,2800,6314,not_really,yes,lunch,tuna sandwich apple juice,Tuna sandwich and apple juice.,tuna bread,Tuna and bread.,en,"Tuna is lean however when you add mayonnaise, you add fat.",50.0,22.0,12.0,2.0,399.0,,,,,,lean_protein
18,2800,6317,not_really,yes,dinner,chicken soup,Chicken soup.,chicken soup,Chicken soup.,en,,30.0,12.0,3.0,2.0,201.0,,,,,,lean_protein
18,1883,3447,not_really,yes,after_dinner_snack,pot pie,Pot pie,beef pot pie,Beef pot pie,en,"This goal is not met because this dish does not contain a lean protein source. Lean cuts of beef are tenderloin, steak, roast or ground beef with less than 10% fat. Other lean protein sources are skinless poultry, ham, pork chop and fish.",36.0,8.0,23.0,3.0,380.0,na,na,na,na,na,lean_protein
18,1883,3457,not_really,yes,lunch,pot pie,Pot pie,filled beef vegetable pot pie,Filled beef vegetable pot pie,en,"This goal is not met because high fat cuts of meat are used in the dish. To meet this goal, select lean proteins as listed in the Choose Your Foods book like tenderloin beef, steak, pork chop, fish or skinless poultry.",36.0,8.0,23.0,3.0,380.0,na,na,na,na,na,lean_protein
18,1883,3462,not_really,yes,dinner,dinnersalad,Dinnersalad.,fried chicken french fry salad,Fried  chicken French fries salad after,en,"This goal is not met because while skinless chicken is a lean protein, fried chicken is not. To meet this goal, replace the fried check with baked chicken.",48.0,40.0,32.0,5.0,650.0,na,na,na,na,na,lean_protein
18,1883,3463,not_really,not_really,dinner,lettuce,Lettuce,romaine lettuce,Romaine lettuce,en,"This goal is not met because there are no protein sources in this meal. To meet this goal, add 3-4 oz. of a lean protein such as skinless chicken, fish, tenderloin beef, eggs, etc.",3.0,3.0,0.0,3.0,29.0,na,na,na,na,na,lean_protein
18,2948,6918,not_really,not_really,afternoon_snack,cracker cut cheddar cheese,Cracker cuts cheddar cheese,cheddar cheese,Cheddar cheese,en,The goal is not met because you did not include a lean protein in this meal. To meet this goal you could add peanut butter to the crackers. ,20.0,18.0,23.0,1.0,363.0,In this meal most of the carbs come from the crackers (30 grams of crackers = 19 grams of carbs),In this meal most of the protein comes from the cheddar cheese (3 pieces of cheddar cheese = 14 grams of protein). The crackers also contribute some fat (30 grams of crackers = 4 grams of protein),In this meal most of the fat comes from the cheddar cheese (3 pieces of cheddar cheese = 19 grams of fat). The crackers also contribute some fat (30 grams of crackers = 4 grams of fat),In this meal the fiber comes from the crackers (30 grams of crackers = 1 gram of fiber),"This meal is 22% carbs, 20% protein and 58% fat",lean_protein
18,2800,6337,not_really,yes,breakfast,raisin bran cereal milk,Raisin Bran cereal with milk,raisin bran cereal,Raisin Bran cereal.,en,,60.0,15.0,6.0,7.0,327.0,,,,,,lean_protein
18,2800,6341,not_really,yes,lunch,raisin bran cereal milk,Raisin Bran cereal with milk,raisin bran cereal,Raisin Bran cereal.,en,,60.0,15.0,6.0,7.0,327.0,,,,,,lean_protein
18,2800,6350,not_really,yes,dinner,rice oxtail,Rice  and oxtail.,rice oxtail,Rice oxtail.,en,The reason the goal wasn't met is that oxtail is the protein and it is not lean.,43.0,20.0,9.0,1.0,359.0,,,,,,lean_protein
18,1957,3751,not_really,yes,dinner,rice chicken macaroni cheese salad,Rice chicken macaroni cheese and salad,rice chicken macaroni cheese salad,Rice chicken macaroni cheese salad,en,,80.0,31.0,12.0,8.0,545.0,,,,,,lean_protein
18,2948,6714,not_really,yes,lunch,steamed broccoli sour cream onion soup mix,Steamed broccoli and sour cream w onion soup mix,sour cream cup broccoli packet lipton onion soup mix,"1 cup sour cream
3 cups broccoli 
1/2 packet lipton onion soup mix",en,The goal isn't met because there is no protein serving.,32.0,5.0,44.0,3.0,579.0,,,,,,lean_protein
18,2948,6939,not_really,not_really,dinner,celery cream cheese,Celery and cream cheese,cal cream cheese cup stalk celery water,"2 100 cal cream cheese cups
4 stalks celery
32 oz water",en,"The goal is not met because you did not include a lean protein in this meal. To meet this goal, you could add cottage cheese to your meal to include protein.",12.0,4.0,18.0,4.0,231.0,,In this meal the protein comes from the cream cheese (2 100kcal cups of cream cheese = 4 grams of protein),In this meal the fat comes from the cream cheese (2 100 Kcal cups of cream cheese = 18 grams of fat),In this meal the fiber comes from the celery (4 stalks of celery = 4 grams of fiber),"This meal is 21% carbs, 7% protein and 72% fat",lean_protein
18,2800,6354,not_really,yes,breakfast,cheese sandwich apple juice,Cheese sandwich and apple juice,cheese sandwich,Cheese sandwich,en,The goal wasn't met because cheese is usually not lean. Two slices of cheese have 14 grams of protein.,57.0,20.0,18.0,2.0,463.0,,,,,,lean_protein
18,2800,6356,not_really,yes,lunch,tuna sandwich sorrel drink,Tuna sandwich with sorrel drink.,tuna sandwich,Tuna sandwich.,en,The reason you didn't meat the goal is that mayonnaise is high fat and it is added to the lean tuna. Tuna salad sandwich has 25 grams of fat.,72.0,18.0,25.0,2.0,591.0,,,,,,lean_protein
18,2800,6358,not_really,yes,dinner,rice oxtail water,Rice and oxtail with water.,rice oxtail,Rice and oxtail,en,,45.0,20.0,10.0,2.0,402.0,,,,,,lean_protein
18,2800,6364,not_really,yes,breakfast,cheese sandwich ginger tea,Cheese sandwich with ginger tea,cheese sandwich,Cheese sandwich,en,,29.0,18.0,20.0,2.0,363.0,,,,,,lean_protein
18,2800,6372,not_really,yes,dinner,cheese sandwich ginger ale,Cheese sandwich with ginger ale.,cheese sandwich,Cheese sandwich.,en,,64.0,20.0,10.0,2.0,429.0,,,,,,lean_protein
18,2948,6703,not_really,yes,lunch,greek salad,Greek salad,dressing cup romaine pepper feta tomato olive,"No dressing
4 cups romaine
1/2 cup peppers
1/4 cup feta
1/4 cup tomatoes
1/8 cup opives",en,The goal isn't met because the only protein is the feta cheese and it is a medium fat protein.,22.0,6.0,10.0,5.0,220.0,,,,,,lean_protein
18,1957,3791,not_really,yes,lunch,spinach chicken tomato rap,Spinach chicken tomato in a Rap,spinach chicken tomato everything rap,Spinach chicken tomato everything in a Rap,en,,45.0,39.0,27.0,2.0,602.0,na,na,na,na,na,lean_protein
18,3083,7350,not_really,yes,dinner,rice veg meat,Rice veg meat,mince meat zucchini rice,"Mince meat,zucchini rice",en,The mince meat could be made of a few different meats and some are probably fatty.,26.0,17.0,26.0,1.0,524.0,,,,,,lean_protein
18,1821,2286,not_really,not_really,dinner,rice bean pork chop plantain chip bottle water,Rice and beans pork chop with plantain chips. Bottle of water.,white rice red bean pork chop plantain chips.bottle water,"White rice, red beans, 1 x pork chop and plantain chips. 1 x 16oz bottle of water.",en,"pork chop is not a lean protein (choose chicken, turkey, eggs, or fish)",,,,,,,,,,,lean_protein
18,2800,6384,not_really,yes,breakfast,smoothie,Smoothie,smoothie,Smoothie,en,,34.0,2.0,0.0,2.0,140.0,,,,,,lean_protein
18,2800,6387,not_really,not_really,lunch,hard salami sandwich,Hard salami sandwich.,hard salami sandwich,Hard salami sandwich.,en,,22.0,10.0,12.0,1.0,239.0,,,,,,lean_protein
18,2800,6389,not_really,not_really,dinner,hard salami sandwich water,Hard salami sandwich with water.,hard salami sandwich,Hard salami sandwich,en,,32.0,9.0,12.0,2.0,289.0,,,,,,lean_protein
18,2800,6391,not_really,yes,breakfast,smoothie,Smoothie,smoothie,Smoothie,en,,34.0,2.0,0.0,0.0,140.0,,,,,I based this on a commercial drink.,lean_protein
18,2800,6393,not_really,yes,lunch,smoothie,Smoothie,smoothie,Smoothie,en,,34.0,2.0,0.0,0.0,142.0,,,,,,lean_protein
18,2800,6395,not_really,not_really,dinner,hard salami sandwich ginger ale,Hard salami sandwich and ginger ale.,hard salami sandwich,Hard salami sandwich.,en,,53.0,9.0,12.0,2.0,372.0,,,,,,lean_protein
18,1821,2371,not_really,not_really,dinner,lasagna banana bottle water,"Lasagna, banana and bottle of water.",lasagna meat cheese banana andbottle water,"Lasagna, meat and cheeses, 1 x banana and 1 x 16oz bottle of water.",en,"To meet this goal, use low-fat cheeses and extra lean beef (90% or greater lean). You may also substitute ground chicken or turkey for the beef. If you did choose lean beef and low-fat cheeses, then the goal has been met. ",,,,,,,,,,,lean_protein
18,1821,2289,not_really,yes,breakfast,oatmeal hardboiled egg coffee,"Oatmeal, hard-boiled eggs and coffee.",oatmeal hardboiled egg oof black coffee espn raw sugar,"Oatmeal, 2 x hard-boiled eggs and 12 oz cup of black coffee with 2 x tspn of raw sugar.",en,"The protein is the egg white, it is not considered a lean protein.",,,,,,,,,,,lean_protein
18,1957,3826,not_really,yes,dinner,black rice chicken,Black rice and chicken,black rice chicken,Black rice and chicken,en,"The goal has not been met, because chicken with the skin on does not count as lean protein. To meet this goal, take off the skin before cooking the chicken. ",22.0,22.0,19.0,6.0,341.0,"In this meal the carbohydrates come from the rice and beans. Rice and beans are starches, and starches are mostly carbohydrates.",In this meal the protein mainly comes from the chicken and beans. ,In this meal fat mainly comes from the chicken. ,In this meal fiber comes from the beans. ,In this meal the main source of calories is the ricen and beans. ,lean_protein
18,1957,3837,not_really,yes,dinner,rice chicken broccoli chicken stone,Rice chicken broccoli chicken tostone,yellow rice chicken broccoli chicken stone,Yellow rice chicken broccoli chicken tostone,en,"The goal has been met, however it has been fried. The protein might be lean, but you are adding fat to the meal by frying it. Try to use other cooking techniques that require less or no fat.",62.0,29.0,38.0,4.0,737.0,"In this meal the carbohydrates come from the yellow rice. Rice is a starch, and starches are mostly carbohydrates. ",In this meal the protein mainly comes the chicken.,In this meal fat mainly comes from the fried chicken and fried tostones.,In this meal fiber comes from the broccoli.,In this meal the main source of calories is the fried chicken and tostones.,lean_protein
18,2800,6605,not_really,yes,breakfast,toast egg orange juice,"Toast, eggs and orange juice.",toast egg,"Toast, eggs.",en,The goal is not met because it does not include a lean protein. Eggs can be included as part of a healthy diet but they are not considered to be a lean protein due to the fat from the yolks. ,47.0,14.0,14.0,2.0,379.0,,,,,,lean_protein
18,2948,7202,not_really,not_really,lunch,hershey nugget fit crunch bar,"Hershey nuggets
Fit crunch bar",fit crunch bar call g fat g carbs hershey's call g fat g carbs protein g,"Fit crunch bar 190 cals
8g fat
14g carbs
Hershey’s 
150 cals
10g fat
15g carbs
Protein 3g",en,The goal has not been met because there is no lean protein in the meal. To meet this goal you could include peanut butter. ,29.0,19.0,18.0,2.0,340.0,,,,,,lean_protein
18,2800,6398,not_really,yes,breakfast,smoothie,Smoothie,smoothie,Smoothie,en,,34.0,2.0,0.0,0.0,142.0,,,,,,lean_protein
18,1821,2296,not_really,yes,breakfast,sausage egg cheese coconut bread banana ando black coffee,"Sausage egg and cheese on coconut bread, banana and cup of black coffee.",beef sausage fried egg pepper jack cheese coconut bread banana oof black coffee sugar,"Beef sausage, fried eggs and pepper jack cheese on coconut bread. 1 x banana and 1 x 12 oz cup of black coffee with 2 x sugars.",en,"The proteins are the egg, cheese and beef. All are not lean.",,,,,,,,,,,lean_protein
18,1821,2297,not_really,yes,afternoon_snack,whiting fish sandwich bottle water,Whiting fish sandwich and bottle of water.,whiting fish sandwich tablespoon tartar hot sauce.bottle water,Whiting fish sandwich with 1 x tablespoon of tartar and hot sauce. 1x bottle of water.,en,"The fish is the main protein source, it isn't lean.",,,,,,,,,,,lean_protein
18,1957,3882,not_really,yes,dinner,rice bean eggplant vacalao conhuevo platoon,Rice beans eggplant vacalao conhuevo Platano,rice bean eggplant vacalao egg platoon,Rice beans eggplant vacalao with eggs Platano,en,"The goal is not met because the eggs are a medium-fat protein and sausage is a high fat protein. In order to better meet this goal, have the bacalao made with just the codfish.",66.0,38.0,33.0,11.0,719.0,,,,,,lean_protein
18,2800,6432,not_really,yes,breakfast,cereal milk,Cereal with milk,cereal milk,Cereal with milk.,en,You didn't meet the goal because there is no protein serving in the meal. Milk has some protein but it isn't a protein serving. ,42.0,12.0,5.0,1.0,260.0,,,,,,lean_protein
18,3083,7372,not_really,yes,dinner,spaghetti broccoli chicken cream chicken soup chicken,"Spaghetti broccoli chicken cream chicken soup chicken ,",chicken spaghetti soup,Chicken spaghetti soup,en,The chicken leg is a medium fat protein. It is friend so it isn't lean.,52.0,27.0,13.0,2.0,451.0,,,,,,lean_protein
18,2948,7161,not_really,yes,breakfast,egg white omelette,Egg white omelette,egg white pam spray onion tbsp bacon tbsp cheese,"2/3 cup egg whites
Pam spray
1/4 cup onion
2 tbsps bacon
2 tbsps cheese",en,"There is protein in eggs, bacon and cheese. The eggs are a medium fat protein because the egg yolk is a fat. Bacon is a high fat protein.",4.0,26.0,19.0,0.0,308.0,,,,,,lean_protein
18,1821,2332,not_really,not_really,breakfast,buttered roll banana.of coffee,Buttered roll and banana. Cup of coffee.,buttered roll lightly smeared banana oof black coffee espn sugar,"Buttered roll lightly smeared, banana and 12oz cup of black coffee with 2 x tspn sugar.",en,no protein source here,,,,,,,,,,,lean_protein
18,2800,6442,not_really,yes,breakfast,cereal milk,Cereal with milk.,cereal milk,Cereal and milk,en,,42.0,12.0,5.0,1.0,266.0,,,,,,lean_protein
18,2800,6448,not_really,yes,dinner,whole wheat whole grain tortilla burrito apple chutney water,Whole wheat whole grain tortillas burrito and apple chatney with water.,tortilla burrito apple chutney,Tortillas burrito apple chatney,en,,47.0,3.0,4.0,1.0,235.0,,,,,,lean_protein
18,2800,6454,not_really,yes,breakfast,raisin bran cereal milk,Raisin Bran cereal with milk.,raisin bran cereal,Raisin Bran cereal,en,,60.0,15.0,6.0,7.0,330.0,,,,,,lean_protein
18,2800,6457,not_really,yes,lunch,whole wheat whole grain tortilla burrito apple chutney water,Whole wheat whole grain tortillas burrito and apple chatney with water.,tortilla burrito apple chutney,Tortillas burrito apple chatney,en,,47.0,3.0,3.0,2.0,230.0,,,,,,lean_protein
18,2800,6463,not_really,yes,breakfast,raisin bran cereal milk,Raisin Bran cereal with milk.,raisin bran cereal milk,Raisin Bran cereal with milk,en,,60.0,15.0,6.0,7.0,330.0,,,,,,lean_protein
18,2800,6461,not_really,yes,dinner,whole wheat whole grain tortilla burrito apple chutney water,Whole wheat whole grain tortillas burrito with apple chatney and water.,tortilla burrito apple chutney,Tortillas burrito and apple chatney,en,,47.0,3.0,3.0,2.0,233.0,,,,,,lean_protein
18,2800,6468,not_really,yes,dinner,whole wheat whole grain tortilla burrito apple chutney water,Whole wheat whole grain tortillas burrito and apple chatney with water.,tortilla burrito apple chutney,Tortillas burrito apple chatney.,en,,47.0,3.0,3.0,2.0,230.0,,,,,,lean_protein
18,1821,2338,not_really,yes,dinner,italian sandwich bottle water,Italian sandwich and bottle of water.,italian sandwich ham provolone salami capitol bologna lettuce/tomato mayo/mustard.bottle water,"Italian sandwich, ham, provolone, salami, capicola, Bologna and lettuce/tomato. No mayo/mustard. 1 x 16oz bottle of water.",en,"salami, capicola, and bologna are all higher fat proteins",,,,,,,,,,,lean_protein
18,2948,7180,not_really,yes,lunch,pure protein bar call g carbs protein g cholesterol,"Pure protein bar
200 cals
16g carbs
Protein 20g
10 mg cholesterol",pure protein bar,Pure protein bar,en,The goal is not met because there is no lean protein in this meal. To meet this goal you could have peanut butter instead. ,16.0,20.0,6.0,1.0,200.0,,,,,"This meal is 32% carbs, 40% protein and 28% fat",lean_protein
18,2800,6489,not_really,yes,breakfast,raisin bran cereal milk,Raisin Bran cereal with milk,cereal milk,"Cereal, milk.",en,,59.0,13.0,7.0,7.0,315.0,,,,,,lean_protein
18,2800,6495,not_really,yes,dinner,brown rice cabbage corn beef radish,"Brown rice, cabbage, corn beef and radish",corn beef cabbage brown rice radish,"Corn beef, cabbage, brown rice and radish.",en,,50.0,33.0,17.0,5.0,475.0,,,,,,lean_protein
18,1883,3916,not_really,yes,dinner,sausage french fry,Sausage and  French fries,fried potato sausage ketchup soda,"Fried potatoes ,sausage ketchup ,soda.",en,na,74.0,13.0,29.0,3.0,603.0,na,na,na,na,na,lean_protein
18,2800,6501,not_really,yes,lunch,peach mango pear,"Peach, mango and pear.",mango peach pear,"Mango, peach and pear.",en,,43.0,1.0,0.0,5.0,184.0,,,,,,lean_protein
18,2800,6503,not_really,yes,dinner,raisin bran cereal milk,Raisin Bran cereal with milk.,raisin bran cereal milk,Raisin Bran cereal with milk,en,,59.0,13.0,7.0,7.0,315.0,,,,,,lean_protein
18,2800,6507,not_really,yes,breakfast,raisin bran cereal milk,Raisin Bran cereal with milk.,raisin bran cereal,Raisin Bran cereal,en,,59.0,13.0,7.0,7.0,315.0,,,,,,lean_protein
18,1821,2349,not_really,yes,afternoon_snack,dried fig date,Dried figs and Dates.,dried fig date bottle water showing,"Dried figs and Dates. Bottle of water, not showing.",en,no lean protein here,,,,,,,,,,,lean_protein
18,2800,6618,not_really,yes,breakfast,orange peach apricot,"Orange,peach and apricot.",orange peach apricot,"Orange, peach apricot",en,The goal is not met because the meal does not include a lean protein. The goal can be met by including a lean protein with the rest of the meal. ,34.0,2.0,0.0,6.0,140.0,,,,,,lean_protein
18,1821,2351,not_really,yes,breakfast,omelet stuffed coffee,Omelet stuffed and coffee.,special omelet egg onion pepper chorizo oof black coffee espn raw sugar,"Special omelet, eggs, onions, peppers and chorizo. 12oz cup of black coffee with 2 x tspn of raw sugar.",en,"eggs are a lean protein, but chorizo is a high fat protein",,,,,,,,,,,lean_protein
18,2948,7301,not_really,yes,breakfast,oatmeal,Oatmeal,oatmeal tbsp raisin,"1 cup oatmeal
Tbsp raisins",en,,34.0,2.0,2.0,3.0,171.0,,,,,,lean_protein
18,1821,2360,not_really,yes,lunch,rice bean corned beef banana bottle water,"Rice and beans, corned beef and a banana. Bottle of water.",white rice white bean corned beef green pepper banana.bottle water,"White rice with white beans, corned beef with green peppers and a banana. 1 x 33oz bottle of water.",en,"It id difficult to see the picture, so I cannot say if the corned beef is lean. To meet this goal, choose cuts of meat that do not have white streaks throughout or fat around the edges.",,,,,,,,,,,lean_protein
18,2800,6540,not_really,yes,breakfast,raisin bran cereal milk,Raisin Bran cereal with milk,raisin bran cereal,Raisin Bran cereal,en,,59.0,13.0,7.0,7.0,315.0,,,,,,lean_protein
18,1957,4046,not_really,yes,lunch,lasagna vegetable,Lassana with vegetale,lasagna vegetable,Lassana with vegetale,en,This goal is not met because unless the meat used in the lasagna was ground beef with less than 10% fat.,32.0,15.0,13.0,2.0,310.0,na,na,na,na,na,lean_protein
18,2800,6550,not_really,yes,breakfast,raisin bran cereal milk orange,Raisin Bran cereal with milk and orange,raisin bran cereal,Raisin Bran cereal.,en,,90.0,13.0,3.0,14.0,399.0,,,,,,lean_protein
18,1957,4058,not_really,yes,lunch,platoon onion egg cheese salchichón,Platano with onion eggs cheese salchichón,platoon egg cheese salchichón onion,Platano eggs cheese salchichón onion,en,,45.0,37.0,26.0,6.0,535.0,,,,,,lean_protein
18,2948,7178,not_really,yes,breakfast,chicken breast pear,Chicken breast and pear,chicken breast large anjou pear,"10 oz chicken breast
1 large danjou pear",en,The goal is not met because chicken is not considered a lean protein when it has the skin due to its high fat content. To mee this goal make sure to remove the skin.,27.0,84.0,22.0,6.0,666.0,,,,,"This meal is 16% carbs, 50% protein and 34% fat",lean_protein
18,2948,6567,not_really,yes,breakfast,yogurt blueberry peanut butter,Yogurt and blueberries and peanut butter,% greek yogurt blueberry tbsp peanut butter,"1 cup 2% Greek yogurt
1/2 cup blueberries
4 tbsps peanut butter",en,Great job! The goal has been met.,28.0,39.0,36.0,5.0,568.0,,,,,,lean_protein
18,1821,2294,not_really,yes,dinner,liverwurst gouda sandwich bottle water,Liverwurst and Gouda sandwich. Bottle of water.,liverwurst gouda cheese hero mustard bottle water,Liverwurst and Gouda cheese hero with mustard. 1 x  16oz bottle of water.,en,"The proteins sources, the meat and cheese, are not lean.",,,,,,,,,,,lean_protein
18,1957,3940,not_really,not_really,breakfast,oatmeal bread,Oatmeal bread,oatmeal bread,Oatmeal bread,en,"The goal has not been met, because there are no plant proteins in the meal. To meet this goal, add plant protein such as edamame, soy, tofu, tempeh, beans, lentils to your meal.",24.0,6.0,2.0,3.0,143.0,In this meal the carbohydrates come from the oatmeal bread. ,In this meal the protein comes from the oatmeal bread. ,In this meal the fat comes from the oatmeal bread. ,In this meal the fiber comes from the oatmeal bread. ,The calories come from the oatmeal bread. ,lean_protein
18,2800,6563,not_really,yes,breakfast,raisin bran cereal milk orange,Raisin Bran cereal with milk and orange,raisin bran cereal milk,Raisin Bran cereal with milk,en,,93.0,15.0,4.0,14.0,427.0,,,,,,lean_protein
18,2800,6572,not_really,yes,dinner,orange peach apricot,"Orange,peach and apricot.",orange peach apricot,"Orange, peach apricot",en,,35.0,3.0,0.0,7.0,146.0,,,,,,lean_protein
18,2800,6574,not_really,yes,breakfast,raisin bran cereal milk,Raisin Bran cereal with milk,raisin bran cereal,Raisin Bran cereal,en,,48.0,10.0,3.0,7.0,235.0,,,,,,lean_protein
18,1957,3950,not_really,yes,dinner,platoon chicken egg,Platano chicken eggs,platoon chicken egg,Platano chicken eggs,en,"This goal is partially met because chicken can be a lean protein, but only when it is skinless. It appears the chicken in this meal has its skin, which makes it a medium-fat protein, not a lean protein. Eggs are a lean protein.",60.0,32.0,20.0,3.0,525.0,na,na,na,na,na,lean_protein
18,2800,6627,not_really,yes,breakfast,orange peach apricot,"Orange,peach and apricot",orange peach apricot,"Orange, peach and apricot",en,The goal isn't met because there is no protein serving in the meal.,43.0,3.0,0.0,4.0,175.0,,,,,,lean_protein
18,2948,7283,not_really,yes,breakfast,oatmeal coffee,Oatmeal and coffee,quaker oat sugar free syrup fat free half half tbsp sliced almond,"1 cup Quaker Oats
1/4 cup sugar free syrup 
1 oz fat free half and half
2 tbsps sliced almonds",en,,41.0,9.0,9.0,6.0,266.0,,,,,,lean_protein
18,3083,7474,not_really,yes,breakfast,yogurt,Yugort,yogurt,Yugort,en,,16.0,4.0,2.0,0.0,61.0,,,,,,lean_protein
18,2948,7278,not_really,yes,dinner,eggplant parmigiana,Eggplant parmigiana,celentano eggplant parmigiana serving,"Celentano eggplant parmigian
2 servings",en,,9.0,6.0,5.0,0.0,102.0,,,,,,lean_protein
18,2948,7103,not_really,yes,breakfast,yogurt plane fruit,Yogurt and Polaner all fruit,cup % face greek yogurt tbsp plane cherry fruit sugar added,"1.25 cups 0% Fage Greek yogurt
3 tbspns polaner cherry all fruit with no sugar added",en,"The goal is not met because you did not include lean protein in this meal. To meet this goal, you could include cottage cheese in this meal.",42.0,30.0,0.0,0.0,272.0,In this meal both the greek yogurt and the Polaner cherry contribute some carbs (1.25 cups of greek yogurt = 12 carbs; 3 tbsp of Polaner cherry = 30 grams of carbs),In this meal the protein comes from the greek yogurt (1.25 cups of Fage greek yogurt = 30 grams of protein),,,This meal is 62% carbs and 38% protein.,lean_protein
18,1883,4005,not_really,not_really,lunch,plantain,Platains,cheese plantain fried,"Cheese,,platains fried",en,,81.0,16.0,31.0,6.0,667.0,,,,,,lean_protein
18,2800,6649,not_really,yes,breakfast,pear orange cantaloupe,"Pear, orange and cantalope",pear orange cantaloupe,"Pear, orange and cantalope",en,The goal isn't met because there are no protein servings.,45.0,2.0,0.0,3.0,210.0,,,,,,lean_protein
18,2948,7126,not_really,not_really,lunch,greek salad pear cheddar cheese,"Greek salad
Pear and cheddar cheese",cheddar anjou pear cup greek salad dressing,"2 oz cheddar
1 danjou pear
1.5 cups Greek salad with no dressing",en,Great job for adding a serving of whole fruit in your meal! The goal is not met because you did not include lean protein on your plate. To meet this goal you could include chicken (without skin) to add lean protein.,35.0,17.0,25.0,8.0,440.0,In this meal most of the carbs come from the pear (1 pear = 27 grams of carbs). The greek salad and the cheddar cheese also contribute some carbs (1.5 cups of greek salad = 6 grams of carbs; 2 oz of cheddar cheese = 2 grams of carbs),In this meal the protein comes from the cheddar cheese and the greek salad (2 oz of cheddar cheese = 13 grams of protein; 1.5 cups of greek salad = 4 grams of protein),In this meal the fat comes from the cheddar cheese and the greek salad (2 oz of cheddar cheese = 19 grams of fat; 1.5 cups of greek salad = 6 grams of fat),In this meal the fiber comes from the greek salad and the pear (1.5 cups of greek salad = 2 grams of fiber; 1 pear = 6 grams of fiber),"This meal is 32% carbs, 15% protein and 53% fat.",lean_protein
18,2800,6670,not_really,yes,dinner,hard salami sandwich water,Hard salami sandwich with water..,hard salami sandwich,Hard salami sandwich.,en,The goal isn't met because most processed sandwich meats are high-fat proteins.,22.0,10.0,9.0,1.0,223.0,,,,,,lean_protein
18,2800,6672,not_really,yes,breakfast,cantaloupe banana orange juice,"Cantalope , banana and orange juice.",banana cantaloupe orange juice,"Banana, cantalope and orange juice",en,,59.0,2.0,0.0,3.0,230.0,,,,,,lean_protein
18,2948,6659,not_really,yes,dinner,kellogg’s special k frittata rom tomato,"2 Kellogg’s special k frittatas
2 Roma tomatoes",frittata tomato,"2 frittatas
2 tomatoes",en,"The goal isn't met because these have eggs and eggs a medium-fat protein. To meet the goal, choose egg whites instead of whole eggs.",12.0,22.0,26.0,4.0,341.0,,,,,,lean_protein
18,2800,6319,not_really,yes,breakfast,raisin bran cereal milk,Raisin Bran cereal and milk.,raisin bran cereal,Raisin Bran cereal.,en,The goal is not met because there is no protein serving in the meal. Milk contains some protein but it is not the main part of the milk.,58.0,15.0,6.0,7.0,327.0,,,,,,lean_protein
18,2948,6696,not_really,not_really,dinner,greek salad antipasto,Greek salad and antipasto,cup greek salad olive romaine feta cheese red onion pepper dressing antipasto ham cheese salami pepperoni,"2 cups Greek salad
Olives, romaine, feta cheese, red onion, peppers
No dressing
1 cup antipasto
Ham, cheese, salami, pepperoni",en,Deli ham is lean but salami and cheese are high fat.,22.0,39.0,44.0,5.0,679.0,,,,,,lean_protein
18,2948,6708,not_really,yes,dinner,broccoli onion dip water,Broccoli and onion dip and water,sour cream packet onion soup mix cup fresh steamed broccoli water,"2/3 cup sour cream
1/3 packet onion soup mix
3 cups fresh steamed broccoli 
32 oz water",en,The goal isn't met because there isn't a protein serving in the meal.,21.0,5.0,31.0,3.0,401.0,,,,,,lean_protein
18,2800,6678,not_really,yes,lunch,whole wheat bread hard salami water,Whole wheat bread with hard salami and water.,hard salami whole wheat bread,Hard salami whole wheat bread.,en,,27.0,15.0,10.0,4.0,261.0,,,,,,lean_protein
18,2800,6682,not_really,yes,dinner,strawberry yogurt,Strawberry yogut,strawberry yogurt,Strawberry yogut,en,,14.0,5.0,0.0,0.0,78.0,,,,,,lean_protein
18,2800,6686,not_really,yes,breakfast,banana grape cantaloupe,"Banana, grapes and cantalope",banana grape cantaloupe,Banana grapes and cantalope.,en,na,50.0,1.0,0.0,4.0,190.0,,,,,,lean_protein
18,2800,6689,not_really,yes,lunch,smoothie,Smoothie,strawberry cantaloupe banana milk,"Strawberry, cantalope, banana and milk.",en,,65.0,12.0,5.0,5.0,356.0,,,,,,lean_protein
18,2800,6701,not_really,yes,lunch,banana grape peach,"Banana, grapes and peach.",banana grape peach,"Banana, grapes and peach.",en,,53.0,1.0,0.0,5.0,203.0,,,,,,lean_protein
18,1957,4105,not_really,not_really,breakfast,bread cheese oatmeal,Bread cheese and oatmeal,bread cheese oatmeal,Bread cheese and oatmeal,en,,47.0,14.0,11.0,5.0,325.0,,,,,,lean_protein
18,1957,4132,not_really,yes,breakfast,bread cheese egg coffee milk,Bread cheese eggs coffee with milk,bread cheese egg coffee milk,Bread cheese eggs coffee with milk,en,,68.0,46.0,33.0,8.0,753.0,,,,,,lean_protein
18,2948,6719,not_really,yes,dinner,ratatouille,Ratatouille,zucchini tomato v garlic onion eggplant basil cup serving,"Zucchini
Tomatoes
V-8
Garlic
Onions
Eggplant
Basil
2 cups serving",en,The goal is not met because there is not a source of lean protein in the meal. ,6.0,3.0,14.0,4.0,188.0,,,,,,lean_protein
18,1883,4157,not_really,yes,dinner,chicken fry,Chicken fries,fried chicken fried french fry orange tang,Fried chicken fried French fries orange tang.,en,na,55.0,17.0,32.0,3.0,619.0,na,na,na,na,na,lean_protein
18,2800,6435,not_really,yes,lunch,tortilla burrito ginger ale,Tortillas burrito and ginger ale,tortilla burrito,Tortillas burrito,en,"The goal isn't met because the burrito meat is a medium-fat protein. You could meet the goal by using a lean cut of meat instead like tenderloin or chick, round or rump steak.",89.0,12.0,12.0,2.0,481.0,,,,,,lean_protein
18,2800,6472,not_really,yes,breakfast,raisin bran cereal milk orange,Raisin Bran cereal with milk and orange.,raisin bran cereal milk orange,Raisin Bran cereal with milk and orange,en,,71.0,15.0,6.0,9.0,375.0,,,,,,lean_protein
18,1821,2316,not_really,not_really,breakfast,buttered roll banana ando coffee,"Buttered roll, banana and cup of coffee.",buttered roll lightly smeared banana oof black coffee sugar,"Buttered roll, lightly smeared, 1 x banana and 12oz cup of black coffee with 2 x sugars.",en,"The goals has not been met, because there are not lean proteins. To met the goal you can add a slice of turkey or a slice of low fat/fat free cheese",,,,,,,,,,,lean_protein
18,1957,4178,not_really,yes,breakfast,bread cheese egg coffee milk,Bread cheese eggs coffee with milk,bread cheese egg coffee milk,Bread cheese eggs coffee with milk,en,,33.0,15.0,8.0,4.0,264.0,,,,,,lean_protein
18,2800,6660,not_really,yes,breakfast,peanut butter sandwich orange juice,Peanut butter sandwich and orange juice.,peanut butter sandwich,Peanut butter sandwich.,en,The goal isn't met because the peanut butter is the protein and it is a high-fat protein.,42.0,6.0,9.0,2.0,261.0,,,,,,lean_protein
18,1821,2321,not_really,yes,dinner,rice bean steak onion salad bottle water,"Rice and beans, steak and onions and salad. Bottle of water.",yellow rice red bean broiled steak onion lettuce tomato salad.oz bottle water,Yellow rice with red beans. Broiled steak with onions. Lettuce and tomatoes salad. 1x 33oz bottle of water.,en,"I am unable to assess because the main source of protein is the steak and steak can be fatty or lean. To meet this goal, choose cuts of meat that do not have any white streaks or fat around the edges. An example is flank steak. ",,,,,,,,,,,lean_protein
18,1957,4169,not_really,not_really,lunch,potato chicken cheese stick,Potatoes chicken cheese sticks,potato chicken cheese stick,Potatoes chicken cheese sticks,en,,45.0,35.0,55.0,2.0,814.0,,,,,,lean_protein
18,3146,8472,not_really,yes,dinner,corn beef,Corn beef is,corn beef seasoning tomato sauce potato,Corn beef seasoning tomato sauce and potatoes,en,,37.0,20.0,16.0,4.0,377.0,,,,,,lean_protein
18,2948,6525,not_really,yes,lunch,rotisserie chicken,Rotisserie chicken.,rotisserie chicken water oz,"9 oz Rotisserie chicken
Water 16oz",en,,0.0,54.0,33.0,0.0,510.0,,,,,,lean_protein
18,2948,6556,not_really,not_really,lunch,cobb salad coffee,Cobb salad and coffee,strip bacon cup romaine egg avocado tbsp red onion blue cheese dressing,"1
Strip bacon
2 cups romaine
1 egg
1/2 avocado
Tbsp red onion
4 tbsp ma blue cheese dressing",en,"The goal has not been met. In order to meet this goal, include a lean protein instead of bacon, such as chicken or fish.",12.0,15.0,47.0,6.0,537.0,Bacon nutrition facts,,,,,lean_protein
18,2948,7089,not_really,not_really,breakfast,countless quiche,Crustless quiche,kellogg’s special k countless quiche,2 Kellogg’s special k crustless quiches,en,The goal is not met because you did not include lean protein in this meal. To meet this goal you could include chicken (without skin) in this meal.,16.0,20.0,16.0,4.0,260.0,,,,,"This meal is 25% carbs, 31% protein and 44% fat",lean_protein
18,2948,7218,not_really,yes,afternoon_snack,fit crunch protein bar,Fit crunch protein bar,protein bar,Protein bar,en,The goal isn't met because the protein is mixed with a lot of fat. ,14.0,16.0,8.0,1.0,190.0,,,,,,lean_protein
18,2948,6592,not_really,yes,dinner,cal pack pop secret popcorn tbsp sucker natural peanut butter tbsp plum jam turkey breast cheese,"2 100 cal packs of pop Secret popcorn
5 tbsps smuckers Natural peanut butter
2 tbsps plum jam
4 oz turkey breast
2 oz cheese",sorry get picture,Sorry I didn’t get a picture.,en,"The goal isn't met because the protein is the peanut butter and it is a high fat protein. To meet the goal of lean protein change the nut butter to egg whites or low fat cheese if you want another non meat protein.  Turkey breast is also a protein, it is a medium fat protein.  Cheese, unless labeled as low-fat, is a high-fat protein.",38.0,49.0,61.0,5.0,850.0,,,,,,lean_protein
18,2948,6596,not_really,yes,breakfast,yogurt blueberry peanut butter,Yogurt with blueberries and peanut butter,greek yogurt peanut butter blueberry,"1 cup Greek yogurt
1/2 cup peanut butter
1 cup blueberries",en,"The goal isn't met because peanut butter is the main protein and it is a high-fat protein. The yogurt has protein and it can be low fat or high fat, depending upon the type. ",53.0,42.0,49.0,10.0,772.0,,,,,,lean_protein
18,2948,7198,not_really,not_really,dinner,stir fry veg,Stir fry veg,cup stir fry veg used pam cooking spray,"2 cups stir fry veg
Used Pam cooking spray",en,The goal isn't met because there is no protein serving in the meal.  The meal itself is lean.,13.0,3.0,0.0,3.0,80.0,,,,,,lean_protein
18,2948,6619,not_really,yes,morning_snack,kellogg’s crust le quiche,Kellogg’s crust less quiche,egg sausage quinoa call,"Eggs
Sausage
Quinoa
170 cals",en,The proteins are eggs and sausage. Eggs are medium-fat and sausage is high-fat.,6.0,11.0,13.0,2.0,171.0,,,,,,lean_protein
18,2948,7236,not_really,not_really,afternoon_snack,hershey's dark almond nugget,Hershey’s dark with almonds nuggets,chocolate almond,Chocolate and almonds,en,The goal isn't met because there are no protein servings.,16.0,2.0,10.0,3.0,140.0,,,,,,lean_protein
18,2948,7215,not_really,yes,breakfast,egg white omelette mushroom,"Egg white omelette
Mushrooms",cup egg white cup mushroom onion cup cheddar tbsp bacon,"1/2’cup egg white
Cup mushrooms and onions
1/4’cup cheddar
Tbsp bacon",en,,5.0,50.0,41.0,0.0,574.0,,,,,,lean_protein
18,2948,7234,not_really,yes,breakfast,chicken veg,Chicken and veg,chicken thigh cup stir fry veg,"1 chicken thigh
2 cups stir fry veg",en,"The goal isn't met because the chicken thigh looks like there is skin on it. To meet the goal, take off the skin from the chicken.",14.0,23.0,17.0,5.0,321.0,,,,,,lean_protein
18,2948,7243,not_really,not_really,lunch,white castle cheeseburger ratatouille,"White Castle cheeseburgers
Ratatouille",cheeseburger cup ratatouille eggplant zucchini mushroom tomato garlic onion basil salt pepper,"2 Cheeseburgers
1.5 cups ratatouille
Eggplant, zucchini, mushrooms, tomatoes, garlic, onion, basil, salt, pepper",en,Fast food places have fatty food. The meat and the cheese are fatty.,42.0,17.0,20.0,2.0,453.0,,,,,,lean_protein
18,2948,6624,not_really,yes,afternoon_snack,green giant cauliflower cheese sauce,Green giant cauliflower and cheese sauce,cauliflower cheese sauce,"Cauliflower
Cheese sauce",en,The goal isn't met because the main protein in the meal is cheese. Regular cheese is a high fat protein.,6.0,2.0,2.0,1.0,50.0,,,,,,lean_protein
18,2948,7245,not_really,not_really,afternoon_snack,cheez,Cheez its,cheez,1 cup Cheez its,en,The goal isn't met because there isn't a protein serving.,18.0,3.0,8.0,0.0,153.0,,,,,,lean_protein
18,2948,7024,not_really,not_really,dinner,salami mustard,Salmi and mustard,salami tablespoon brown mustard,"4 oz salami
2 tablespoons brown mustard",en,The goal is not met because you did not include a lean protein on your plate. To meet this goal you could include Canadian bacon or ham in your meal.,2.0,25.0,36.0,1.0,441.0,In this meal both the salami and the mustard contribute a small amount of carbs (4 oz of salami = 1 gram of carbs; 2 tbsp of mustard = 1 gram of carbs),In this meal the protein comes from the salami (4 oz of salami = 24 grams of protein),In this meal most of the fat comes from the salami (4 oz of salami = 35 grams of fat),In this meal the mustard contributes a small amount of fiber (2 tbsp of mustard = 1 gram of fiber),"This meal is 2% carbs, 23% protein and 75% fat",lean_protein
18,2948,7271,not_really,yes,breakfast,omelette,Omelette,egg beater bacon cheese,"1 cup egg beaters
2 tbsp bacon
2 tbsp cheese",en,,5.0,33.0,12.0,0.0,248.0,,,,,,lean_protein
18,2948,7022,not_really,not_really,afternoon_snack,guru err bacon egg bite,Guru err and bacon egg bites,starbucks gruyere bacon egg bite,Starbucks gruyere and bacon egg bites,en,The goal is not met because you did not include a serving of lean protein in this meal. To meet this goal you could order the Egg White and Red Pepper egg bites instead. ,9.0,19.0,22.0,0.0,310.0,,,,,"This meal is 12% carbs, 25% protein and 63% fat.",lean_protein
18,2948,7192,not_really,yes,breakfast,protein bar pear,Protein bar and pear,large anjou pear pure protein bar,"Large danjou pear
Pure protein bar",en,The goal is not met because you did not include a lean protein in your meal. To meet this goal you could add peanut butter to the pear. ,43.0,20.0,6.0,7.0,308.0,"In this meal both the pear and the protein bar contribute some carbs (1 pear = 27 grams of carbs, 1 protein bar = 16 grams of carbs)",In this meal all the protein comes from the Pure Protein Bar (1 bar = 20 grams of protein),In this meal all the fat comes from the Pure Protein Bar (1 bar = 6 grams of fat),In this meal most of the fiber comes from the pear (1 pear = 6 grams of fiber),"This meal is 56% carbs, 26% protein and 18% fat",lean_protein
18,1883,4268,not_really,yes,lunch,fish platoon,Fish platanos,fried base fish mango plantain boiled diet ginger ale,"Fried basa fish,mangoo,[platains  boiled] diet ginger ale.",en,,45.0,37.0,23.0,1.0,535.0,,,,,,lean_protein
18,1821,2381,not_really,yes,afternoon_snack,fried chicken mixed vegetable bottle water,Fried chicken and mixed vegetables. Bottle of water.,leg/thigh fried chicken mixed vegetable carrot green bean tomatoes.bottle water,"1 x leg/thigh fried chicken, mixed vegetables, carrots. Green beans, tomatoes. 1 x 50oz bottle of water.",en,"The meet this goal, simply remove the skin before eating the chicken. ",,,,,,,,,,,lean_protein
18,2948,6735,not_really,yes,breakfast,starbucks egg bite cheese fruit plate,Starbucks egg bites and cheese and fruit plate,gruyere bacon egg bite call carbs egg cheese bacon call carbs fruit cheese box,"2 gruyere and bacon egg bites
350 cals
9 carbs
Eggs and cheese and bacon
450 cals
34 carbs
Fruit and cheese box",en,The goal is not met because there is a larger amount of fat from the egg bites and cheese in this meal. In order to meet your goal next time try reducing the amount of cheese.,43.0,39.0,49.0,4.0,760.0,,,,,Nutrition information obtained from starbucks online,lean_protein
18,2658,9881,not_really,not_really,afternoon_snack,coffee,Coffee,coffee,Coffee,en,,0.0,1.0,0.0,0.0,5.0,,,,,,lean_protein
18,2948,6823,not_really,yes,lunch,ratatouille,Ratatouille,cup ratatouille eggplant tomato juice zucchini garlic onion,"2 cups ratatouille
Eggplant, tomato juice, zucchini, garlic, onions",en,"Good job for including vegetables in your meal! The goal is not met because there is no lean protein in this meal. To meet this goal, you could add chicken (without skin) or turkey.",32.0,4.0,15.0,9.0,253.0,,,,,"This meal is 50% carbs, 6% protein and 44% fat",lean_protein
18,1883,4341,not_really,not_really,breakfast,coffee,Coffee,creamer coffee,Creamer coffee,en,"The goal has not been met, because there are not any lean proteins in the meal. To meet this goal add lean proteins to your meal, like chicken breast or fat free cheeses. ",5.0,0.0,2.0,0.0,38.0,,,,,,lean_protein
18,2948,6816,not_really,yes,breakfast,egg salad tomato guacamole coffee,Egg salad tomato and guacamole with coffee,egg salad tomato container calorie chilly guacamole coffee splenda,"1 and 1/3 cup egg salad
3 tomatoes
1 container of 100 calorie Whilly Guacamole
Coffee with splenda",en,"Good job for including a vegetable in your meal! The goal is not met because there is no lean protein in this meal. To meet this goal you could add chicken without skin or fish (tuna, salmon)",27.0,27.0,61.0,7.0,686.0,All the foods in this meal contribute some carbs (3 tomatoes = 14 grams of carbs; 1.3 cup of egg salad = 8 grams of carbs; 1 wholly guacamole = 5 grams of carbs),In this meal most of the protein comes from the egg salad (1.3 cup of egg salad = 23 grams of protein),In this meal most of the fat comes from the egg salad (1.3 cup of egg salad = 52 grams of fat). The wholly guacamole also contributes some fat (1 wholly guacamole  = 9 grams of fat),In this meal both the tomatoes and the guacamole contribute some fiber (3 tomatoes = 4 grams of fiber; 1 wholly guacamole= 3 grams of fiber),"This meal is 15% carbs, 15% protein and 70% fat",lean_protein
18,1821,2417,not_really,yes,breakfast,oatmeal hardboiled egg coffee,"Oatmeal, hard-boiled eggs and coffee.",oatmeal hardboiled egg black coffee withtspn raw sugar,"Oatmeal, 2x hard-boiled eggs and black coffee with 2x tspn of raw sugar.",en,"Eggs are a nutritious food and can be fine in moderation. They are, however, a medium fat protein. ",,,,,,,,,,,lean_protein
18,1821,2412,not_really,not_really,afternoon_snack,bacon egg sandwich.of black coffee,Bacon and egg sandwich. Cup of black coffee.,bacon egg sandwich whole wheat.cup black coffeetspn raw sugar,Bacon and egg sandwich on whole wheat. 1x cup of black coffee 1x tspn raw sugar.,en,eggs are lean proteins but the bacon is a high fat protein,,,,,,,,,,,lean_protein
18,1821,2439,not_really,yes,lunch,black forrest ham pepper jack cheese multi grain wheat banana bottle water,"Black Forrest ham pepper jack cheese on multi grain wheat, banana and bottle of water.",black forrest ham pepper jack cheese sandwich multi grain wheat bread.banana ando bottle water,Black Forrest ham and pepper jack cheese sandwich on multi grain wheat bread. 1x banana and 1x 33oz bottle of water.,en,"The cheese is considered high fat. The ham looks like deli meat, which is high fat.",,,,,,,,,,,lean_protein
18,1883,2450,not_really,yes,dinner,rice beef sweet plantain,"Rice,beef ,sweet platain",stew beef white rice fried plantain,"Stew beef ,white rice, fried plantains",en,"The goal has not been met, because the protein is not lean. To meet this goal, choose lean meats like: sirloin, round and sirloin.",,,,,,,,,,,lean_protein
18,2948,7251,not_really,not_really,dinner,ratatouille cheese,Ratatouille and cheese,cheese cup ratatouille,"3 oz cheese
2.5 cups rststouille",en,,4.0,22.0,37.0,1.0,472.0,,,,,,lean_protein
18,1883,2467,not_really,yes,afternoon_snack,beef patty two candy apple water,"Beef pattie ,two candys,apple water",jamaican beef patty red apple tootsie roll#/water tap,"Jamaican beef pattie,red apple,tootsie roll#2/water tap",en,"The goal has not been met, because the beef pattie might not contain lean protein. To meet this goal choose lean protein such as lean ground beef. Many times packaged food are high in fat. Try, whenever is possible, to make your own patties with lean ground beef. ",,,,,,,,,,,lean_protein
18,2948,7193,not_really,yes,lunch,rotisserie chicken,Rotisserie chicken,rotisserie chicken,12 oz rotisserie chicken,en,The goal is not met because the chicken has skin that adds fat to the meal. To meet this goal make sure to remove the skin. ,0.0,94.0,28.0,0.0,631.0,,,,,,lean_protein
18,1883,2468,not_really,yes,dinner,meat rice celery,Meat rice celery,grilled beef white rice roman bean celery chopped,"Grilled beef,white rice,roman beans,celery chopped.",en,"The goal has not been met, because the beef might not be lean. To met this to goal choose lean meats like: round, sirloin or flansteak, tenderloin, and chipped beef.",,,,,,,,,,,lean_protein
18,2948,6892,not_really,not_really,afternoon_snack,popcorn,Popcorn,small popcorn water diet coke pictured,"1/2 small popcorn amc
Water and Diet Coke not ouctured",en,The goal is not met because it does not include a lean protein. To meet this goal include a lean protein.,41.0,7.0,13.0,7.0,300.0,,,,,Nutrition information  obtained from AMC ,lean_protein
18,1883,2483,not_really,yes,morning_snack,cheese burger,Cheese burger,cheese burger beef soup,"Cheese burger, beef soup,",en,"The goal has not been meet, because patties or hamburgers usually are made with high fat ground beef. To meet this goal try to have lean round beef.",,,,,,,,,,,lean_protein
18,1821,2433,not_really,yes,dinner,two burger sweet potato fry lettuce/tomato/onions bottle water,"Two burgers, sweet potato fries, lettuce/tomato/onions. Bottle of water",x cheese slider sweet potato fry lettuce/tomato onion slices.bottle water,"2x cheese sliders, sweet potato fries, lettuce/tomato and onion slices. 16oz bottle of water.",en,"To meet this goal, have a a veggie or turkey burger with low-fat cheese. ",,,,,,,,,,,lean_protein
18,1821,2540,not_really,not_really,lunch,yellow rice red bean corned beef carrot bottle water shown,Yellow rice with red beans and corned beef with carrots. Bottle of water (not shown),yellow rice red kidney bean corned beef carrots.bottle water shown,Yellow rice with red kidney beans and corned beef with carrots. 16oz bottle of water (not shown),en,"Corned beef is a medium fat protein, the beans are a lean protein.",49.0,28.0,23.0,2.0,522.0,"The rice is the main source of carbohydrates, this is based on 1 cup of rice and beans.","This is based on 4 ounces of corned beef, corned beef is the main sourc of protein. There is protein in the bean also","The corned beef has most of the fat. if there is an added sauce, that would add more fat.",The fiber is from the rice.,This is based on no sauce added.,lean_protein
18,1983,2556,not_really,yes,dinner,cured beef tongue spinach mescal salad braggberry salad dressing,"Cured beef tongue, spinach mesculi salad with braggberry salad dressing",beef tongue raw spinach mescal salad cucumber tablespoon bragg organic braggberry dressing,"4 oz beef tongue, 1 cup raw spinach, 1/2 cup mesculi salad, 1/4 cup cucumber, 2 tablespoon Bragg organic braggberry dressing",en,"Beef tongue is a medium fat protein. In order to meet this goal, have a leaner cut of beef, such as sirloin or tenderloin trimmed of all visible fat. ",,,,,,,,,,,lean_protein
18,1983,2570,not_really,not_really,after_dinner_snack,cinnamon tea,Cinnamon tea,water whole cinnamon stick tablespoon honey,"16 oz water with 1 whole cinnamon sticks, 1 tablespoon honey",en,There is no protein in the meal. ,,,,,,,,,,,lean_protein
18,1821,2550,not_really,not_really,lunch,double cheese burger large fry water,"Double cheese burger, large fries and water.",double pepper cheese large fry bottle water,"Double pepper with cheese, large fries and bottle of water",en,"The burger is the main source of protein, it is a medium fat protein, not a lean protein",100.0,26.0,45.0,6.0,918.0,The bun and the fries have carbohydrates,The meat and the cheese have protein,The oil that fries are fried in is all fat. The cheese and meat have fat.,"The fiber is in the bun, which is a carbohydrate.",The fries are high in calories due to the amount of oil. Oil is 100 calories per tablespoon.,lean_protein
18,1821,2559,not_really,yes,breakfast,pancake egg sausage black coffee,"Pancakes, eggs and sausage. Black coffee.",pancake egg sausage oof black coffee,"Pancakes, 2x eggs and sausage. 12oz cup of black coffee.",en,Sausage is a high fat protein. The egg white is lean.,47.0,33.0,50.0,2.0,771.0,The main source of carbohydrates is the pancakes,"The main protein is the sausage, all animal foods have protein.",The man fat is in the sausage. There is fat in egg yolks and some in the pancakes since they have eggs in them.,The small amount of fiber is from the pancakes.,This is based on 2 large pancakes and 3 sausage links.,lean_protein
18,1821,2574,not_really,yes,breakfast,rice bean chicken gizzard hardboiled egg bottle water,"Rice, beans with chicken gizzard and hard-boiled eggs. Bottle of water.",white rice red bean chicken gizzard.hardboiled egg andbottle water,"White rice, red beans and chicken gizzard. 2x hard-boiled eggs and 16oz bottle of water.",en,"Egg yolk is a medium fat protein, chicken gizzard if they have skin are medium fat and if they are fried it is high fat.",65.0,74.0,21.0,0.0,668.0,Rice is a carbohdrate. The beans are partly carbohydrate and part protein.,The egg whites and chicken are the protein sources.,The chicken and egg yolks are the fat.,There is virutally no fiber in the meal.,Based on 1/2 cup of rice and beans.,lean_protein
18,1983,2544,not_really,not_really,breakfast,coffee oz,Coffee - 12 oz,coffee water non dairy creamer,"Coffee, water, non dairy creamer.",en,"The goal has not been met, because there are not any lean proteins in the meal. ",,,,,,,,,,,lean_protein
18,2948,7252,not_really,yes,breakfast,oatmeal,Oatmeal,oatmeal tbsp raisin cinnamon non fat half half,"1/2 cup oatmeal
Tbsp raisins
Cinnamon
Non fat half and half",en,,47.0,3.0,1.0,4.0,205.0,,,,,,lean_protein
18,2948,7255,not_really,not_really,morning_snack,mini cupcake twist fruit tart,"Mini cupcake 
Twist
Fruit tart",lot sugar,Lots of sugar,en,The goal isn't met because there are no protein servings. These foods are made up of carbohydrates.,62.0,6.0,23.0,2.0,491.0,,,,,,lean_protein
18,2948,7256,not_really,not_really,lunch,ratatouille,Ratatouille,cup ratatouille,2 cups ratatouille,en,,37.0,6.0,5.0,1.0,210.0,,,,,,lean_protein
18,1821,2454,not_really,yes,breakfast,easy egg grit beef sausage toast glass water,"Over easy eggs, grits, beef sausage and toast. Glass of water.",easy egg grit beef sausage toast coz glass water,"2 x over easy eggs, grits and beef sausage and toast. 1 x12oz glass of water.",en,Sausage is a fatty protein.,,,,,,,,,,,lean_protein
18,1883,2515,not_really,yes,breakfast,sandwich,Sandwich,salami cheese hoagie roll,"Salami,cheese, hoagie roll",en,"The goal has not been met, because salami contains a high amount of fat and the cheese is not specified if its low fat or fat free cheese. To meet this goal, choose leaner proteins like sausages with 3g of fat or less per once. For the cheeses, choose lower fat or fat free cheeses. ",,,,,,,,,,,lean_protein
18,1983,2549,not_really,not_really,morning_snack,ham cheese omelette fried plantain,Ham cheese omelette with fried plantains,quarteronions quartergreen pepper pat butter one half egg two slice low salt ham slice muenster cheese sweet plantain quarteroilfor frying water,"Quarter cup onions, quarter cup green pepper, 1 pat butter, one and a half egg, two slices low salt ham, 2 slices Muenster cheese, 1/2 sweet plantain, quarter cup oilfor frying.  16 oz water.",en,"The goal has not been met, because muenster cheese contains high amount of fat. To meet this goal, choose low fat/fat free chess, or cheeses with 3g of fat or less per ounce. ",,,,,,,,,,,lean_protein
18,1883,2529,not_really,yes,dinner,carne guitar rice salad,"Carne guisar,rice, salada",beef chunk stewed white rice lettuce carrot,"Beef chunks stewed,white rice,lettuce,carrots",en,"Beef can be lean or fatty. Usually, fattier cuts are used in stew. To meet this goal, substitute chicken for the beef. ",,,,,,,,,,,lean_protein
18,2800,6697,not_really,yes,breakfast,banana yogurt,Banana and yogurt,banana yogurt,Banana and yogurt,en,"Eating fruit is a great choice. The goal is not met because you did not include lean protein in this meal. In the future, you could add peanut butter to the banana to include a lean protein. Good job for adding a fruit!",48.0,7.0,2.0,3.0,240.0,In this meal the carbs come from both the banana and the yogurt (1 banana = 23 grams of carbs;  6 oz yogurt = 25 grams of carbs),In this meal most of the protein comes from the yogurt (1 oz of yogurt = 6 grams of protein).,In this meal all the fat comes from the yogurt (6 oz of yogurt = 2 grams of fat),In this meal all the fiber comes from the banana (1 banana = 3 grams of fiber),"This meal is 80% carbs, 12% protein and 8% fat",lean_protein
18,2948,6739,not_really,yes,dinner,half chicken salad dallas bbq,Half chicken and salad at Dallas bbq,chicken salad ranch dressing tbsp,"1/2 chicken
1 cup salad
Ranch dressing (2 tbsps)",en,"The goal is not met because while the chicken in naturally lean, the skin makes it higher in fat. The goal can be met by taking the skin off of the chicken. ",4.0,54.0,43.0,2.0,654.0,,,,,Nutrition information from Dallas BBQ was not available. USDA database was used instead. ,lean_protein
18,1983,2569,not_really,yes,dinner,whole wheat pasta meatball sauce sliced cucumber,Whole wheat pasta with meatballs and sauce and sliced cucumbers,whole wheat pasta five small meatball tomato sauce calorie gram fat gram protein unedited cucumber black pepper tablespoon parmesan cheese,"1 cup whole wheat pasta, five small meatballs in tomato sauce ( 150 calories 7 grams of fat 14 grams of protein), one cup diced cucumbers with black pepper, 2 tablespoon Parmesan cheese",en,"The goal has not been met, because ground beef (meatballs) and parmesan cheese both, are high in fat. To meet this goal choose lean ground beef to make the meatballs and choose low fat/fat free cheeses. ",,,,,,,,,,,lean_protein
18,1983,2565,not_really,yes,morning_snack,cheddar cheese raisin bread tea,Cheddar cheese raisin bread and Tea,raisin bread cheddar cheese oolong tea two tablespoon raw agave,"3 oz of raisin bread, 3 oz of cheddar cheese, 16 oz Oolong tea, two tablespoons raw agave.",en,"The main source of protein is the cheese. Cheese is a high fat protein. To meet this goal, choose a low-fat cheese, such as low-fat cream cheese, low-fat ricotta, low-fat cottage cheese, or part skim mozzarella. ",,,,,,,,,,,lean_protein
18,2948,6946,not_really,not_really,breakfast,egg omelette,2 egg omelette,egg cheddar bacon water black coffee splenda,"2 eggs
1/4 cup cheddar
1 tbsp bacon
32 oz water
Black coffee w splenda",en,Your goal is not met because you did not include a lean protein in your meal. To meet this goal you could prepare the omelet with egg whites instead of using whole eggs. ,2.0,24.0,29.0,0.0,375.0,In this meal both the omelet and the cheddar cheese contribute a small amount of carbs (2 egg omelet = 1 gram of carbs; 1/4 cup of cheddar cheese = 1 gram of carbs),In this meal most of the protein comes from the omelet (2 egg omelet = 13 grams of protein). The cheddar cheese and bacon also contribute some protein but in smaller amounts (1/4 cup of cheddar cheese = 6 grams of protein; 1 tbsp of bacon = 5 grams of protein),In this meal most of the fat comes from the omelet (2 egg omelet = 14 grams of fat). The cheddar cheese and bacon also contribute some fat but in smaller amounts (1/4 cup of cheddar cheese = 9 grams of fat; 1 tbsp of bacon = 6 grams of fat),,"This meal is 2% carbs,  26% protein and 72% fat",lean_protein
18,1983,2616,not_really,not_really,breakfast,coffee nondairy creamer,Coffee with non-dairy creamer,coffee four tablespoon sweet cream flavored creamer,16 oz coffee with four tablespoons of sweet cream flavored creamer,en,There is no protein in this meal.,,,,,,,,,,,lean_protein
18,1983,2619,not_really,yes,morning_snack,pancake italian sausage,Pancakes Italian sausage,nonfat milk italian sausage link one small whole wheat pancake pecan quarterreal maple syrup,"16 oz nonfat milk, to Italian sausage links one small whole wheat pancakes with pecans and quarter cup real maple syrup",en,"Italian sausage is a high-fat protein. To meet your goal, substitute a lower fat protein, such as chicken sausage. ",,,,,,,,,,,lean_protein
18,1957,2641,not_really,yes,dinner,rice chicken pastel de plátano con care solid tomate,Rices chicken pasteles de plátano con carnes molida  y tomate,chicken rice tomato pastel,Chicken Rices tomatoes pasteles,en,"The chicken is the protein and it looks fried. If it isn't fried, it would be lean.",,,,,,,,,,,lean_protein
18,1983,2646,not_really,not_really,breakfast,coffee non dairy creamer,Coffee 4 Non dairy creamer,coffee tablespoon sweet cream nondairy creamer water,16 oz coffee 4 tablespoons sweet cream non-dairy creamer 16 oz of water,en,"The goal has not been, because there are no lean protein sources. In the future, you could add skim milk to the coffee to include protein. ",,,,,,,,,,,lean_protein
18,1821,2457,not_really,yes,dinner,chinese breaded chicken vegetable fried rice egg roll bottle water,"Chinese Breaded chicken, vegetable fried rice, egg roll and bottle of water.",chinese breaded chicken vegetable broccoli onion pea bean sprout egg roll andbottle water,"Chinese Breaded chicken, vegetable (broccoli, onions, peas and beans sprouts), 1 x egg roll and 16oz bottle of water.",en,The proteins (chicken and egg) are not lean.,,,,,,,,,,,lean_protein
18,2800,6723,not_really,yes,lunch,yogurt grape orange,"Yogurt, grapes and orange.",yogurt grape orange,"Yogurt, grapes and orangev",en,The goal is not met because it does not include a lean protein. To meet this goal include a lean protein. ,44.0,7.0,2.0,3.0,224.0,,,,,,lean_protein
18,2948,7276,not_really,yes,lunch,ratatouille,Ratatouille,cup ratatouille,2 cups ratatouille,en,,32.0,4.0,15.0,9.0,253.0,,,,,,lean_protein
9,1821,2263,not_really,yes,breakfast,pain magnet sandwich banana ando black coffee,"Pain Bagnat sandwich, 1 x banana and cup of black coffee.",pain magnet sandwich tuna hardboiled egg lettuce tomato onion olive oil balsamic vinegar banana oof black coffee espn sugar,"Pain Bagnat sandwich with tuna, hard-boiled egg. Lettuce, tomato, onion, olives, oil and balsamic vinegar. 1 x banana and 1 x 12oz cup of black coffee with 2 x tspn of sugar.",en,this meal is at most 1/3 fruits and vegetables (banana and vegetables in sandwich),,,,,,,,,,,half_fruits_vegetables
9,1821,2200,not_really,yes,breakfast,bowl oatmeal tangerine oof black coffee espn raw sugar,"Bowl of oatmeal, 1 tangerine and 16 oz Cup of black coffee w/ 3 x tspn of raw sugar.",oatmeal honey cinnamon tangerine oof black coffee espn raw sugar,"Oatmeal with honey and cinnamon, 1 x tangerine and 16 oz Cup of black coffee w/ 3 x tspn raw sugar.",en,There is one fruit and no vegetables in the meal.,,,,,,,,,,,half_fruits_vegetables
9,2822,6200,not_really,not_really,breakfast,pan cake baking bacon,Pan cakes  And baking bacon,pancake strip bacon tea bacon tea,For pancakes 4 strips  Bacon my cup of tea Bacon my cup of tea,en,"The goal has not been met as the meal does not contain fruits or vegetables. In order to meet this goal, make 1/2 the plate fruit and vegetables.",30.0,10.0,36.0,1.0,441.0,,,,,,half_fruits_vegetables
9,2822,6205,not_really,yes,breakfast,muffin,Muffin   And T,one cornwall friend tea,One Cornwall friend in 1 cup of tea,en,"The goal has not been met as the meal does not contain fruits or vegetables. In order to meet this goal, make 1/2 the plate fruit and vegetables.",30.0,3.0,17.0,0.0,275.0,,,,,,half_fruits_vegetables
9,2822,6219,not_really,yes,breakfast,cereal fruit milk,Cereal fruit milk,half oatmeal one orange glass soy milk,A cup in the half of oatmeal one Orange in a glass of soy milk,en,,64.0,11.0,6.0,9.0,345.0,,,,,,half_fruits_vegetables
9,1821,2205,not_really,yes,afternoon_snack,liverwurst/gouda cheese sandwich lettuce tomato mustard grain bread,"Liverwurst/Gouda cheese sandwich w/lettuce, tomato and mustard on 12 grain bread.",liverwurst/gouda cheese sandwich lettuce tomato mustard grain bread oof black coffee espn raw sugar,Liverwurst/Gouda cheese sandwich with lettuce and tomato mustard on12 grain bread. 12 oz cup of black coffee with 1 x tspn of raw sugar.,en,"To meet this goal, try adding 1-2 cups of veggies (such as salad with carrots and tomatoes). ",,,,,,,,,,,half_fruits_vegetables
9,1821,2213,not_really,not_really,afternoon_snack,medium pancake syrup tangerine oof black coffee sugar,3 x medium pancake with syrup and tangerine. 1 x 12 oz cup of black coffee with 2 x sugars.,medium pancake syrup tangerine oof black coffee espn raw sugar,"3 x medium pancake with syrup, 1 x tangerine and 1 x 12 oz cup of black coffee with 2 x tspn of raw sugar.",en,There is one fruit and no vegetables in the meal.,,,,,,,,,,,half_fruits_vegetables
9,1821,2218,not_really,not_really,breakfast,spinach squish oof black coffee,Spinach quish and 12 oz cup of black coffee,spinach squish oof black coffee espn sugar,Spinach quish 12 oz cup of black coffee 2 x tspn sugar,en,spinach is < 1/4 of the meal,,,,,,,,,,,half_fruits_vegetables
9,1821,2221,not_really,yes,lunch,fried chicken breast string bean carrot tomato macaroni cheese half avocado bottle water,"Fried chicken breast, string beans, carrots and tomato with macaroni and cheese. Half an avocado and 16 oz bottle of water.",fried chicken breast string bean carrot tomato slice macaroni cheese half avocado bottle water,"Fried chicken breast, string beans, carrots, tomato slices and macaroni and cheese. Half an avocado and 17 oz bottle of water.",en,vegetables make up ~ 1/4 of the meal,,,,,,,,,,,half_fruits_vegetables
9,1821,2229,not_really,not_really,breakfast,raisin ciabatta bread butter lightly smeared hardboiled egg banana bottle orange juice,"Raisin Ciabatta bread with butter, lightly smeared. 1 x hard-boiled egg and 1 x banana. 1 x 15 oz bottle of orange juice.",half ciabatta bread butter lightly smeared hardboiled egg banana bottle orange juice,"Half Ciabatta bread with butter, lightly smeared. 1 x hard-boiled egg and 1 x banana. 1 x 15 oz bottle of orange juice.",en,this meal is ~1/4 fruit (banana),,,,,,,,,,,half_fruits_vegetables
9,2658,9881,not_really,not_really,afternoon_snack,coffee,Coffee,coffee,Coffee,en,,0.0,1.0,0.0,0.0,5.0,,,,,,half_fruits_vegetables
9,1821,2233,not_really,yes,dinner,half roast beef hero bottle water,Half Roast Beef Hero and bottle of water.,roast beef hero pepper jack cheese lettuce/tomato mayo lightly smeared bottle water,"Roast Beef Hero with pepper jack cheese, lettuce/tomato and mayo lightly smeared. And 1 x 33 oz bottle of water.",en,"this meal is ~1/4 vegetables (lettuce and tomato), though not confirmed in picture",,,,,,,,,,,half_fruits_vegetables
9,3146,8094,not_really,not_really,dinner,pizza water,Pizza and water,pizza dough cheese put garlic,Pizza dough cheese in the I put garlic,en,,75.0,33.0,24.0,3.0,671.0,,,,,,half_fruits_vegetables
9,1821,2245,not_really,not_really,lunch,fried whiting sandwich wheat bread bottle water,Fried Whiting sandwich on wheat bread and bottle of water.,fried whiting fish sandwich tablespoon tartar sauce bottle water,"Fried Whiting fish sandwich, 1 x tablespoons of tartar sauce. 1 x 16 oz bottle of water.",en,no fruits or vegetables pictured here,,,,,,,,,,,half_fruits_vegetables
9,1957,3791,not_really,yes,lunch,spinach chicken tomato rap,Spinach chicken tomato in a Rap,spinach chicken tomato everything rap,Spinach chicken tomato everything in a Rap,en,,45.0,39.0,27.0,2.0,602.0,na,na,na,na,na,half_fruits_vegetables
9,1957,3781,not_really,yes,dinner,chicken soup rice,Chicken soups rice,chicken soup rice,Chicken soups rice,en,"This goal is not met because there are no fruits or veggies in the meal. To meet this goal, add at least 1.5 cups of fruits & vegetables to the plate. For example, you could add an apple, and a side salad of lettuce, tomato & cucumber.",46.0,40.0,20.0,1.0,525.0,na,na,na,na,na,half_fruits_vegetables
9,1821,2286,not_really,yes,dinner,rice bean pork chop plantain chip bottle water,Rice and beans pork chop with plantain chips. Bottle of water.,white rice red bean pork chop plantain chips.bottle water,"White rice, red beans, 1 x pork chop and plantain chips. 1 x 16oz bottle of water.",en,no fruits or vegetables pictured here,,,,,,,,,,,half_fruits_vegetables
9,1821,2289,not_really,not_really,breakfast,oatmeal hardboiled egg coffee,"Oatmeal, hard-boiled eggs and coffee.",oatmeal hardboiled egg oof black coffee espn raw sugar,"Oatmeal, 2 x hard-boiled eggs and 12 oz cup of black coffee with 2 x tspn of raw sugar.",en,There are no fruits or vegetables in this meal,,,,,,,,,,,half_fruits_vegetables
9,1957,3797,not_really,not_really,dinner,chicken fried rice chicken broccoli,Chicken with fried rice and chicken with broccoli,chicken fried rice chicken broccoli,Chicken with fried rice chicken with broccoli,en,"The broccoli is a healthy choice! To meet this goal, increase the broccoli portion size to at least 1 1/2 cups or make half your plate fruit and/or vegetables.",69.0,17.0,12.0,4.0,459.0,,,,,,half_fruits_vegetables
9,1957,3837,not_really,yes,dinner,rice chicken broccoli chicken stone,Rice chicken broccoli chicken tostone,yellow rice chicken broccoli chicken stone,Yellow rice chicken broccoli chicken tostone,en,"It is great that you are having broccoli, it is very healthy. However, to meet this goal, have more broccoli or add another vegetable to your meal. ",62.0,29.0,38.0,4.0,737.0,"In this meal the carbohydrates come from the yellow rice. Rice is a starch, and starches are mostly carbohydrates. ",In this meal the protein mainly comes the chicken.,In this meal fat mainly comes from the fried chicken and fried tostones.,In this meal fiber comes from the broccoli.,"
In this meal the main source of calories is the fried chicken and tostones. 
",half_fruits_vegetables
9,1957,3826,not_really,yes,dinner,black rice chicken,Black rice and chicken,black rice chicken,Black rice and chicken,en,"The goal has not been met, because there no fruits or vegetables in the meal. To meet this goal make your plate half fruits and/or vegetables. 
",22.0,22.0,19.0,6.0,341.0,"In this meal the carbohydrates come from the rice and beans. Rice and beans are starches, and starches are mostly carbohydrates.",In this meal the protein mainly comes from the chicken and beans. ,In this meal fat mainly comes from the chicken. ,In this meal fiber comes from the beans. ,In this meal the main source of calories is the ricen and beans. ,half_fruits_vegetables
9,1957,3853,not_really,yes,dinner,rice chicken avocado,Rice chicken avocado,rice chicken avocado,Rice chicken avocado,en,na,48.0,29.0,18.0,3.0,474.0,na,na,na,na,na,half_fruits_vegetables
9,1821,2371,not_really,not_really,dinner,lasagna banana bottle water,"Lasagna, banana and bottle of water.",lasagna meat cheese banana andbottle water,"Lasagna, meat and cheeses, 1 x banana and 1 x 16oz bottle of water.",en,To meet this goal reduce the portion of lasagne by half and fill half the plate with salad. ,,,,,,,,,,,half_fruits_vegetables
9,1957,3882,not_really,yes,dinner,rice bean eggplant vacalao conhuevo platoon,Rice beans eggplant vacalao conhuevo Platano,rice bean eggplant vacalao egg platoon,Rice beans eggplant vacalao with eggs Platano,en,"The goal is not met because the meal does not contain 1 1/2 cups of fruits and vegetables or half the plate of fruits and vegetables. To better meet this goal, increase the portion size of the eggplant or add more vegetables to fill up half the plate.",66.0,38.0,33.0,11.0,719.0,,,,,,half_fruits_vegetables
9,2052,6340,not_really,not_really,breakfast,maple oatmeal,Maple but oatmeal,oatmeal sugar pecan skim milk,"Oatmeal, sugar, pecans, skim milk",en,,32.0,4.0,3.0,3.0,160.0,,,,,,half_fruits_vegetables
9,1957,4030,not_really,yes,lunch,turkey sandwich cheese lettuce tomato,Turkey sandwich with cheesses letuce tomatoes,turkey cheese tomato lettuce,Turkey cheesses tomatoes letuce,en,,55.0,22.0,6.0,3.0,361.0,,,,,,half_fruits_vegetables
9,1957,4058,not_really,yes,lunch,platoon onion egg cheese salchichón,Platano with onion eggs cheese salchichón,platoon egg cheese salchichón onion,Platano eggs cheese salchichón onion,en,,45.0,37.0,26.0,6.0,535.0,,,,,,half_fruits_vegetables
9,1957,3940,not_really,not_really,breakfast,oatmeal bread,Oatmeal bread,oatmeal bread,Oatmeal bread,en,"The goal has not been met, because there are not 2 different types of fruits or vegetables in the meal. To meet this goal, add 2 fruits, like 1 apple and 1 banana. 
",24.0,6.0,2.0,3.0,143.0,In this meal the carbohydrates come from the oatmeal bread. ,In this meal the protein comes from the oatmeal bread. ,In this meal the fat comes from the oatmeal bread. ,In this meal the fiber comes from the oatmeal bread. ,The calories come from the oatmeal bread. ,half_fruits_vegetables
9,1821,2294,not_really,not_really,dinner,liverwurst gouda sandwich bottle water,Liverwurst and Gouda sandwich. Bottle of water.,liverwurst gouda cheese hero mustard bottle water,Liverwurst and Gouda cheese hero with mustard. 1 x  16oz bottle of water.,en,There are no fruits or vegetables in the picture.,,,,,,,,,,,half_fruits_vegetables
9,1957,3950,not_really,yes,dinner,platoon chicken egg,Platano chicken eggs,platoon chicken egg,Platano chicken eggs,en,"This goal is not met because half of the plate is not fruits & vegetables. To meet this goal, make sure to have at least 1.5 cups of fruits & non-starchy vegetables on your plate.",60.0,32.0,20.0,3.0,525.0,na,na,na,na,na,half_fruits_vegetables
9,1821,2296,not_really,not_really,breakfast,sausage egg cheese coconut bread banana ando black coffee,"Sausage egg and cheese on coconut bread, banana and cup of black coffee.",beef sausage fried egg pepper jack cheese coconut bread banana oof black coffee sugar,"Beef sausage, fried eggs and pepper jack cheese on coconut bread. 1 x banana and 1 x 12 oz cup of black coffee with 2 x sugars.",en,There is 1 fruit and no vegetables in the meal.,,,,,,,,,,,half_fruits_vegetables
9,1957,4082,not_really,yes,dinner,turkeywith cheese lecture tomato welch juice,Turkeywith chesses letuces tomatoes and welch juice,turkey tomato lettuce cheese welch juice,Turkey tomatoes letuce cheesses and welch juice,en,,100.0,27.0,8.0,2.0,580.0,,,,,,half_fruits_vegetables
9,1957,4092,not_really,yes,lunch,pastel de platoon mature con carne guess,Pastelon de Platano maduro con carne y gueso,pastelonde platoon mature con carne guess,Pastelonde platano maduro con carne y gueso,en,,96.0,9.0,18.0,3.0,570.0,,,,,,half_fruits_vegetables
9,1821,2297,not_really,not_really,afternoon_snack,whiting fish sandwich bottle water,Whiting fish sandwich and bottle of water.,whiting fish sandwich tablespoon tartar hot sauce.bottle water,Whiting fish sandwich with 1 x tablespoon of tartar and hot sauce. 1x bottle of water.,en,There is one fruit and it is less than half of the plate.,,,,,,,,,,,half_fruits_vegetables
9,1957,4097,not_really,yes,dinner,rice chicken platoon mature,Rices chicken and Platano maduro,rice chicken platoon mature,Rice chicken Platano maduro,en,,43.0,29.0,6.0,2.0,343.0,,,,,,half_fruits_vegetables
9,1821,2302,not_really,yes,dinner,rice bean mixed vegetable pork chop large bottle water,"Rice and beans, mixed vegetables and pork chops. Large bottle of water.",white rice red bean pumpkin piece mixed asian style vegetable pork chops.bottle water,"White rice, red beans with pumpkin pieces. Mixed Asian style vegetables and 2 x pork chops. 1 x 33oz bottle of water.",en,"To meet this goal, have 1 cup of rice and beans and increase the portion of veggies to make the 1/2 of the meal. ",,,,,,,,,,,half_fruits_vegetables
9,1957,4046,not_really,yes,lunch,lasagna vegetable,Lassana with vegetale,lasagna vegetable,Lassana with vegetale,en,"This goal is not met because half of the dish is not fruits and vegetables. Only approx. 25% of the dish is vegetables. To meet this goal, you can add more vegetables or a piece of fruit on the side.",32.0,15.0,13.0,2.0,310.0,na,na,na,na,na,half_fruits_vegetables
9,1957,4112,not_really,yes,dinner,rice chicken mature,Rices  chicken maduro,rice chicken mature,Rices chicken maduró,en,,26.0,32.0,11.0,1.0,328.0,,,,,,half_fruits_vegetables
9,1957,4132,not_really,not_really,breakfast,bread cheese egg coffee milk,Bread cheese eggs coffee with milk,bread cheese egg coffee milk,Bread cheese eggs coffee with milk,en,,68.0,46.0,33.0,8.0,753.0,,,,,,half_fruits_vegetables
9,1821,2307,not_really,not_really,morning_snack,spice ham cheese sandwich banana ando coffee,Spice ham and cheese sandwich. Banana and cup of coffee.,spice ham cheese sandwich butter lightly smeared banana oof black coffee espn sugar,"Spice ham and cheese sandwich, butter lightly smeared. 1 x banana and a 12 oz cup of black coffee with 2 x tspn of sugar.",en,"To meet this goal, make half you plate vegetables and/or fruits. ",,,,,,,,,,,half_fruits_vegetables
9,2658,6737,not_really,not_really,afternoon_snack,almond croissant cafe au lait,Almond croissant and cafe au lait,test evaluate,TEST DO NOT EVALUATE,en,,0.0,0.0,0.0,0.0,0.0,,,,,,half_fruits_vegetables
9,1821,2311,not_really,yes,dinner,yellow rice bean boiled chicken breast string bean onion large bottle water,"Yellow rice with beans, boiled chicken breast, string beans and onions. Large bottle of water.",yellow rice red bean boiled chicken breast lemon&garlic string bean onions.bottle water,Yellow rice and red beans with boiled chicken breast (lemon&garlic) . String beans and onions. 1 x 33oz bottle of water.,en,The vegetables are about 1/4 of the plate and there are no fruits.,,,,,,,,,,,half_fruits_vegetables
9,1821,2316,not_really,not_really,breakfast,buttered roll banana ando coffee,"Buttered roll, banana and cup of coffee.",buttered roll lightly smeared banana oof black coffee sugar,"Buttered roll, lightly smeared, 1 x banana and 12oz cup of black coffee with 2 x sugars.",en,It is great that you are having a banana. Try to include a vegetable to meet the goal,,,,,,,,,,,half_fruits_vegetables
9,1957,4105,not_really,yes,breakfast,bread cheese oatmeal,Bread cheese and oatmeal,bread cheese oatmeal,Bread cheese and oatmeal,en,,47.0,14.0,11.0,5.0,325.0,,,,,,half_fruits_vegetables
9,1957,4169,not_really,not_really,lunch,potato chicken cheese stick,Potatoes chicken cheese sticks,potato chicken cheese stick,Potatoes chicken cheese sticks,en,,45.0,35.0,55.0,2.0,814.0,,,,,,half_fruits_vegetables
9,1821,2321,not_really,not_really,dinner,rice bean steak onion salad bottle water,"Rice and beans, steak and onions and salad. Bottle of water.",yellow rice red bean broiled steak onion lettuce tomato salad.oz bottle water,Yellow rice with red beans. Broiled steak with onions. Lettuce and tomatoes salad. 1x 33oz bottle of water.,en,"To meet this goal, half of all foods must be fruits and/or vegetables. Try adding another 1-2 cups of vegetables to your plate next to the steak. ",,,,,,,,,,,half_fruits_vegetables
9,1957,4178,not_really,yes,breakfast,bread cheese egg coffee milk,Bread cheese eggs coffee with milk,bread cheese egg coffee milk,Bread cheese eggs coffee with milk,en,,33.0,15.0,8.0,4.0,264.0,,,,,,half_fruits_vegetables
9,1957,4219,not_really,yes,dinner,paella cameron's,Paella with camarones,paella cameron's,Paella camarones,en,"The goal has not been met, because there are not 2 different types of fruits or vegetables in the meal. To meet this goal, add 2 fruits, like 1 apple and 1 banana. 
",30.0,13.0,13.0,2.0,298.0,,,,,,half_fruits_vegetables
9,1821,2323,not_really,not_really,breakfast,buttered roll hardboiled egg coffee,Buttered roll hard-boiled egg and coffee.,buttered roll hardboiled egg oof black coffee sugar,"Buttered roll, 1 x hard-boiled egg and 12 oz cup of black coffee with 2 x sugars.",en,no fruits or vegetables pictured here,,,,,,,,,,,half_fruits_vegetables
9,1821,2332,not_really,yes,breakfast,buttered roll banana.of coffee,Buttered roll and banana. Cup of coffee.,buttered roll lightly smeared banana oof black coffee espn sugar,"Buttered roll lightly smeared, banana and 12oz cup of black coffee with 2 x tspn sugar.",en,this meal is 1/3 fruit and 2/3 grains,,,,,,,,,,,half_fruits_vegetables
9,1821,2338,not_really,yes,dinner,italian sandwich bottle water,Italian sandwich and bottle of water.,italian sandwich ham provolone salami capitol bologna lettuce/tomato mayo/mustard.bottle water,"Italian sandwich, ham, provolone, salami, capicola, Bologna and lettuce/tomato. No mayo/mustard. 1 x 16oz bottle of water.",en,the tomato and cheese make up < 1/4 of the meal,,,,,,,,,,,half_fruits_vegetables
9,2524,7177,not_really,not_really,breakfast,cafe negro,Cafe negro,cafe azucar,"Cafe
Azucar",en,El objetivo no se cumple porque no hay frutas ni verduras en la comida.,4.0,0.0,0.0,0.0,15.0,,,,,,half_fruits_vegetables
9,3058,7133,not_really,not_really,dinner,shrimp chip,Shrimp and Chips,fried shrimp french fry,Fried Shrimp and French Fries,en,"The goal has not been met. In order to better reach this goal, make 1/2 your plate fruits and vegetables, such as spinach, broccoli, cauliflower, tomatoes, and eggplant.",45.0,14.0,24.0,3.0,442.0,,,,,,half_fruits_vegetables
9,3146,7982,not_really,not_really,breakfast,maiden cracker egg orange juice,Maicena Crackers and eggs and orange juice,maiden mike egg orange orange juice,Maicena  mike egg Orange Orange juice,en,,29.0,16.0,11.0,1.0,286.0,,,,,,half_fruits_vegetables
9,1983,10079,not_really,not_really,lunch,ham sandwich,Ham sandwich,hard roll sesame seed ham mayo,"Hard roll with sesame seeds, 2 oz ham, mayo",en,,34.0,16.0,12.0,1.0,323.0,,,,,,half_fruits_vegetables
9,1821,2343,not_really,not_really,afternoon_snack,arroz con candle potato salad bow tie pork,"Arroz con Gandules, potato salad, bow ties and pork.",arroz con candle potato salad booty shredded pork oof black coffee sugar seen,"Arroz con Gandules, potato salad, bowties and shredded pork. 12oz cup of black coffee with 2 x sugars. Not seen.",en,no fruits or non-starchy vegetables pictured here,,,,,,,,,,,half_fruits_vegetables
9,1983,4291,not_really,not_really,lunch,bologna muenster cheese roll,Bologna and muenster cheese on a roll.,oz bologna oz cheese medium roll oz water,"2 oz. Bologna and 1 oz. Cheese ,1 medium roll, 10 oz. Water.",en,,20.0,12.0,25.0,1.0,362.0,,,,,,half_fruits_vegetables
9,3146,8020,not_really,not_really,dinner,deny ground beef spaghetti sauce cheese cheese,Be Zeny ground beef spaghetti sauce cheese more cheese,baby sing ground beef spaghetti sauce sauce song garlic onion pepper cilantro noodle,Baby Sini ground beef with spaghetti sauce sauce song garlic onion pepper cilantro and the noodles,en,,23.0,28.0,33.0,0.0,476.0,,,,,,half_fruits_vegetables
9,1821,2351,not_really,yes,breakfast,omelet stuffed coffee,Omelet stuffed and coffee.,special omelet egg onion pepper chorizo oof black coffee espn raw sugar,"Special omelet, eggs, onions, peppers and chorizo. 12oz cup of black coffee with 2 x tspn of raw sugar.",en,the onions and peppers make up < 1/4 of the meal,,,,,,,,,,,half_fruits_vegetables
9,1821,2354,not_really,not_really,dinner,roast chicken broccoli stuffing bottle water,"Roast Chicken, broccoli and stuffing. Bottle of water.",roasted chicken leg/breast broccoli stuffing.bottle water,"Roasted Chicken leg/breast, broccoli and stuffing. 1 x 16oz bottle of water.",en,"To meet this goal, make half your plate fruits and/or vegetables. ",,,,,,,,,,,half_fruits_vegetables
9,1821,2357,not_really,not_really,breakfast,spice ham cheese sandwich.of black coffee,Spice ham and cheese sandwich. Cup of black coffee.,spice ham cheese sandwich mayo butter oof black coffee espn raw sugar,"Spice ham and cheese sandwich, no mayo or butter. 1 x 12oz cup of black coffee with 2 x tspn of raw sugar.",en,no fruits or vegetables pictured here,,,,,,,,,,,half_fruits_vegetables
9,1821,2400,not_really,not_really,afternoon_snack,whiting fish sandwich wheat bread bottle water banana,Whiting fish sandwich on wheat bread. Bottle of water . Banana.,whiting fish sandwich wheat bread tablespoon tartar hot sauce.bottle water.banana,Whiting fish sandwich on wheat bread 1 x Tablespoon tartar and hot sauce. 1 x 33oz bottle of water. 1x banana.,en,"Same advice as above. Try cutting the sandwich in half and include 1-2 servings (or more) vegetables on the side (for example, a side salad and some baby carrots). ",,,,,,,,,,,half_fruits_vegetables
9,1983,4306,not_really,not_really,breakfast,half bagel oof tea,"Half a bagel , 10 Oz cup of tea",bagel peanut butter tea lemon sugar,"Bagel with peanut butter, tea with lemon and sugar",en,,33.0,9.0,16.0,4.0,319.0,,,,,,half_fruits_vegetables
9,1821,2410,not_really,not_really,breakfast,oatmeal hardboiled egg coffee,Oatmeal and hard-boiled eggs and coffee.,oatmeal hardboiled egg ando black coffee espn raw sugar,"1/2 cup of oatmeal, 2x hard-boiled eggs and cup of black coffee with 2 x tspn of raw sugar.",en,To meet this goal add 1-2 cups of fruit or vegetable. ,,,,,,,,,,,half_fruits_vegetables
9,1821,2412,not_really,not_really,afternoon_snack,bacon egg sandwich.of black coffee,Bacon and egg sandwich. Cup of black coffee.,bacon egg sandwich whole wheat.cup black coffeetspn raw sugar,Bacon and egg sandwich on whole wheat. 1x cup of black coffee 1x tspn raw sugar.,en,no fruits or vegetables pictured here,,,,,,,,,,,half_fruits_vegetables
9,1821,2454,not_really,not_really,breakfast,easy egg grit beef sausage toast glass water,"Over easy eggs, grits, beef sausage and toast. Glass of water.",easy egg grit beef sausage toast coz glass water,"2 x over easy eggs, grits and beef sausage and toast. 1 x12oz glass of water.",en,There are no fruits or vegetables ,,,,,,,,,,,half_fruits_vegetables
9,1821,2417,not_really,not_really,breakfast,oatmeal hardboiled egg coffee,"Oatmeal, hard-boiled eggs and coffee.",oatmeal hardboiled egg black coffee withtspn raw sugar,"Oatmeal, 2x hard-boiled eggs and black coffee with 2x tspn of raw sugar.",en,To meet this goal add 1-2 cups or fruit or vegetable to the meal.,,,,,,,,,,,half_fruits_vegetables
9,1821,2430,not_really,yes,lunch,dogwood sandwich date bottle water,"Dagwood sandwich, Dates and bottle of water",sandwich chicken breast low sodium ham swiss cheese romain lettuce wheat roll mustard.dates andbottle water,"Sandwich with chicken breast, low sodium ham, Swiss cheese, romain lettuce, wheat roll with mustard. 4x Dates and 33oz bottle of water.",en,"To meet this goal, have 1/2 the sandwich and fill the rest of the plate with non-starchy veggies, such as a salad. ",,,,,,,,,,,half_fruits_vegetables
9,1821,2433,not_really,not_really,dinner,two burger sweet potato fry lettuce/tomato/onions bottle water,"Two burgers, sweet potato fries, lettuce/tomato/onions. Bottle of water",x cheese slider sweet potato fry lettuce/tomato onion slices.bottle water,"2x cheese sliders, sweet potato fries, lettuce/tomato and onion slices. 16oz bottle of water.",en,"To meet this goal, have 1 slider, a few sweet potato fries and make the rest non-starchy vegetables such as salad, broccoli, or kale. ",,,,,,,,,,,half_fruits_vegetables
9,1821,2439,not_really,yes,lunch,black forrest ham pepper jack cheese multi grain wheat banana bottle water,"Black Forrest ham pepper jack cheese on multi grain wheat, banana and bottle of water.",black forrest ham pepper jack cheese sandwich multi grain wheat bread.banana ando bottle water,Black Forrest ham and pepper jack cheese sandwich on multi grain wheat bread. 1x banana and 1x 33oz bottle of water.,en,There is only 1 fruit and no vegetables in the meal.,,,,,,,,,,,half_fruits_vegetables
9,1821,2441,not_really,yes,dinner,minestrone soup whole wheat bread water,Minestrone soup whole wheat bread and water.,bowl minestrone soup slice whole wheat bread bottle water,"Bowl of Minestrone soup, 2 x slices of whole wheat bread and 16 oz bottle of water.",en,There are no fruits and very little vegetables.,,,,,,,,,,,half_fruits_vegetables
9,1216,1566,not_really,not_really,afternoon_snack,water,Water,water,Water,en,test,,,,,,,,,,,half_fruits_vegetables
9,1821,2445,not_really,yes,breakfast,lamb egg cheese hero lettuce/tomato banana.of black coffee,"1/2 Lamb, egg and cheese hero with lettuce/tomato and banana. Cup of black coffee.",lamb egg cheese hero lettuce tomato.banana oof black coffee sugar,"1/2 Lamb, egg and cheese hero with lettuce and tomato. 1x banana and 12oz cup of black coffee with 1 x sugar.",en,"There is 1 fruit and a small amount of vegetables, making up about 1/5 of the meal.",,,,,,,,,,,half_fruits_vegetables
9,1217,1569,not_really,yes,lunch,turkey wrap iced coffee,Turkey wrap with iced coffee,wrap turkey lettuce tomato onion hummus swiss cheese sweetened iced coffee,"Wrap, turkey, lettuce, tomato, onions, hummus, Swiss cheese. Sweetened iced coffee",en,test,,,,,,,,,,,half_fruits_vegetables
9,1883,2515,not_really,not_really,breakfast,sandwich,Sandwich,salami cheese hoagie roll,"Salami,cheese, hoagie roll",en,"The goal has not been met, because the meal does not contain 1-1/2 cups of fruits and vegetables. To meet this goal have with this meal 1 -1/2 cups of mixed green salad (lettuce, tomatoes, cucumbers). ",,,,,,,,,,,half_fruits_vegetables
9,1883,2529,not_really,yes,dinner,carne guitar rice salad,"Carne guisar,rice, salada",beef chunk stewed white rice lettuce carrot,"Beef chunks stewed,white rice,lettuce,carrots",en,"To meet this goal, cut down the portion of rice to 1/2 cup and add more vegetables.",,,,,,,,,,,half_fruits_vegetables
9,1646,1937,not_really,not_really,afternoon_snack,water,Water,water,Water,en,water is not that,,,,,,,,,,,half_fruits_vegetables
9,1646,1948,not_really,not_really,dinner,macaroni tuna,Macaroni and tuna,macaroni tuna mayo celery red pepper,"Macaroni, tuna, mayo, celery, red peppers",en,Explanation will go here.,,,,,,,,,,,half_fruits_vegetables
9,1646,1960,not_really,not_really,afternoon_snack,coffee water,Coffee and water,water espresso whole milk,"Waters espresso, whole milk",en,dxghdjgf,,,,,,,,,,,half_fruits_vegetables
9,1646,1962,not_really,yes,afternoon_snack,salad oj,Salad and OJ,cucumber tuna mushroom green avocado pea,"Cucumber, tuna, mushrooms, greens, avocado, peas,",en,test,,,,,,,,,,,half_fruits_vegetables
9,1821,2360,not_really,yes,lunch,rice bean corned beef banana bottle water,"Rice and beans, corned beef and a banana. Bottle of water.",white rice white bean corned beef green pepper banana.bottle water,"White rice with white beans, corned beef with green peppers and a banana. 1 x 33oz bottle of water.",en,"To meet this goal, cut back the rice and beans to 1 cup and fill the rest of the plate with veggies.",,,,,,,,,,,half_fruits_vegetables
9,1821,2457,not_really,yes,dinner,chinese breaded chicken vegetable fried rice egg roll bottle water,"Chinese Breaded chicken, vegetable fried rice, egg roll and bottle of water.",chinese breaded chicken vegetable broccoli onion pea bean sprout egg roll andbottle water,"Chinese Breaded chicken, vegetable (broccoli, onions, peas and beans sprouts), 1 x egg roll and 16oz bottle of water.",en,There are no fruits and a small amount of vegetables.,,,,,,,,,,,half_fruits_vegetables
9,1646,1975,not_really,not_really,breakfast,omelet,Omelet,veggie home fry egg vietnamese hot sauce,"Veggies, home fries, eggs, Vietnamese hot sauce",en,test,,,,,,,,,,,half_fruits_vegetables
9,1821,2465,not_really,not_really,breakfast,bowl oatmeal hardboiled egg bottle water,"Bowl of oatmeal, hard-boiled eggs and bottle of water.",bowl oatmeal hardboiled egg bottle water,"Bowl of oatmeal, 2 x hard-boiled eggs and 16 oz bottle of water.",en,There are no fruits and vegetables in the meal.,,,,,,,,,,,half_fruits_vegetables
9,1821,2470,not_really,not_really,dinner,arroz con candle chicken breast onion pepper lettuce tomato salad bottle water,"Arroz con Gandules, chicken breast with onions and peppers. Lettuce and tomato salad. Bottle of water.",arroz con candle chicken breast onion pepper lettuce tomato salad.bottle water,"Arroz con Gandules, chicken breasts with onions and peppers. Lettuce and tomato salad. 16oz bottle of water.",en,To meet this goal  reduce the portion of rice by half and add more vegetables. ,,,,,,,,,,,half_fruits_vegetables
9,1983,3623,not_really,yes,breakfast,morphine thomas english muffin chia strawberry fruit spread,"Morphine, Thomas's English muffin, Chia strawberry fruit spread",coffee tablespoon crema tablespoon chia strawberry fruit spread one thomas english muffin,"12 oz coffee with 4 tablespoons Crema, 1 tablespoon Chia strawberry fruit spread, one Thomas's English muffin",en,"This goal is not met because there are no fruits or veggies in the meal. To meet this goal, make sure at least half the plate is fruits or veggies. For example, you could add a banana plus a small salad.",35.0,4.0,7.0,2.0,226.0,na,na,na,na,na,half_fruits_vegetables
9,1821,2364,not_really,yes,dinner,roast chicken stuffing broccoli water,"Roast chicken, stuffing, broccoli and water.",roast chicken stuffing broccoli.oz bottle water,"Roast chicken, stuffing and broccoli. 1x 16oz bottle of water.",en,"To meet this goal, reduce the portion of chicken and stuffing by 1/2 and double the portion of broccoli. ",,,,,,,,,,,half_fruits_vegetables
9,1957,2637,not_really,not_really,afternoon_snack,biscuit andsabra classic hummus,Triscuit andSabra classic Hummus,sara biscuit whole grain wheat,Sabra triscuit whole Grain wheat,en,There are no fruits or vegetables in the meal.,,,,,,,,,,,half_fruits_vegetables
9,1957,2641,not_really,yes,dinner,rice chicken pastel de plátano con care solid tomate,Rices chicken pasteles de plátano con carnes molida  y tomate,chicken rice tomato pastel,Chicken Rices tomatoes pasteles,en,"The tomato is a vegetable but the plantain is considered a starch on the Diabetic diet, it isn't considered a vegetable.",,,,,,,,,,,half_fruits_vegetables
9,1957,2649,not_really,not_really,breakfast,chicken soup viva soda cracker water,Chicken soup  with aviva soda crackers and water,chicken soup cracker water,Chicken soup  and crackers and water,en,"To meet your goal, add 1/2 of a dinner plate worth of fruits and vegetables. For example, you could have a side of salad and a small orange. ",,,,,,,,,,,half_fruits_vegetables
9,1957,2668,not_really,not_really,breakfast,oatmeal bread milk sugar,Oatmeal Bread with Milk and sugar,oatmeal milk sugar,Oatmeal Milk sugar,en,"To meet your goal, add 1/2 a dinner plates worth of fruit and/or vegetable. For example, omit the bread and have 1 cup of berries with the oatmeal. ",,,,,,,,,,,half_fruits_vegetables
9,1957,3736,not_really,not_really,dinner,rice chicken potato,Rice chicken potatoes,rice chicken potato,Rice chicken potatoes,en,"This goal is not met because there are no fruits or vegetables in the meal. To meet this goal, add a piece of fruit plus a side salad with at least 2 veggies",71.0,20.0,9.0,3.0,448.0,na,na,na,na,na,half_fruits_vegetables
9,1957,2673,not_really,not_really,dinner,rice chicken bone plátanos mature papelito water,Rices chicken with bone plátanos maduro papelito  and water,rice chicken mature pastelito,Rice chicken maduro pastelito,en,The plantain is considered a starchy vegetable. There are no other vegetables (unless what I see in red in a tomato) and there are no fruits.,,,,,,,,,,,half_fruits_vegetables
9,1957,2688,not_really,not_really,dinner,rice chicken spaghetti mature,Rices chicken  spaghetti and maduro,rice chicken spaghetti mature,Rices chicken spaghetti and maduro,en,"The goal has not been met, because the meal does not contains at least 1-1/2 cups of fruits and vegetables nor ½ of the plate is vegetable and/or fruit. To meet this goal, decrease the amount of carbs (pasta, spaghetti and maduro) and make half of your plate a green salad.  ",,,,,,,,,,,half_fruits_vegetables
9,1983,10313,not_really,not_really,breakfast,coffee,Coffee,coffee table spoon heavy cream table spoon skinny syrup,"12 oz coffee, 2 table spoon  heavy cream, 1 table spoon skinny syrup",en,,0.0,0.0,10.0,0.0,100.0,,,,,,half_fruits_vegetables
9,1983,2693,not_really,not_really,breakfast,coffee creamer,Coffee with creamer,coffee four tablespoon hazelnut creamer,16 oz coffee with four tablespoons hazelnut creamer,en,"The goal has not been met, because the meal contains at least 1-1/2 cups of fruits and vegetables nor ½ of the plate is vegetable and/or fruit. To meet this goal include with the meal 1-1/2 cups of your favorite fruit. ",,,,,,,,,,,half_fruits_vegetables
9,1957,2703,not_really,not_really,dinner,rice cameron,Rice with camarón,rice cameron,Rices camarón,en,"To meet your goal, reduce the portions of rice and shrimp by half and fill half the bowl with fruits and/or vegetables. For example, you could add 1 cup sautéed leafy greens and 1/2 cup chopped mango. ",,,,,,,,,,,half_fruits_vegetables
9,1983,2701,not_really,yes,lunch,chocolate protein shake,Chocolate protein shake,one scoop chocolate protein shake powder quarter walnut half banana tablespoon physillum husk ice,"One scoop of chocolate protein shake powder, quarter cup of walnuts, half a banana, tablespoon of physillum husk, cup of ice",en,There are no vegetables and only 1 fruit.,,,,,,,,,,,half_fruits_vegetables
9,1983,2707,not_really,yes,dinner,steak cauliflower tot salad dressing,"Steak, cauliflower tots ,salad with dressing",cauliflower tot chuck steak salad cherry tomato raw spinach cucumber tbsp oil balsamic vinegar,"7 califlower tots, 4 oz Chuck steak, cup salad (4 cherry tomatoes, 1/2 cup raw spinach. 1/2 cucumbers), 2Tblsp oil/ balsamic vinegar",en,It looks like the vegetables are about 1/3 of the meal.,,,,,,,,,,,half_fruits_vegetables
9,1957,2728,not_really,yes,dinner,rice spaghetti,Rices and spaghetti,rice spaghetti,Rices spaghetti,en,There are no fruits in this meal.  The tomato sauce is a vegetable but it is a small amount.,,,,,,,,,,,half_fruits_vegetables
9,1821,2536,not_really,not_really,breakfast,hardboiled egg bread bottle water,"Hard-boiled eggs, bread and bottle of water.",x hardboiled egg slice wheat bread ando bottle water,"2x hard-boiled eggs, 2x slices of wheat bread and 16x oz bottle of water.",en,"To meet your goal, have 1 slice of bread and add 2 servings of vegetable and 1 serving of fruit. For example, add 2 cups of leafy green salad and an small orange. ",28.0,21.0,12.0,4.0,304.0,The main source of carb is the bread (2 slices commercially prepared whole wheat bread = ~ 27 gm). ,"The main source of protein is the eggs (2 large eggs, boiled = ~13 gm). There is also protein in the bread. ","The main source of fat is the eggs 2 large eggs, boiled = ~10 gm).",All of the fiber comes from the bread (2 slices commercially prepared whole wheat bread = ~ 4 gm).,"36% of the Calories come from carb, 36% from fat, and 28% from protein. ",half_fruits_vegetables
9,2077,2855,not_really,not_really,lunch,water,Water,water,Water,en,Water does not have any fruits or vegetables,0.0,0.0,0.0,0.0,0.0,No carbs in water,No protein in water,No fat in water,No fiber in water,No calories in water,half_fruits_vegetables
9,2071,2858,not_really,not_really,lunch,water,Water,water,Water,en,Water does not include fruits or vegetables,0.0,0.0,0.0,0.0,0.0,No carbs in water,No protein in water,No fat in water,No fiber in water,No calories in water,half_fruits_vegetables
9,2077,2926,not_really,not_really,breakfast,bake egg veggie cheese black tea,"Bake, egg, veggies,cheese and black tea",cabbage cod fish onion earth balance butter cucumber egg cheese flour salt water black tea bag,"Cabbage, cod fish, onion, earth balance butter, cucumber,egg,cheese, flour salt  and water. And black tea bag",en,"Cabbage is a very healthy choice! However, to meet your goal, make 1/2 the plate veggies and fruit. ",11.0,23.0,35.0,3.0,452.0,"There are no major sources of carb in this meal. Small amounts come from the cabbage (1/2 cup cooked cabbage = ~4 gm) and the cod fish (2 oz cod, battered and fried = ~5 gm).","The main sources of protein are the cod fish (2 oz cod, battered and fried = ~10 gm), the cheese (1 oz cheddar = ~6 gm), and the egg (1 fried egg = ~6 gm).","The main sources of fat are the Earth's Balance  (1 TBSP Earth's Balance = ~11gm), the cod fish (2 oz cod, battered and fried = ~8 gm), the cheese (1 oz cheddar = ~9gm), and the egg (1 fried egg = ~7 gm). For a more accurate assessment, let us know how much fats were used. Fats usually cannot be seen from the photo. ",The fiber comes from the cabbage and the cucumbers. ,"The Calories in this meal are 70% from fat, 21% from protein, and 9% from carb. ",half_fruits_vegetables
9,2071,3031,not_really,not_really,breakfast,coffee half half,Coffee with half and half,maxwell house coffee half half,"Maxwell house coffee
Half and half",en,Not applicable.,2.0,1.0,3.0,0.0,22.0,Both the coffee and the Half and have contain an insignificant amount of carb. ,1 cup of coffee = 1 gm.,1 TBSP half and half = 3 gm. ,There is no fiber in this beverage. ,"The Calories are 43% from fat, 38% from carb, and 19% from protein. ",half_fruits_vegetables
9,2077,2980,not_really,yes,lunch,veggie fish,Veggies and fish,plantain mixed vegetable cauliflower corn cob irish potato sweet potato red snapper fish half tilapia fish cucumber,Plantain mixed vegetables cauliflower corn on the cob Irish potato sweet potato a red snapper fish and half of tilapia fish and cucumber.,en,"The cucumber and cauliflower don't seem enough to be half a plate of fruit and vegetables. Plantain, corn on the cob, Irish potato and sweet potato are all starchy and would count as carbohydrate and not vegetable.",36.0,50.0,20.0,4.0,523.0,30 gms from 1/2 c starchy vegetables+ the corn on the cob; 6 gms from 1/2 cup cooked cauliflower and a few slices of cucumber,8 gms of protein from the vegetables (non starchy - 6; starchy - 2) + 42gms from 6oz of fish,18 gms from the fish and 2 gms from the starchy vegetables.,Vegetables all with less than 3 g fiber per serving. ,524 kcals: 144 kcals form carbs (36*4); 200 (50*4) from protein and 180 (20*9) from fat.,half_fruits_vegetables
9,1821,2154,not_really,yes,afternoon_snack,trinket cracker hummus tb carrot,"Triskets 7 crackers, hummus- 1Tbsn, 1/4 of carrot",test,Test,en,The carrot is the only vegetable and is less than half of the plate.,,,,,,,,,,,half_fruits_vegetables
9,2077,3068,not_really,not_really,breakfast,cereal,Cereal,milk rice crispy cereal,Milk and rice crispy cereal,en,"This goals is not met because no fruits or vegetables are included in the meal. To meet this goal, add 1 banana (sliced) or 1 cup of other fruit (such as strawberries, blueberries, peaches).",100.0,15.0,5.0,0.0,554.0,Total carbs 108,,,,,half_fruits_vegetables
9,1983,2738,not_really,not_really,morning_snack,lemon ginger tea extract honey water lemon extract sodium cholesterol total carbs gram protein,"Lemon ginger tea extract, honey and 16 oz water, lemon extract. 0 sodium 0 cholesterol, total carbs 17.4 grams , 0 protein",ginger,Ginger,en,There are no fruits or vegetables in this meal.,17.0,0.0,0.0,0.0,70.0,"All the carbohydrates are from sugar, a simple carbohydrate.",There is no protein in this meal.,There is no fat in this meal.,There is no fiber in this meal.,"All the calories are from honey, which is a simple carbohydrate.",half_fruits_vegetables
9,1983,2746,not_really,yes,breakfast,steel cut oatmeal blueberry almond milk,Steel cut oatmeal blueberries almonds milk,half steel cut oatmeal quarter blueberry tablespoon chopped almond eighth nonfat milk water,"Half a cup steel cut oatmeal, quarter of a cup blueberries, tablespoon chopped almonds, eighth of a cup nonfat milk, 16 oz water",en,There is one fruit and no vegetables in the meal.,46.0,7.0,5.0,6.0,242.0,The oatmeal is the main source of carbohydrates. The blueberries also have some carbohydrates. All fruits have carbohydrates.,The oatmeal has some protein in it. The almonds and milk have protein but they are small serving sizes so there is very little protei.,The almonds have fat and there is a small amount of fat in the oatmeal.,Oatmeal is the main fiber source. The skin of the blueberries also contains fiber.,This is based on 1/2 cup oatmeal which is 1 carbohydrate serving.,half_fruits_vegetables
9,1821,2161,not_really,not_really,dinner,baked ziti ricotta cheese mixed green table spoon asiago/garlic dressing bottle water,Baked Ziti with ricotta cheese and mixed greens table spoon of asiago/garlic dressing. 1 16oz bottle of water.,baked ziti ricotta cheese mixed green one tbsp asiago/garlic dressing one bottle water,Baked ziti with ricotta cheese and mixed greens with one Tblsp of asiago/garlic dressing. One 16 oz bottle of water.,en,"This meal has ~ 2/3 starch and 1/3 vegetables (only mixed greens, so only one type)",,,,,,,,,,,half_fruits_vegetables
9,2077,3110,not_really,yes,lunch,sandwich,Sandwich,lettuce tomato cucumber red onion green pepper meatball,Lettuce tomato cucumber red onions green pepper meatballs,en,"The goal has not been, because there are not enough vegetables in the meal. To meet this goal add a salad to the sandwich. ",60.0,18.0,18.0,6.0,456.0,,,,,,half_fruits_vegetables
9,1957,2760,not_really,not_really,dinner,rice chicken,Rice chicken,rice chicken,Rice chicken,en,There are no fruits or vegetables in this eal.,88.0,15.0,7.0,2.0,538.0,"This is based on 1 cup of rice, the chicken doesn't have carbohydrates.",The chicken is the main source of protein. The rice has a small amount of protein.,"The chicken has some fat, this is based on 3 small pieces of chicken.",The small amount of fiber is in the rice.,This is based on no added fat.,half_fruits_vegetables
9,1983,2774,not_really,not_really,breakfast,coffee milk granola coconut chia,"Coffee, milk, granola with coconut and chia",onegranola coconut chai coffee tablespoon nondairy creamer milk,"One cup granola with coconut and chai, 16 oz coffee with 4 tablespoons non-dairy creamer, 8 oz milk",en,The majority of the meal is in the carbohydrate category. There are no vegetables or fruits in the meal.,94.0,18.0,35.0,29.0,740.0,Granola cereal is dense. One cup is 4 carbohydrate servings.,"The milk has 8 grams, the rest is in the granola.","Granola has fat from oil. This is based on milk that is 2% fat, 2% fat milk means 2% by weight, yet one cup has 8 grams of fat.",The fiber is in the granola.,"Although the meal has all healthy components, the granola is high in calories.",half_fruits_vegetables
9,1821,2177,not_really,yes,breakfast,sausage egg cheese roll coffee banana,"Sausage egg and cheese roll, cup of coffee and a banana",beef patty slice pepper jack cheese butter lightly smeared salt pepper banana.of black coffee sugar,"2 x beef patties, 2 x slices pepper jack cheese butter lightly smeared salt pepper. 1 x banana. Cup of black coffee 2 x sugars",en,The banana is the only source of fruit. ,,,,,,,,,,,half_fruits_vegetables
9,1821,2530,not_really,yes,dinner,elbow noodle meatball mixed salad hardboiled egg bakery bread bottle water,"Elbow noodles and meatballs, mixed salad with hard-boiled eggs, bakery bread and bottle of water.",pasta meatball mixed salad lettuce tomato cucumber hardboiled egg bakery bread table spoon ranch dressing.bottle water,"Pasta and meatballs, mixed salad with lettuce, tomato, cucumber and hard-boiled eggs. Bakery bread and table spoon of ranch dressing. 16oz bottle of water.",en,The salad is less than half of the plate and there are no fruits.,59.0,46.0,34.0,3.0,787.0,The noodles are a carbohydrate. One serving of noodles on the Diabetes exchange list is 1/3 of a cup.,The meatballs an eggwhites are the main source of protein. All animal foods have protein.,The egg yolk is the main source of fat.,The small amount of fiber is in the noodles.,Based on 1.5 cups of noodles and I saw parm cheese so I put in 2 teaspoons. ,half_fruits_vegetables
9,1821,2540,not_really,yes,lunch,yellow rice red bean corned beef carrot bottle water shown,Yellow rice with red beans and corned beef with carrots. Bottle of water (not shown),yellow rice red kidney bean corned beef carrots.bottle water shown,Yellow rice with red kidney beans and corned beef with carrots. 16oz bottle of water (not shown),en,There is 1 vegetable and no fruits in the meal.,49.0,28.0,23.0,2.0,522.0,"The rice is the main source of carbohydrates, this is based on 1 cup of rice and beans.","This is based on 4 ounces of corned beef, corned beef is the main sourc of protein. There is protein in the bean also","The corned beef has most of the fat. if there is an added sauce, that would add more fat.",The fiber is from the rice.,This is based on no sauce added.,half_fruits_vegetables
9,1821,2542,not_really,yes,dinner,chicken breast swiss cheese whole wheat sandwich date water,"Chicken breast and Swiss cheese on whole wheat sandwich, Dates and water.",chicken breast swiss cheese sandwich whole wheat bread large date andbottle water,"Chicken breast, Swiss cheese sandwich on whole wheat bread. 3 large Dates and 16oz bottle of water.",en,There is 1 fruit and no vegetables.,38.0,19.0,11.0,5.0,454.0,"The bread is the carobydrate souce. Dates, a fruit, have carbohydrates.","The chicken is the main source of protein, the cheese also has protein.",The cheese and chicken have the fat.,The whole wheat bread and the dates have fiber.,Based on the the sandwich without mayonnaise or sauce.,half_fruits_vegetables
9,1821,2550,not_really,not_really,lunch,double cheese burger large fry water,"Double cheese burger, large fries and water.",double pepper cheese large fry bottle water,"Double pepper with cheese, large fries and bottle of water",en,There are no fruits and only 1 starchy vegetable.,100.0,26.0,45.0,6.0,918.0,The bun and the fries have carbohydrates,The meat and the cheese have protein,The oil that fries are fried in is all fat. The cheese and meat have fat.,"The fiber is in the bun, which is a carbohydrate.",The fries are high in calories due to the amount of oil. Oil is 100 calories per tablespoon.,half_fruits_vegetables
9,1821,2559,not_really,not_really,breakfast,pancake egg sausage black coffee,"Pancakes, eggs and sausage. Black coffee.",pancake egg sausage oof black coffee,"Pancakes, 2x eggs and sausage. 12oz cup of black coffee.",en,There are no fruits or vegetables in the meal.,47.0,33.0,50.0,2.0,771.0,The main source of carbohydrates is the pancakes,"The main protein is the sausage, all animal foods have protein.",The man fat is in the sausage. There is fat in egg yolks and some in the pancakes since they have eggs in them.,The small amount of fiber is from the pancakes.,This is based on 2 large pancakes and 3 sausage links.,half_fruits_vegetables
9,1821,2180,not_really,yes,breakfast,spice ham/cheese sandwich tangerine ando black coffee,"Spice ham/cheese sandwich, tangerine and cup of black coffee.",spice ham slice slice cheese hero bread small tangerine oof black coffee sugar,Spice ham 3 x slices and 3 x slices of cheese on a hero bread. 1 x small tangerine and 1 12 oz cup of black coffee with 2 x sugars.,en,The is only 1 fruit and no vegetables in the meal.,,,,,,,,,,,half_fruits_vegetables
9,1821,2574,not_really,not_really,breakfast,rice bean chicken gizzard hardboiled egg bottle water,"Rice, beans with chicken gizzard and hard-boiled eggs. Bottle of water.",white rice red bean chicken gizzard.hardboiled egg andbottle water,"White rice, red beans and chicken gizzard. 2x hard-boiled eggs and 16oz bottle of water.",en,There are no fruits or vegetables in the meal.,65.0,74.0,21.0,0.0,668.0,Rice is a carbohdrate. The beans are partly carbohydrate and part protein.,The egg whites and chicken are the protein sources.,The chicken and egg yolks are the fat.,There is virutally no fiber in the meal.,Based on 1/2 cup of rice and beans.,half_fruits_vegetables
9,1821,2580,not_really,not_really,dinner,broccoli/sausage cheese quiche water,Broccoli/sausage cheese quiche and water.,broccoli/sausage cheese quiche ando water,Broccoli/sausage cheese quiche and 12oz of water.,en,There are no fruits and some vegetables.,32.0,16.0,26.0,0.0,420.0,The carbohydrate serving is the crust. There are carbohydrates in cheese. ,The main protein is the sausage and egg white,The egg yolk and cheese are the fats. Quiche is probably made with butter which is a fat.,There is no fiber.,"It may be higher, this is an estimate.",half_fruits_vegetables
9,2800,5917,not_really,yes,lunch,turkey sandwich sport drink,Turkey sandwich and sport drinks,whole wheat bread turkey cheese grape,"Whole wheat bread,Turkey,cheese,grappes",en,,41.0,20.0,15.0,5.0,364.0,,,,,,half_fruits_vegetables
9,1821,2265,not_really,yes,lunch,rice bean mixed salad plantain chicken breast water,"Rice, beans, mixed salad, plantains and chicken breast. Water.",rice bean lettuce/tomato onion avocado plantain chicken breast water,"Rice and beans, lettuce/tomato, onion and avocado. Plantains and chicken breast. Water",en,this meal is 1/4 vegetables,,,,,,,,,,,half_fruits_vegetables
9,1821,2185,not_really,not_really,dinner,chicken rice/beans + salad burrito plus bottle water,"Chicken,rice/beans + salad burrito plus bottle of water.",chicken yellow rice/beans lettuce tomato avocado filling pico de gallo sauce cup bottle water,Chicken yellow rice/beans w/ lettuce tomatoes and avocado filling with Pico de Gallo sauce 1/4 cup. 1 x bottle of water.,en,There are no fruits. Vegetables don't take up half of the meal.,,,,,,,,,,,half_fruits_vegetables
9,1821,2591,not_really,not_really,dinner,yellow rice chicken red bean mixed salad bottle water,"Yellow rice with chicken and red beans , mixed salad and bottle of water.",yellow rice chicken red bean mixed salad spinach lettuce tomato feta cheese.bottle water,"Yellow rice with chicken and red beans. Mixed salad: spinach, lettuce, tomato and feta cheese. 16oz bottle of water.",en,"The salad is less than half of the plate, there are no fruits.",100.0,32.0,14.0,4.0,841.0,It is 140 carbohydrates.,,,na,na,half_fruits_vegetables
9,1821,2609,not_really,not_really,dinner,yellow rice chicken red bean salad bottle water,"Yellow rice with chicken, red beans and salad. Bottle of water.",yellow rice red bean pumpkin mixed green salad red & green pepper feta cheese bottle water,"Yellow rice with red beans and pumpkin, mixed green salad with red & green peppers feta cheese. 33 oz bottle of water.",en,The salad is less than half of the meal and there are no fruits.,81.0,27.0,10.0,2.0,549.0,na,na,na,na,na,half_fruits_vegetables
9,2822,6003,not_really,not_really,lunch,chowder cracker,chowder in crackers,clam chowder ritz cracker,Clam chowder in the Ritz crackers,en,"The goal has not been met as the meal does not contain fruits or vegetables. In order to meet this goal, include 2 different types of fruits or vegetables in the meal.",40.0,6.0,21.0,1.0,361.0,,,,,,half_fruits_vegetables
9,2822,6014,not_really,not_really,lunch,soup,Soup,bean soup(cups,5 bean soup(2cups),en,"The goal has not been met, as the meal contains about 1/4 vegetables. In order to meet this goal, make fruits and vegetables 1/2 of the plate.",46.0,10.0,0.0,12.0,202.0,,,,,,half_fruits_vegetables
9,1821,2186,not_really,yes,breakfast,buttered bread toasted tangerine oof black coffee sugar,"Buttered bread, toasted, 1 x tangerine and 12 oz cup of black coffee w/ 2 x sugars.",toasted butted bakery bread tangerine ando black coffee sugar,"Toasted butted bakery bread, 1 x tangerine and cup of black coffee 2 x sugars.",en,There is one fruit and no vegetables. The fruit is less than  half of the meal.,,,,,,,,,,,half_fruits_vegetables
9,2822,6025,not_really,not_really,breakfast,muffin tea,Muffin and tea,bran muffin tea,Bran muffin and tea,en,"The goal has not been met. In order to meet this goal, make half your plate fruit or vegetables.",84.0,14.0,2.0,10.0,450.0,,,,,,half_fruits_vegetables
9,2822,6036,not_really,not_really,breakfast,bacon egg grit,Bacon eggs and grits,two egg grit three strip bacon,Two eggs a cup of grits three strips of bacon,en,There are no fruits or vegetables in the meal.,28.0,16.0,36.0,1.0,553.0,,,,,,half_fruits_vegetables
9,1821,2623,not_really,not_really,dinner,yellow rice black bean meatball water,"Yellow rice, black beans, meatballs and water.",yellow rice black bean beef meatball bottle water,"Yellow rice, black beans and beef meatballs. 16 oz bottle of water.",en,There are no fruits or vegetabes in the meal.,100.0,27.0,14.0,2.0,829.0,"It is more than 100, it is 140.",,,,na,half_fruits_vegetables
9,2822,6046,not_really,not_really,breakfast,hot cereal,Hot cereal,half oatmeal,A cup and a half oatmeal,en,,50.0,7.0,4.0,5.0,251.0,,,,,,half_fruits_vegetables
9,2822,6056,not_really,yes,dinner,pork chop rice cabbage,Pork chops rice cabbage,one pork chop rice cabbage,One pork chop cup of rice a cup of cabbage,en,"Good job including cabbage. In order to meet this goal, increase the portion of cabbage to half your plate.",59.0,21.0,9.0,2.0,400.0,,,,,,half_fruits_vegetables
9,2822,6061,not_really,not_really,breakfast,coffee muffin,Coffee in a muffin,oneof coffee one corn muffin,One cup of coffee and one corn muffin,en,"The goal has not been met as the meal does not include fruits or vegetables. In order to meet this goal, make 1/2 of your plate fruits and vegetables.",34.0,5.0,18.0,0.0,306.0,,,,,,half_fruits_vegetables
9,1821,2650,not_really,not_really,lunch,cheese burger fry vanilla shake also peanut,"Cheese burger, fries and vanilla shake. Also peanuts.",cheese burger fry andvanilla shake peanut,"Cheese burger, fries and 12oz vanilla shake. Peanuts",en,There are no fruits or vegetables in the meal.,100.0,34.0,55.0,6.0,2000.0,"It is higher, it is 143.",,,,It is more 1300,half_fruits_vegetables
9,2822,6071,not_really,not_really,breakfast,egg bacon croissant coffee juice,Eggs bacon croissant coffee juice,two egg scrambled three strip bacon one croissant orange juice ounce coffee,Two eggs scrambled three strips of bacon one croissant 8 oz of orange juice 10 ounces of coffee,en,"The goal has not been met, as the meal does not contain fruits or vegetables. In order to meet this goal, make 1/2 of your plate fruits and vegetables.",72.0,29.0,30.0,6.0,659.0,,,,,,half_fruits_vegetables
9,1821,2680,not_really,not_really,morning_snack,everything bagel hardboiled egg banana bottle water,"Everything bagel, hard-boiled eggs, banana and bottle of water.",everything bagel hardboiled egg banana bottle water,"Everything bagel, 2 x hard-boiled eggs, 1 x banana and 16 oz bottle of water.",en,There are no vegetables and 1 fruit in the meal.,71.0,15.0,11.0,5.0,486.0,na,na,na,na,na,half_fruits_vegetables
9,2822,6093,not_really,yes,breakfast,cereal fruit,Cereal and fruit,oneof cold cereal oneof soy milk oneof grape black grape,One cup of Cold Cereal one cup of soy milk and one cup of grapes black grapes,en,"Good job including grapes. The goal has not been met, as half the meal is not fruits and vegetables. In order to meet this goal, make 1/2 your plate fruits or vegetables.",56.0,9.0,5.0,3.0,291.0,,,,,,half_fruits_vegetables
9,2822,6096,not_really,yes,lunch,soup cracker,Soup and crackers,clam chowder water cracker,Clam chowder water and crackers,en,"The goal has not been met as the meal does not contain fruits or vegetables. In order to meet this goal, make 1/2 of your plate fruits or vegetables.",40.0,6.0,21.0,1.0,361.0,,,,,,half_fruits_vegetables
9,2822,6098,not_really,not_really,dinner,fried chicken shrimp fried rice salad water,Fried chicken and shrimp fried rice salad water,chicken wing shrimp fried rice green salad water,For chicken wings cup of shrimp fried rice green salad and water,en,Good job included vegetables. In order to meet this goal make fruits or vegetables 1/2 of your meal.,65.0,28.0,42.0,1.0,743.0,,,,,,half_fruits_vegetables
9,2822,6108,not_really,yes,lunch,omelette strawberry coffee,Omelette strawberries and coffee,omelette onion green pepper mushroom red pepper cheese steak two piece wheat bread strawberry coffee,Omelette with onions green peppers mushrooms red peppers cheese and steak two pieces of wheat bread strawberries coffee,en,"Good job including strawberries and vegetables in the omelet. In order to meet this goal, make 1/2 of your plate fruits and vegetables.",56.0,26.0,13.0,6.0,462.0,,,,,,half_fruits_vegetables
9,2822,6109,not_really,not_really,dinner,cheesesteak water,Cheesesteak and water,philly cheese steak water,1 Philly cheese steak and water,en,"The goal has not been met, as the meal contains about 1/2 protein and 1/2 carbohydrates. In order to meet this goal, make fruits and vegetables 1/2 of the plate.",40.0,9.0,11.0,1.0,300.0,,,,,,half_fruits_vegetables
9,2822,6111,not_really,not_really,breakfast,buttered bread hot chocolate,Buttered bread hot chocolate,butted bread hot chocolate,Butted bread and hot chocolate,en,"The goal has not been met as the meal does not contain fruits or vegetables. In order to meet this goal, make 1/2 your plate fruits or vegetables.",39.0,2.0,18.0,1.0,320.0,,,,,,half_fruits_vegetables
9,2822,6117,not_really,not_really,breakfast,egg grit fish,Eggs grits and fish,oneof grit egg two piece fish,One cup of grits to eggs two pieces of fish,en,"The goal has not been met as the meal does not contain fruits or vegetables. In order to meet this goal, make 1/2 your plate fruits and vegetables.",55.0,28.0,21.0,4.0,528.0,,,,,,half_fruits_vegetables
9,2822,6124,not_really,yes,dinner,mustard turnip green potato salad spare rib water,Mustard and turnip greens potato salad spare ribs water,oneof green bean oneof potato salad three rib,One cup of green beans one cup of potato salad and three ribs,en,"Good job including vegetables in your meal. In order to meet this goal, increase the portion of vegetables to half of your plate.",54.0,31.0,39.0,6.0,718.0,,,,,,half_fruits_vegetables
9,2822,6129,not_really,yes,lunch,corned beef hash whole wheat bread ice,Corned beef hash whole wheat bread Ice-T,oneof corned beef hash potato two slice wheat bread iced tea,One cup of corned beef hash in potatoes two slices of wheat bread in the 16 oz of iced tea,en,"The goal has not been met as the meal does not contain fruits or vegetables. In order to meet this goal, make 1/2 the plate fruit and vegetables.",70.0,22.0,27.0,4.0,619.0,,,,,,half_fruits_vegetables
9,2822,6136,not_really,not_really,breakfast,pancake sausage coffee,Pancakes and sausage coffee,pancake two sausage coffee,3 pancakes two sausages coffee,en,"The goal has not been met as the meal does not contain fruits or vegetables. In order to meet this goal, make 1/2 the plate fruit and vegetables.",36.0,12.0,25.0,1.0,372.0,,,,,,half_fruits_vegetables
9,2822,6142,not_really,not_really,breakfast,muffin tea,Muffin and tea,one corn muffin tea honey,One corn muffin cup of tea with honey,en,"The goal has not been met as the meal does not contain fruits or vegetables. In order to meet this goal, make 1/2 the plate fruit and vegetables.",36.0,3.0,17.0,0.0,295.0,,,,,,half_fruits_vegetables
9,2822,6146,not_really,not_really,afternoon_snack,meat patty soda,Meat Patty and sodas,one beef patty ounce soda,One beef patty 12-ounce soda,en,"The goal has not been met as the meal does not contain fruits or vegetables. In order to meet this goal, make 1/2 the plate fruit and vegetables.",91.0,11.0,11.0,2.0,506.0,,,,,,half_fruits_vegetables
9,2822,6147,not_really,yes,dinner,hamburger french fry,hamburger and french fries,hamburger french fry bun water,Hamburger and french fries on the a bun water,en,"The goal has not been met as the meal does not contain fruits, and it contains fried potatoes. In order to meet this goal, make 1/2 the plate fruit and vegetables. Try having a baked potato instead of fried.",64.0,31.0,35.0,1.0,691.0,,,,,,half_fruits_vegetables
9,2822,6153,not_really,not_really,lunch,egg grit sausage,Eggs grits and sausage,one half cup grit piece sausage two egg fry coffee,One and a half cups of grits 3 pieces of sausage two eggs fries and coffee,en,"The goal has not been met as the meal does not contain fruits or vegetables. In order to meet this goal, make 1/2 the plate fruit and vegetables.",58.0,41.0,38.0,3.0,744.0,,,,,,half_fruits_vegetables
9,2822,6154,not_really,not_really,dinner,egg sausage bread,Eggs sausage bread,two scrambled egg one sausage two piece white wheat bread ice,Two scrambled eggs one sausage two pieces of white wheat bread Ice-T,en,"The goal has not been met as the meal does not contain fruits or vegetables. In order to meet this goal, make 1/2 the plate fruit and vegetables.",47.0,20.0,22.0,0.0,469.0,,,,,,half_fruits_vegetables
9,2822,6173,not_really,yes,breakfast,egg bacon grit fruit coffee water,Eggs bacon grits fruit coffee   Water,strip bacon half grit egg orange coffee water,3 strips of bacon I half a cup of grits 2 eggs and Orange cup of coffee  And a cup of water,en,"Good job including fruit. In order to meet this goal, increase your portion of fruits and vegetables to half your plate.",35.0,26.0,23.0,4.0,449.0,,,,,,half_fruits_vegetables
9,1821,2193,not_really,not_really,breakfast,french bread hardboiled egg banana oof black coffee,"French bread, 2 x hard-boiled eggs and 1 x banana. 12 oz cup of black coffee.",hero size french bread butter lightly smeared hardboiled egg small salt small pepper banana oof black coffee sugar reading,"Hero size French bread, butter lightly smeared, 2 x hard-boiled eggs (1smll salt and 2smll pepper) and 1 x banana. 12 oz cup of black coffee 2 x sugars. Reading 131.",en,"There are no vegetables, there is one fruit which is less than half of the plate.",,,,,,,,,,,half_fruits_vegetables
9,2822,6184,not_really,yes,breakfast,bowl cereal orange glass water,Bowl of cereal a Orange A glass of water,one cup cereal raising brain soy milk orange glass hate,One and a 1/2 cups of cereal raising brain a cup of soy milk 1 Orange and a glass of wate,en,"Good job included fruit. In order to meet this goal, increase the portion of fruits and vegetables to make up half of your plate.",95.0,15.0,6.0,15.0,445.0,,,,,,half_fruits_vegetables
9,1821,2698,not_really,yes,morning_snack,tuna fish salad sandwich lettuce tomato banana bottle water,Tuna fish salad sandwich with lettuce and tomato. Banana and bottle of water.,tuna fish salad celery onion mayo wheat bread banana bottle water,"Tuna fish salad (celery, onions and mayo) on wheat bread. 1 x banana and 16 oz bottle of water.",en,"This goal is not met because the fruits & veggies only make up approx. 25% of the meal. To meet this goal, add a side salad.",76.0,28.0,19.0,10.0,568.0,,,,,,half_fruits_vegetables
9,2822,6196,not_really,yes,dinner,chicken rice green water,Chicken rice  greens water,piece chicken rice collard green glass water,2 pieces of chicken a  Cup of rice  Collard greens glass of water,en,There is one vegetable and no fruits.,71.0,72.0,14.0,7.0,704.0,,,,,,half_fruits_vegetables
9,1983,9596,not_really,yes,dinner,roast pork zucchini fry,Roast pork 4 oz zucchini fries,zucchini fry made hairdryer parmesan cheese spice ounce roast pork garlic olive oil,"Zucchini fries made in airfryer with Parmesan cheese and spices, 4 ounces roast pork with garlic and olive oil",en,,3.0,33.0,30.0,1.0,420.0,,,,,,half_fruits_vegetables
9,2822,6225,not_really,not_really,lunch,soup cracker water,Soup crackers and water,clam chowder soup ritz cracking glass water,Clam chowder soup ritz crackings my glass of water,en,,40.0,6.0,21.0,1.0,361.0,,,,,,half_fruits_vegetables
9,1821,2198,not_really,not_really,dinner,yellow rice handle two pastel bottle water,Yellow rice with handles and two Pasteles. And 33 oz bottle of water.,arrow com candle do pastel de platoon carne de credo una stella de de agua,Arrow com Gandules y Dos Pasteles de platano y carne de cerdo. Una botella de 33 oz de Agua.,en,I don't see any green vegetable or any fruits. The vegetable is the plantain and it isn't half of the plate.,,,,,,,,,,,half_fruits_vegetables
9,1983,8552,not_really,not_really,lunch,pancake sausage,Pancakes with sausage,flaxseed coconut flour chia seed almond milk pancake turkey sausage,"Flaxseed, coconut flour, Chia seeds, almond milk pancakes. 2 turkey sausage",en,,22.0,17.0,22.0,3.0,375.0,,,,,,half_fruits_vegetables
9,3146,8418,not_really,yes,breakfast,coffee cornflakes,Coffee and Cornflakes,call flake milk black coffee sugar,Call flakes with milk and black coffee no sugar,en,,31.0,6.0,4.0,1.0,188.0,,,,,,half_fruits_vegetables
9,3058,7507,not_really,not_really,dinner,baked chicken stuffing,Baked Chicken and Stuffing,shocked breast thigh stuffing,Shocked Breast and Thigh with Stuffing,en,"The goal isn't met because there are no fruits or vegetables in the meal. To meet the goal, add a side of vegetables and a fruit for dessert.",21.0,22.0,1.0,1.0,210.0,,,,,,half_fruits_vegetables
9,3146,9038,not_really,yes,dinner,rice milk little bit salt lot water,Rice with milk a little bit of saltA lot of water,bison milk little bit salt lot water,Bison milk and a little bit of salt and a lot of water,en,,14.0,3.0,4.0,0.0,110.0,,,,,,half_fruits_vegetables
9,3145,8828,not_really,yes,lunch,grilled salmon,Grilled Salmon,salmon rice asparagus tomato lemon grass fed butter italian herb water,"Salmon
Rice
Asparagus 
Tomatoes 
Lemon 
Grass Fed Butter 
Italian Herbs 
Water",en,,54.0,21.0,10.0,1.0,415.0,,,,,,half_fruits_vegetables
9,3058,7817,not_really,not_really,breakfast,tea danish,Tea and danish,lipton tea honey bun,Lipton Tea and Honey bun,en,,31.0,3.0,17.0,1.0,294.0,,,,,,half_fruits_vegetables
9,3146,8906,not_really,yes,breakfast,coffee milk sugar cracker,Coffee with milk no sugar and crackers,coffee milk sugar cracker,Coffee with milk no sugar and crackers,en,,15.0,3.0,2.0,1.0,93.0,,,,,,half_fruits_vegetables
9,3146,9071,not_really,not_really,breakfast,spaghetti lot water,Spaghetti a lot of water,spaghetti lot water,Spaghetti and a lot of water,en,,90.0,33.0,19.0,0.0,780.0,,,,,,half_fruits_vegetables
9,3058,7742,not_really,not_really,breakfast,tea donut,Tea and Donuts,lipton tea plain & powdered donut,Lipton Tea and plain & Powdered Donut,en,,23.0,2.0,10.0,1.0,192.0,,,,,,half_fruits_vegetables
9,3058,7502,not_really,not_really,breakfast,tea honey bun,Tea and Honey bun,lipton tea lemon anda cake,Lipton Tea with Lemon andca cake,en,Your goal is not met because you did not include fruits and vegetables on your plate. To meet this goal include at least 1.5 servings of fruits and vegetables and/or make sure that 1/2 of your plate are fruits and vegetables.,32.0,3.0,16.0,1.0,280.0,,,,,,half_fruits_vegetables
9,3146,8870,not_really,yes,breakfast,coffee cracker,Coffee and crackers,coffee milk sugar cracker,And coffee with milk and no sugar and crackers,en,,14.0,4.0,1.0,1.0,86.0,,,,,,half_fruits_vegetables
9,2524,8774,not_really,not_really,lunch,pepper sausage slice,Peppers and sausage slice,slice pizza pepper sausage,Slice of pizza with peppers and sausage,en,The goal has not beet met because half of the plate does not contain fruits and vegetables. To meet this goal add fruits and vegetables that occupy 1/2 of the plate.,33.0,14.0,10.0,2.0,279.0,,,,,,half_fruits_vegetables
9,3146,8987,not_really,not_really,lunch,chicken salad,Chicken and salad,chicken salad,Chicken and salad,en,,13.0,32.0,25.0,0.0,409.0,,,,,,half_fruits_vegetables
9,3146,8632,not_really,yes,breakfast,oatmeal cracker orange juice,Oatmeal crackers and orange juice,oatmeal milk little bit vanilla cinnamon cracker orange juice,Oatmeal milk a little bit of vanilla and cinnamon crackers and orange juice,en,,79.0,14.0,6.0,6.0,397.0,,,,,,half_fruits_vegetables
9,1983,8584,not_really,yes,dinner,cauliflower rice fried chicken,Cauliflower rice with fried chicken,cauliflower chicken egg onion green pepper garlic,Cauliflower chicken eggs onions green peppers garlic,en,,41.0,49.0,18.0,2.0,542.0,,,,,,half_fruits_vegetables
9,1983,8531,not_really,not_really,breakfast,sausage egg toast,"Sausage, eggs, toast",large egg turkey sausage grain toast,"2 xlarge eggs, 3 oz turkey sausage, 1 21 grain toast",en,,16.0,33.0,21.0,3.0,402.0,,,,,,half_fruits_vegetables
9,3145,8041,not_really,yes,lunch,stewed patchy rice,Stewed Papchoy and Rice,organic chicken breast organic patchy diabetic rice himalayan salt organic minced onion organic garlic power organic coconut oil salt free seasoning chopped chive blackpepper,"Organic Chicken Breast
Organic Papchoy
Diabetic Rice
Himalayan Salt
Organic Minced Onion
Organic Garlic Power
Organic Coconut Oil
Salt Free Seasoning
Chopped Chives 
Blackpepper",en,The vegetable is about 1/4 of the meal and there are no fruits.,41.0,22.0,6.0,3.0,307.0,,,,,This is based on 3 ounces of chicken and 1/2 tablespoon of oil.,half_fruits_vegetables
9,3146,8427,not_really,yes,dinner,chicken seasoning pepper onion garlic cilantrosoft taco,Chicken seasoning pepper onion garlic cilantroSoft tacos,soft taco chicken cilantro onion red pepper tomatoewater,Soft taco chicken cilantro onions red peppers tomatoeWater,en,,25.0,19.0,6.0,6.0,237.0,,,,,,half_fruits_vegetables
9,3146,7883,not_really,not_really,breakfast,oatmeal slice breakwater,Oatmeal and a slice of breadwater,oatmeal milk little bit latte little cinnamon slice bread water,Oatmeal milk a little bit of a latte a little cinnamon in a slice of bread and water,en,The goal isn't met because there are no vegetables and 1 fruit in the form of a drink. To meet the goal add a vegetable to the meal.,82.0,13.0,3.0,5.0,434.0,,,,,This is based on a half of cup of 2% milk and 8 ounces of orange juice.,half_fruits_vegetables
9,3146,9080,not_really,yes,dinner,chicken noodle soup cilantro onion red pepper seasoning,Chicken noodle soup cilantro onions red peppers and seasoning,chicken noodle soup red pepper onion cilantro little seasoning lot water,Chicken noodle soup red pepper onions and cilantro and a little seasoning and a lot of water,en,,35.0,18.0,9.0,2.0,350.0,,,,,,half_fruits_vegetables
9,3145,8734,not_really,yes,morning_snack,banana,Bananas,,"🍌 
💦",en,,40.0,2.0,0.0,5.0,180.0,,,,,,half_fruits_vegetables
9,3145,8261,not_really,yes,dinner,baked chicken breast mashed pumpkin,Baked Chicken Breast and Mashed Punpkin,organic chicken breast steamed pumpkin organic chive water chopped red onion blackpepper water,"Organic Chicken Breast
Steamed Pumpkin 
Organic Chives 
Water
Chopped Red Onions
Blackpepper
Water",en,The goal is not met because half of the plate are not fruits and vegetables. To meet this goal make sure the meal contains at least 1.5 cups of fruits and/or vegetables or half of the plate is fruit and/or vegetables.,12.0,55.0,6.0,3.0,333.0,,,,,,half_fruits_vegetables
9,3146,9066,not_really,yes,breakfast,cornflakes strawberry coffee % milk,Cornflakes strawberries and coffee 2% milk,quietly strawberry % milk coffee,Quietly strawberry 2% milk and coffee,en,,43.0,12.0,5.0,1.0,266.0,,,,,,half_fruits_vegetables
9,3146,9003,not_really,yes,breakfast,cornflakes % milk coffee % milk cracker,Cornflakes with 2% milk coffee with 2% milk and some crackers,cornflakes % milk coffee % milk sugar cracker,Cornflakes 2% milk coffee 2% milk no sugar and crackers,en,,51.0,10.0,6.0,2.0,300.0,,,,,,half_fruits_vegetables
9,1983,8528,not_really,not_really,breakfast,coffee,Coffee,coffee teaspoon stevia tablespoon heavy cream,"12 oz coffee, 1 teaspoon stevia, 2 tablespoon heavy cream",en,,0.0,0.0,10.0,0.0,100.0,,,,,,half_fruits_vegetables
9,3145,8735,not_really,yes,afternoon_snack,fruit,Fruit,tangerine water,"Tangerine 🍊 
Water 💧",en,,15.0,0.0,0.0,2.0,60.0,,,,,,half_fruits_vegetables
9,3145,8426,not_really,yes,breakfast,cucumber lemonade,Cucumber Lemonade,vanilla essence stevia,"🍋 
🥒 
Vanilla Essence 
Stevia
💦",en,Great job for including vegetables in your meal. The goal is not met because you did not include at least 1.5 cups of fruits and/or vegetables. To meet this goal make sure to include 1.5 cups of fruits and/or vegetables.,1.0,0.0,0.0,0.0,4.0,,,,,,half_fruits_vegetables
9,3145,8695,not_really,yes,breakfast,lemonade cucumber drink,Lemonade Cucumber Dtink,stevia,"🍋
 🥒 
🚿 
Stevia",en,,0.0,0.0,0.0,0.0,0.0,,,,,"If the drink is just lemon, cucumber and stevia, there is no nutrition and no calories.",half_fruits_vegetables
9,3145,8603,not_really,yes,dinner,rice spinach,Rice and Spinach,spinach diabetic rice coconut oil chicken cube blackpepper garlic powder chicken giblet water,"Spinach
Diabetic Rices 
Coconut Oil 
Chicken Cubes 
Blackpepper
Garlic Powder
Chicken Giblets
Water",en,,60.0,51.0,20.0,3.0,638.0,,,,,,half_fruits_vegetables
9,3146,8926,not_really,not_really,lunch,rich capo ra,RicA Capo ría,rice capowater,Rice capoWater,en,,0.0,29.0,18.0,0.0,283.0,,,,,,half_fruits_vegetables
9,3146,8997,not_really,yes,breakfast,coffee milk % corn flake milk % sugar cracker,Coffee milk 2% corn flakes milk 2% no sugar and crackers,coffee % sugar cornflakes % milk sugar cracker,Coffee 2% no sugar cornflakes 2% milk no sugar crackers,en,,51.0,10.0,6.0,2.0,300.0,,,,,,half_fruits_vegetables
9,3145,8025,not_really,yes,afternoon_snack,fruit salad,Fruit Salad,blueberry strawberry raspberry mango banana papaya watermelon water,"Blueberries 
Strawberries 
Raspberries 
Mangoes 
Bananas
Papaya 
Watermelon 
Water",en,The goal isn't met because the whole meal is fruits.,42.0,2.0,0.0,5.0,160.0,,,,,This is based on 2 cups of the frozen fruit.,half_fruits_vegetables
9,3146,8590,not_really,yes,breakfast,conflict milk strawberry orange juice,Conflicts with milk strawberry and orange juice,cornflakes milk strawberry orange juice,Cornflakes with milk strawberries and orange juice,en,,68.0,14.0,5.0,1.0,363.0,,,,,"
Esto se basa en 1 taza de 2% de leche y 1 taza de cereal.",half_fruits_vegetables
9,3058,7514,not_really,not_really,breakfast,coffee,Coffee,el pico,El Pico,en,The goal isn't met because there are no fruits or vegetables in the meal.,8.0,0.0,1.0,0.0,50.0,,,,,This is based on 1 teaspoon of sugar and 1 tablespoon of creamer.,half_fruits_vegetables
9,1983,8501,not_really,not_really,breakfast,coffee,Coffee,coffee international sweet creamer,12 oz coffee with 4 tb international sweet creamer,en,,20.0,0.0,4.0,0.0,120.0,,,,,,half_fruits_vegetables
9,3146,9024,not_really,yes,lunch,sandwich egg cheese bacon turkey orange juice,Sandwich eggs cheese and bacon turkey orange juice,sandwich egg cheese bacon turkey orange juice,Sandwich eggs cheese and bacon turkey and orange juice,en,,37.0,12.0,14.0,0.0,490.0,,,,,,half_fruits_vegetables
9,1983,8470,not_really,yes,dinner,chicken noodle soup,Chicken noodle soup,cop oz chicken carrot noodle celery onion,"16 oz cuop 3 oz. chicken, carrots , noodles celery onion",en,,32.0,18.0,7.0,2.0,259.0,,,,,,half_fruits_vegetables
9,3058,7523,not_really,not_really,dinner,baked zit,Baked Zitt,pasta chopped beef meet tomato cause,"Pasta, chopped beef meet and Tomato Sause",en,The goal is not met because the plate does not include half fruit and vegetables. To meet this goal include fruit or vegetables.,48.0,15.0,7.0,3.0,323.0,,,,,,half_fruits_vegetables
9,3145,8220,not_really,yes,afternoon_snack,watermelon,Watermelon,watermelon water,"Watermelon
Water",en,The goal isn't met because the whole meal is fruit.,166.0,2.0,0.0,2.0,373.0,,,,,160,half_fruits_vegetables
9,3146,9107,not_really,not_really,breakfast,coffee milk sugar reprint spice ham egg,OCoffee with milk no sugar to reprint spice ham and eggs,coffee milk sugar wheat toast spice ham egg,Coffee with milk no sugar to wheat toast spice ham and eggs,en,,67.0,15.0,19.0,8.0,546.0,,,,,,half_fruits_vegetables
9,3146,8661,not_really,yes,breakfast,cornflakes milk banana,Cornflakes milk and banana,cornflakes banana milk,Cornflakes banana and milk,en,,64.0,11.0,4.0,3.0,330.0,,,,,,half_fruits_vegetables
9,3145,8810,not_really,yes,morning_snack,lemonade,Lemonade,cucumber water stevia lemon,"Cucumber
Water
Stevia 
Lemon",en,,0.0,0.0,0.0,0.0,0.0,,,,,The cucumber and lemon don't add calories because it is a very small amount.,half_fruits_vegetables
9,3146,8698,not_really,not_really,breakfast,pancake little syrup egg sausage,Pancakes and a little syrup eggs and sausage,pancake made water stir egg sausage,Pancakes made with water stir up eggs and sausages,en,,43.0,27.0,34.0,1.0,584.0,,,,,,half_fruits_vegetables
9,3146,8963,not_really,not_really,dinner,chicken noodle soup cabbage cilantro onion seasoning salad sandwich,Chicken noodle soup cabbage cilantro onions and seasoning saladsA sandwich,chicken noodle soup cabbage cilantro onion red pepper salad sandwich,Chicken noodle soup cabbage cilantro onions and red peppers and a saladA sandwich,en,,44.0,27.0,16.0,5.0,431.0,,,,,,half_fruits_vegetables
9,3146,8922,not_really,yes,breakfast,cornflakes % milk coffee sugar cracker,Cornflakes with 2% milk coffee with no sugar and crackers,cornflakes % milk cracker coffee milk sugar,Cornflakes with 2% milk crackers coffee with milk and no sugar,en,,49.0,9.0,8.0,3.0,307.0,,,,,,half_fruits_vegetables
9,3146,8600,not_really,not_really,lunch,chinese rice little bit vegetable chicken,Chinese rice with a little bit of vegetable and chicken,chinese food little bit vegetable wink water,Chinese food with a little bit of vegetables 01 wink and water,en,,38.0,11.0,1.0,2.0,221.0,,,,,This is based on 1 cup of chicken fried rice.,half_fruits_vegetables
9,3146,8636,not_really,yes,morning_snack,sandwich roast beef bag water snack cook,A sandwich roast beef a bag of water snacks to cook,subway sandwich one cookie water,Subway sandwich one cookie and water,en,,73.0,27.0,15.0,6.0,530.0,,,,,,half_fruits_vegetables
9,3146,8943,not_really,yes,lunch,al churro ríaswith green platano’s green banana meet,Al Capurro ríasWith green Platano’s green bananas and meet,al churro ra made green platano’s green banana put meat,Al Capurro rías Is made with green Platano’s and green bananas and I put meat in it,en,,34.0,20.0,40.0,2.0,790.0,,,,,,half_fruits_vegetables
9,3058,7727,not_really,not_really,lunch,tuna fish cracker,Tuna fish and crackers,canned tuna ritz cracker,Canned Tuna with Ritz Crackers,en,,19.0,22.0,10.0,0.0,259.0,,,,,,half_fruits_vegetables
9,3146,8898,not_really,yes,dinner,al capulets vegetable little bit rice water please,Al capullas Vegetables and a little bit of rice and water please,vegetable rice al churro da caveat green banana green platano‘s pork meat put inside lot salt lot water,Vegetables and rice Al Capurro días caveats Green bananas green Platano‘s and pork meat I put it inside not a lot of salt and a lot of water,en,,48.0,50.0,7.0,2.0,465.0,,,,,,half_fruits_vegetables
9,3145,8152,not_really,yes,afternoon_snack,watermelon fruit salad,Watermelon Fruit Salad,organic water melon spring water,"Organic Water Melon 
Spring Water",en,The goal isn't met because the whole meal is fruit.,22.0,1.0,0.0,2.0,87.0,,,,,This is based on 1 average slice.,half_fruits_vegetables
9,1983,8558,not_really,not_really,lunch,fried pork chop chia seed broccoli slaw cauliflower salad,"Fried pork chop in chia seeds and broccoli slaw, cauliflower salad",fried pork chop chia seed broccoli slaw cauliflower salad egg mayo relish,"Fried pork chop in chia seeds and broccoli slaw, cauliflower salad with eggs Mayo relish",en,,15.0,60.0,33.0,7.0,629.0,,,,,This is based on 1 Tablespoon of chia seeds.,half_fruits_vegetables
9,3146,8614,not_really,not_really,breakfast,pancake egg sausage,Pancakes eggs and sausage,pancake made water egg sausage,Pancakes made with water eggs and sausage,en,,35.0,23.0,36.0,4.0,539.0,,,,,,half_fruits_vegetables
9,3146,9120,not_really,yes,breakfast,coffee % milk cracker,Coffee with 2% milk and crackers,coffee % milk cracker,Coffee with 2% milk and crackers,en,,22.0,6.0,5.0,1.0,165.0,,,,,This is based on 1/4 cup of 2% milk and 1 serving of crackers.,half_fruits_vegetables
9,3146,7938,not_really,yes,breakfast,coffee cooky,I had coffee with cookies,milk coffee cracker,Milk and coffee and some crackers,en,The goal isn't met because there are no fruits or vegetables in the meal.,54.0,12.0,15.0,2.0,400.0,,,,,This is based on 1 cup of milk and 2 chocolate cookies.,half_fruits_vegetables
9,3146,8969,not_really,yes,breakfast,cornflakes % milk coffee cracker,Cornflakes 2% milk coffee crackers,cornflakes % milk coffee % milk cracker,Cornflakes 2% milk coffee 2% milk and crackers,en,,47.0,10.0,5.0,1.0,273.0,,,,,,half_fruits_vegetables
9,3146,9130,not_really,yes,breakfast,coffee without sugar % milk cornflakes % milk strawberry,Coffee without sugar and 2% milk cornflakes with 2% milk and strawberries,coffee % milk sugar strawberry cornflakes % milk,Coffee with 2% milk no sugar strawberries cornflakes with 2% milk,en,,67.0,13.0,5.0,4.0,341.0,,,,,,half_fruits_vegetables
9,3146,9060,not_really,not_really,dinner,spaghetti's slice bread,I had spaghetti’s slices of bread,spaghetti's slice bread water,Spaghetti’s and slices of bread and water,en,,82.0,4.0,11.0,2.0,411.0,,,,,,half_fruits_vegetables
9,3146,8557,not_really,yes,dinner,yellow rice pea cilantro onion garlic little bit coloring little piece pork shop salami,Yellow rice with peas cilantro onions garlic a little bit of coloring a little piece of pork shop and a salami,yellow rice onion garlic little bit cilantro red pepper sofrito pork chop salami little bit coloringchicken,Yellow rice onion garlic little bit of cilantro red pepper Sofrito pork chop salami a little bit of coloringChicken,en,,46.0,25.0,29.0,1.0,564.0,,,,,,half_fruits_vegetables
9,1983,8319,not_really,not_really,breakfast,coffee,Coffee,coffee tb sweet creamer,"11 oz Coffee,  4 tbls sweet creamer",en,,20.0,0.0,4.0,0.0,120.0,,,,,,half_fruits_vegetables
9,3146,8395,not_really,not_really,dinner,spaghetti sauce corn beef,Spaghetti sauce and corn beef,spaghetti noodle sauce onion garlic red pepper cilantro little bit seasoning,Spaghetti noodles sauce onions garlic red pepper cilantro in a little bit of seasoning,en,,50.0,24.0,11.0,5.0,404.0,,,,,,half_fruits_vegetables
9,3058,7712,not_really,not_really,breakfast,tea danish,Tea and danish,lipton tea honeybunny,Lipton Tea and Honeybun,en,,32.0,3.0,17.0,1.0,294.0,,,,,,half_fruits_vegetables
9,3146,8651,not_really,not_really,breakfast,breakfast egg spice hame breath,Breakfast eggs spice hamWe breath to,spiced ham egg two taco,Spiced ham eggs and two tacos,en,"The goal is not met because there are no fruits or vegetables in this meal. To meet this goal, add a small piece of fruit like an apple or banana or add cooked onions and peppers on the side.",31.0,29.0,35.0,2.0,556.0,,,,,,half_fruits_vegetables
9,1983,8547,not_really,not_really,breakfast,coffee,Coffee,coffee tablespoon heavy cream pinch stevia,"Coffee with 3 tablespoon heavy cream, pinch of stevia",en,,0.0,0.0,18.0,0.0,151.0,,,,,,half_fruits_vegetables
9,3146,8145,not_really,not_really,breakfast,make cent,Maíz cena,maicenamilk sugar cinnamon,MaicenaMilk sugar and cinnamon,en,,58.0,9.0,3.0,1.0,297.0,,,,,"
Esto se basa en 1/3 taza de harina de maíz, 1/2 taza de leche y 1 cucharada de azúcar.",half_fruits_vegetables
9,3146,9130,not_really,yes,breakfast,coffee without sugar % milk cornflakes % milk strawberry,Coffee without sugar and 2% milk cornflakes with 2% milk and strawberries,coffee % milk sugar strawberry cornflakes % milk,Coffee with 2% milk no sugar strawberries cornflakes with 2% milk,en,,67.0,13.0,5.0,4.0,341.0,,,,,,half_fruits_vegetables
9,3146,9060,not_really,not_really,dinner,spaghetti's slice bread,I had spaghetti’s slices of bread,spaghetti's slice bread water,Spaghetti’s and slices of bread and water,en,,82.0,4.0,11.0,2.0,411.0,,,,,,half_fruits_vegetables
9,3146,8557,not_really,yes,dinner,yellow rice pea cilantro onion garlic little bit coloring little piece pork shop salami,Yellow rice with peas cilantro onions garlic a little bit of coloring a little piece of pork shop and a salami,yellow rice onion garlic little bit cilantro red pepper sofrito pork chop salami little bit coloringchicken,Yellow rice onion garlic little bit of cilantro red pepper Sofrito pork chop salami a little bit of coloringChicken,en,,46.0,25.0,29.0,1.0,564.0,,,,,,half_fruits_vegetables
9,1983,8319,not_really,not_really,breakfast,coffee,Coffee,coffee tb sweet creamer,"11 oz Coffee,  4 tbls sweet creamer",en,,20.0,0.0,4.0,0.0,120.0,,,,,,half_fruits_vegetables
9,3146,8395,not_really,not_really,dinner,spaghetti sauce corn beef,Spaghetti sauce and corn beef,spaghetti noodle sauce onion garlic red pepper cilantro little bit seasoning,Spaghetti noodles sauce onions garlic red pepper cilantro in a little bit of seasoning,en,,50.0,24.0,11.0,5.0,404.0,,,,,,half_fruits_vegetables
9,3058,7712,not_really,not_really,breakfast,tea danish,Tea and danish,lipton tea honeybunny,Lipton Tea and Honeybun,en,,32.0,3.0,17.0,1.0,294.0,,,,,,half_fruits_vegetables
9,3146,8651,not_really,not_really,breakfast,breakfast egg spice hame breath,Breakfast eggs spice hamWe breath to,spiced ham egg two taco,Spiced ham eggs and two tacos,en,"The goal is not met because there are no fruits or vegetables in this meal. To meet this goal, add a small piece of fruit like an apple or banana or add cooked onions and peppers on the side.",31.0,29.0,35.0,2.0,556.0,,,,,,half_fruits_vegetables
9,1983,8547,not_really,not_really,breakfast,coffee,Coffee,coffee tablespoon heavy cream pinch stevia,"Coffee with 3 tablespoon heavy cream, pinch of stevia",en,,0.0,0.0,18.0,0.0,151.0,,,,,,half_fruits_vegetables
9,3146,8145,not_really,not_really,breakfast,make cent,Maíz cena,maicenamilk sugar cinnamon,MaicenaMilk sugar and cinnamon,en,,58.0,9.0,3.0,1.0,297.0,,,,,"
Esto se basa en 1/3 taza de harina de maíz, 1/2 taza de leche y 1 cucharada de azúcar.",half_fruits_vegetables
9,3146,8668,not_really,not_really,lunch,pizza sauce cheese piece bread,Pizza sauce cheese and a piece of bread,pizza sauce cheese piece bread,Pizza sauce cheese and a piece of bread,en,,35.0,26.0,22.0,4.0,444.0,,,,,,half_fruits_vegetables
9,3146,7951,yes,not_really,dinner,soup cracker water,Soup and crackers and water,soup vegetable chicken water,Soup vegetables chicken and water,en,,36.0,12.0,11.0,4.0,279.0,,,,,,half_fruits_vegetables
9,3146,8619,yes,yes,lunch,soup chicken carrot cabbage cilantro onion pepper little,Soup chicken carrots cabbage cilantro onion peppers a little,soup chicken noodle soup cabbage cabbage cilantro onion pepper little bit seasoning,Soup chicken noodle soup cabbage cabbage cilantro onion peppers and a little bit of seasoning,en,,16.0,9.0,3.0,1.0,131.0,,,,,,half_fruits_vegetables
9,3145,8452,yes,yes,dinner,jerk tilapia pumpkin mash,Jerk Tilapia and Pumpkin Mash,organic tilapia fillet organic coconut oil grass fed butter organic pumpkin jerk seasoning chicken cube pure garlic onion flake fish sauce,"Organic Tilapia Fillet 
Organic Coconut Oil
Grass Fed Butter
Organic Pumpkin 
Jerk Seasoning 
1 Chicken Cube
Purée Garlic
Onion Flakes
Fish Sauce",en,Pumpkin is a starchy vegetable on the Food list for Diabetes.,26.0,18.0,11.0,8.0,273.0,,,,,,half_fruits_vegetables
9,3146,8573,yes,yes,lunch,brown rice black bean corn tomato lettuce guacamole cilantro,Brown rice black beans corn tomatoes and lettuce guacamole and cilantro,brown rice black bean lettuce tomato corn guacamole cilantro,Brown rice black beans lettuce and tomatoes and corn guacamole and cilantro,en,"There are 3 vegetables: corn, tomatoes and lettuce and no fruits.",94.0,13.0,16.0,9.0,592.0,,,,,,half_fruits_vegetables
9,3145,8089,yes,yes,lunch,baked salmon baked asparagus,Baked Salmon and Baked Asparagus,wild salmon organic asparagus water,"Wild Salmon 
Organic Asparagus
Water",en,The asparagus looks like it is half of the plate.,15.0,49.0,12.0,2.0,352.0,,,,,This is based on 8 ounces of salmon.,half_fruits_vegetables
9,3146,8938,yes,yes,breakfast,cough flake % milk blackberry strawberry coffee without sugar % milk cracker,Cough flakes but 2% milk BlackBerries strawberries coffee without sugar 2% milk crackers,cornflakes % milk cracker coffee blackberry strawberry,Cornflakes with 2% milk crackers and coffee blackberries and strawberries,en,,46.0,10.0,5.0,4.0,261.0,,,,,,half_fruits_vegetables
9,3145,8539,yes,yes,afternoon_snack,fruit medley,Fruit Medley,cantaloupe pineapple grape strawberry water,"Cantaloupe 
Pineapple 
Grapes 
Strawberries 
Water",en,,30.0,1.0,0.0,2.0,143.0,,,,,,half_fruits_vegetables
9,1983,8465,yes,yes,lunch,grilled cheese ham multi grain,Grilled cheese and ham on multi grain.,onesalad one tablespoon blue cheese dressing ham mozzarella cheese slice grain bread,"One cup salad, one tablespoon blue cheese dressing.  1 oz ham, 1 oz mozzarella cheese. 1 slice 21 grain bread",en,,15.0,14.0,16.0,2.0,262.0,,,,,,half_fruits_vegetables
9,3145,8662,yes,yes,morning_snack,cucumber lemonade,Cucumber Lemonade,stevia,"🍋 
💦
 🥒 
Stevia",en,,8.0,1.0,0.0,2.0,22.0,,,,,,half_fruits_vegetables
9,3146,8915,yes,yes,dinner,soup carrot cabbage little bit seasoning onion red pepper cilantro,Soup carrots cabbage a little bit of seasoning onions red peppers and cilantro,chicken noodle soup carrot onion red pepper cilantro little bit seasoning,Chicken noodle soup carrots onions red peppers cilantro in a little bit of seasoning,en,,16.0,9.0,3.0,1.0,129.0,,,,,,half_fruits_vegetables
9,3145,8502,yes,yes,breakfast,cucumber lemonade,Cucumber Lemonade,stevia essence,"🥒
🍋 
Stevia 
Essence
 💦",en,,2.0,0.0,0.0,0.0,8.0,,,,,,half_fruits_vegetables
9,3145,8673,yes,yes,dinner,garden salad,Garden Salad,carrot tomato cucumber radish sweet pepper lettuce,"Carrots 🥕 
Tomatoes 🍅
Cucumber 🥒
Radishes
Sweet Peppers 🌶 was 
Lettuce 🥬",en,,9.0,2.0,1.0,4.0,44.0,,,,,,half_fruits_vegetables
9,3145,8284,yes,yes,lunch,salad,Salad,avocado lettuce cucumber black olive yellow sweet pepper red sweet pepper tomato himalayan salt olive oil apple cider vinegar water,"Avocado 
Lettuce 
Cucumber 
Black Olives 
Yellow Sweet Peppers 
Red Sweet Peppers
Tomatoes 
Himalayan Salt
Olive Oil
Apple Cider Vinegar 
Water",en,There are many vegetables in the picture.,12.0,3.0,23.0,9.0,180.0,,,,,,half_fruits_vegetables
9,3146,8610,yes,yes,dinner,soup water rice seasoning chicken cabbage cabbage cilantro onion,Soup water rice seasoning chicken cabbage cabbage cilantro and onion,soup chicken soup cabbage cabbage cilantro onion red pepper water,Soup chicken soup with cabbage cabbage cilantro onions and red peppers and water,en,,17.0,5.0,1.0,1.0,91.0,,,,,,half_fruits_vegetables
9,1983,8516,yes,yes,lunch,grilled chicken salad green,Grilled chicken with salad greens,chicken cup salad salad green steam red cabbage,2 oz chicken 2 cups salad 2 than salad greens. 1 cup steam red cabbage.,en,,13.0,21.0,2.0,6.0,158.0,,,,,,half_fruits_vegetables
9,3146,9049,yes,yes,breakfast,cornflakes % milk coffee cracker strawberry blueberry,Cornflakes 2% milk coffee and crackers some strawberries and blueberries,cornflakes % milk coffee cracker strawberry corn flake blackberry,Cornflakes 2% milk coffee crackers strawberries corn flakes and BlackBerries,en,,84.0,16.0,5.0,8.0,489.0,,,,,,half_fruits_vegetables
9,3146,9033,yes,yes,breakfast,cornflakes coffee % milk cracker strawberry black berry,Cornflakes coffee only 2% milk crackers strawberries and black berries,cornflakes strawberry blackberry coffee % milk cracker,Cornflakes strawberries BlackBerries coffee with 2% milk and crackers,en,,50.0,10.0,5.0,3.0,285.0,,,,,,half_fruits_vegetables
9,3146,8960,yes,yes,dinner,chicken noodle soup cabbage cilantro onion red pepper,Chicken noodle soup with cabbage cilantro onions and red peppers,chicken noodle soup cilantro onion red pepper seasoning cabbage,Chicken noodle soup cilantro onions red pepper seasoning and cabbage,en,,15.0,8.0,3.0,3.0,118.0,,,,,,half_fruits_vegetables
9,3145,8343,yes,yes,lunch,fruit,Fruits,watermelon blackberry water,"Watermelon 
Blackberries 
Water",en,Great job! Your goal has been met!,44.0,5.0,0.0,11.0,191.0,,,,,,half_fruits_vegetables
9,1983,8521,yes,yes,dinner,shrimp broccoli cole slaw,Shrimp and broocli Cole slaw,slaw sauteed shrimp,1 oz slaw and 3 oz sauteed shrimp,en,,5.0,20.0,2.0,1.0,120.0,,,,,,half_fruits_vegetables
9,3145,8575,yes,yes,afternoon_snack,fruit,Fruit,,"🍉 
 💦",en,,22.0,2.0,0.0,1.0,84.0,,,,,,half_fruits_vegetables
9,3146,8407,yes,yes,lunch,egg pepper onion cilantro cracker,Eggs Pepper onions cilantro and crackers,egg pepper onion cilantro,Eggs pepper onions cilantro,en,,5.0,6.0,8.0,1.0,118.0,,,,,,half_fruits_vegetables
9,3145,8514,yes,yes,afternoon_snack,fruity delight,Fruity Delight,,"🍉 
💧",en,,21.0,1.0,0.0,1.0,84.0,,,,,,half_fruits_vegetables
9,3145,8797,yes,yes,breakfast,green machine,Green Machine,marina powder spinach water stevia,"Maringa Powder
🥬
Spinach 
Water
🍋
Stevia",en,,6.0,3.0,1.0,3.0,37.0,,,,,,half_fruits_vegetables
9,3145,8322,yes,yes,lunch,stewed okra rice,Stewed Okra and Rice,okra chicken organic onion organic tomato organic spring onion organic coconut oil blackpepper garlic powder maggie cube himalayan salt rice water,"Okra
Chicken 
Organic Onions 
Organic Tomatoes 
Organic Spring Onions 
Organic Coconut Oil 
Blackpepper 
Garlic Powder 
Maggie Cubes
Himalayan Salt 
Rice
Water",en,I didn't see the chicken so this is based on a 3 ounce chicken breast. The okra and tomato are a little less than half of the plate.,56.0,23.0,11.0,2.0,437.0,,,,,,half_fruits_vegetables
9,3145,8529,yes,yes,breakfast,berry smoothie,Very Berries Smoothie,blackberry blueberry raspberry almond milk ginger power water,"Blackberries 
Blueberries 
Raspberries
Almond Milk 
Ginger Power
Water",en,,45.0,0.0,1.0,3.0,172.0,,,,,,half_fruits_vegetables
9,3146,9074,yes,yes,breakfast,cornflakes % milk coffee strawberry,Cornflakes with 2% milk coffee and strawberries,cornflakes % milk strawberry,Cornflakes with 2% milk and strawberries,en,,84.0,17.0,4.0,7.0,459.0,,,,,,half_fruits_vegetables
9,1983,8571,yes,yes,lunch,hamburger cucumber spinach salad mix,Hamburger cucumber spinach salad mix,% ground beef half cucumber spinach mix tablespoon oil vinegar fresh basil,80% ground beef 3 oz a cup and a half cucumber on a cup spinach mix 2 tablespoons oil vinegar fresh basil,en,,5.0,36.0,35.0,3.0,496.0,,,,,,half_fruits_vegetables
9,3145,8494,yes,yes,dinner,lemon butter herb salmon steamed spinach,Lemon Butter Herb Salmon and Steamed Spinach,spinach grass fed better blackpepper chive garlic powder maggie chicken cube coconut oil lemon onion flake water,"Spinach 
Grass Fed Better 
Blackpepper 
Chives 
Garlic Powder 
Maggie Chicken Cube
Coconut Oil 
Lemon 
Onion Flakes 
Water",en,,7.0,29.0,16.0,3.0,338.0,,,,,This is based on a 4 ounce piece of salmon.,half_fruits_vegetables
9,3058,7574,yes,yes,breakfast,fruit,Fruits,banana watermelon,Banana and Watermelon,en,Great job! Your goal has been met!,34.0,1.0,0.0,4.0,136.0,,,,,,half_fruits_vegetables
9,3145,8792,yes,yes,dinner,salmon dinner,Samon Dinner,lettuce tomato spinach basmati vinegar grilled salmon asparagus water,"Lettuce 🥬 
Tomatoes 🍅 
Spinach 
Basmati Vinegar
Grilled Salmon
Asparagus
Water 💧",en,,7.0,21.0,11.0,2.0,212.0,,,,,,half_fruits_vegetables
9,1983,8596,yes,yes,morning_snack,chicken human,Chicken Hunan,chicken mushroom celery onion broccoli green pepper green bean,Chicken mushrooms celery onions broccoli green pepper green beans,en,,34.0,29.0,11.0,3.0,379.0,,,,,,half_fruits_vegetables
9,1983,8541,yes,not_really,dinner,red cabbage grilled cheese ham cauliflower salad,"Red cabbage, grilled cheese and ham, Califlower salad",red cabbage grilled cheese ham cauliflower salad,"Red cabbage, grilled cheese and ham, Califlower salad",en,,58.0,28.0,10.0,5.0,437.0,,,,,,half_fruits_vegetables
9,3145,8543,yes,yes,dinner,jerk chicken dinner,Jerk Chicken Dinner,rice red bean rice coconut milk squash sweet pepper zucchini,"Rice
Red Beans
Rice
Coconut Milk
Squash
Sweet Peppes
Zucchini",en,,63.0,23.0,10.0,1.0,465.0,,,,,,half_fruits_vegetables
9,3146,7869,yes,yes,lunch,potato meat water,A potato that has meat in it and water,potato meat little bit seasoning adobo water,The potato has meat has a little bit of seasoning adobo a cup of water,en,A potato is a vegetable in the Food list for Diabetes,33.0,10.0,8.0,2.0,251.0,,,,,,half_fruits_vegetables
9,3145,8759,yes,yes,afternoon_snack,fruit,Fruits,,"🍇 
🍒 
💧",en,,17.0,1.0,0.0,2.0,69.0,,,,,,half_fruits_vegetables
9,3145,8477,yes,yes,breakfast,blackberry cucumber lemonade,Blackberries and Cucumber Lemonade,stevia blueberry,"💧 
Stevia 
🍋 
Blueberries 
 🥒",en,,14.0,2.0,0.0,7.0,64.0,,,,,This is based on 1 cup of blackberries and stevia.,half_fruits_vegetables
9,1983,8574,yes,yes,lunch,watermelon,Watermelon,cup watermelon,2 cups watermelon,en,,23.0,1.0,0.0,1.0,91.0,,,,,,half_fruits_vegetables
9,3146,9010,yes,yes,lunch,soup peppersonions cilantro,Soup peppersOnions cilantro,soup onion red pepper cilantro,Soup onions red pepper cilantro,en,,12.0,7.0,0.0,3.0,61.0,,,,,It looks like there are a few noodles in there too.,half_fruits_vegetables
9,3146,7892,yes,not_really,breakfast,cornflakes strawberry water,I have cornflakes and strawberries a cup of water,cornflakes milk flake strawberry water,Cornflakes and milk and the flakes and strawberries and water,en,Strawberries are about 1/2 of the meal.,51.0,13.0,5.0,4.0,290.0,,,,,This is based on 1 cup of cornflakes and 1 cup of 2% milk.,half_fruits_vegetables
9,3145,8424,yes,yes,lunch,fruit,Fruits,blueberry avocado water,"Blueberries 
Avocado 🥑
Water 💧",en,Great job! The goal has been met!,22.0,4.0,15.0,15.0,223.0,,,,,,half_fruits_vegetables
9,3146,8877,yes,yes,lunch,soup salad lettuce carrot tomato cucumber onion green bean little bit rice onion ring shrimp,Soup salad lettuce carrots tomato cucumber onions green beans a little bit of rice onion rings and shrimps,salad carrot lettuce cucumber tomato green bean little bit ice ring shrimp,Salad carrots lettuce cucumber and tomatoes green beans a little bit of ice on your rings and shrimp’s,en,,80.0,26.0,14.0,7.0,618.0,,,,,,half_fruits_vegetables
9,3146,8639,yes,yes,dinner,soup cabbage carrot cilantro onion red pepper water little bit seasoning little bit price,Soup cabbage carrots cilantro onions red peppers and water in a little bit of seasoning and a little bit Orice,soup carrot cabbage onion cilantro red pepper little bit ice seasoning,Soup carrots cabbage onions cilantro red pepper a little bit of ice and seasoning,en,,28.0,4.0,1.0,6.0,120.0,,,,,,half_fruits_vegetables
9,3145,8425,yes,yes,dinner,garden salad,Garden Salad,lettuce tomato black olive sweet pepper radish cucumber,"Lettuce 🥬  
Tomatoes 🍅 
Black Olives
Sweet Peppers 🌶
Radish 
Cucumbers 🥒",en,Great job! Your goal has been met!,6.0,2.0,0.0,2.0,31.0,,,,,,half_fruits_vegetables
9,3146,8623,yes,yes,dinner,soup paris cabbage cilantro onion pepper water little bit seasoning,Soup Paris cabbage cilantro onions peppers water in a little bit of seasoning,chicken noodle soup carrot cilantro onion red pepper water little bit seasoning,Chicken noodle soup carrots cilantro onions red pepper water and a little bit of seasoning,en,,17.0,9.0,3.0,1.0,131.0,,,,,,half_fruits_vegetables
9,3146,9093,yes,yes,breakfast,cereal blackberry strawberry coffee % milk cracker,Cereal with blackberries strawberries coffee 2% milk and crackers,milk blackberry % milk coffee % milk cracker strawberry,Milk with BlackBerries 2% milk coffee with 2% milk crackers and strawberries,en,,55.0,8.0,3.0,4.0,300.0,,,,,,half_fruits_vegetables
9,3145,8663,yes,yes,breakfast,ice lemonade,Ice Lemonade,lemonade cucumber water ice,"Lemonade
Cucumber 
Water
Ice",en,,8.0,1.0,0.0,2.0,22.0,,,,,,half_fruits_vegetables
9,3145,8239,yes,yes,dinner,grilled salmon veggie,Grilled Salmon and Veggies,water wild salmon broccoli onion sweet pepper cauliflower squash zucchini green bean,"Water
Wild Salmon 
Broccoli 
Onions 
Sweet Peppers 
Cauliflower 
Squash 
Zucchini 
Green Beans",en,There are a variety of vegetables that make up half of the plate.,11.0,23.0,4.0,2.0,182.0,,,,,"This is based on 4 ounces of salmon cooked without butter or oil. If the vegetables or salmon were cooked in oil or butter, there would be more calories and fat.",half_fruits_vegetables
9,3058,7565,yes,yes,breakfast,fruit,Fruit,banana watermelon,Banana and Watermelon,en,Great job! You goal has been met!,39.0,1.0,0.0,5.0,159.0,,,,,,half_fruits_vegetables
9,1821,2214,yes,yes,dinner,baked ziti salad lettuce/tomato tangerine bottle water,Baked ziti and salad of lettuce/tomato. 1 x tangerine and 30 oz bottle of water.,baked ziti lettuce/tomato salad tangerine bottle water,"Baked ziti, lettuce/tomato salad and a tangerine. 30 oz bottle of water.",en,You definitely have have your meals a fruit and vegetable. Well done!!!,,,,,,,,,,,half_fruits_vegetables
9,3146,8309,yes,yes,dinner,soup carrot potato cabbage soup,Soup with carrots potatoes and cabbage soup,souped abbey potato little bit price little bit lemon,Souped out which Abbet potatoes and a little bit Orice with a little bit a lemon,en,,28.0,3.0,3.0,1.0,149.0,,,,,,half_fruits_vegetables
9,2052,6344,yes,yes,lunch,chicken carrot,Chicken carrots,chicken carrot,Chicken and carrots,en,,16.0,48.0,22.0,6.0,476.0,,,,,,half_fruits_vegetables
9,1957,3751,yes,yes,dinner,rice chicken macaroni cheese salad,Rice chicken macaroni cheese and salad,rice chicken macaroni cheese salad,Rice chicken macaroni cheese salad,en,,80.0,31.0,12.0,8.0,545.0,,,,,,half_fruits_vegetables
9,1821,2236,yes,not_really,breakfast,half oatmeal banana,Half cup of oatmeal and a banana,half oatmeal banana,Half cup of oatmeal and a banana,en,this meal is 1/2 fruit and 1/2 oats (choose a lower carb fruit to improve blood sugar control),,,,,,,,,,,half_fruits_vegetables
9,1957,3912,yes,yes,dinner,rice handle chicken salad,Rice with gandule chicken salad,rice handle chicken salad,Rice with gandule chicken salad,en,El objetivo se ha cumplido. Muy buen trabajo! ,27.0,21.0,10.0,2.0,278.0,na,na,na,na,na,half_fruits_vegetables
9,3145,8466,yes,yes,lunch,fried okra chicken,Fried Okra and Chicken,rice okra skinless chicken tomato onion garlic coconut oil water,"Rice
Okra 
Skinless Chicken 
Tomatoes 
Onion
Garlic
Coconut Oil 
Water",en,,48.0,23.0,6.0,2.0,349.0,,,,,,half_fruits_vegetables
9,3058,7490,yes,yes,lunch,real fruit,Real Fruit,cut watermelon,Cut Watermelon,en,Great job! Your goal has been met. ,16.0,0.0,0.0,2.0,69.0,,,,,,half_fruits_vegetables
9,1983,6683,yes,not_really,dinner,sancho,Sancocho,pork root veg,Pork root veg,en,,44.0,4.0,1.0,3.0,213.0,,,,,,half_fruits_vegetables
9,3058,7159,yes,yes,morning_snack,banana & coffee,Bananas & Coffee,fruit & caffeine,Fruit & Caffeine,en,Half of the meal is a banana.,54.0,2.0,0.0,6.0,210.0,,,,,,half_fruits_vegetables
9,2658,6742,yes,yes,lunch,salad fruit,Salad and fruit,test evaluate,Test do not evaluate,en,,6.0,2.0,1.0,4.0,30.0,,,,,,half_fruits_vegetables
9,1957,4119,yes,yes,lunch,rice handle cotllita con tal lord lettuce tomato,Rices with gandule cotllita con tal lora letuce tomatoes,rice handle cotillion tallest lettuce tomato,Rice gandule cotillia tallista letuce tomatoes,en,The goal has been met. Great job!,33.0,38.0,39.0,12.0,627.0,,,,,,half_fruits_vegetables
9,1957,4141,yes,yes,dinner,garden salad,Garden salad,garden salad,Garden salad,en,,10.0,4.0,2.0,2.0,75.0,,,,,,half_fruits_vegetables
9,1957,4156,yes,yes,dinner,rice handle chicken garden salad,Rices with gandule chicken garden salad,rice handle chicken garden salad,Rice with gandule chicken garden salad,en,,35.0,29.0,8.0,2.0,327.0,,,,,,half_fruits_vegetables
9,1821,2328,yes,yes,lunch,roast chicken vegetable bottle water,Roast chicken and vegetables. Bottle of water.,roast chicken leg/breast string bean carrot tomato avocado.of water,"Roast chicken leg/breast, string beans, carrots, tomato and avocado. 16oz of water.",en,this meal is at least 1/2 vegetables,,,,,,,,,,,half_fruits_vegetables
9,3058,7124,yes,yes,dinner,chicken dinner,Chicken dinner,lettuce tomato half chicken ounce baked potato force crystal light ounce,Lettuce 1/2 cup tomatoes half a cup chicken 3 ounces baked potato forces crystal light 16 ounces,en,The goal is met.,43.0,15.0,24.0,6.0,447.0,,,,,,half_fruits_vegetables
9,3058,7135,yes,yes,breakfast,banana,2 Bananas,fruit,Fruit,en,The goal has been met.,54.0,3.0,1.0,6.0,210.0,,,,,,half_fruits_vegetables
9,2524,7156,yes,yes,lunch,rice chicken bean,Rice chicken and beans,test,Test,en,The goal is met. ,25.0,18.0,11.0,9.0,325.0,,,,,,half_fruits_vegetables
9,1983,4296,yes,yes,afternoon_snack,one halfchicken breast mixed vegetable organic brown rice fresh strawberry peach ice tea,"one half cup chicken breast, 1/2 cup mixed vegetables, 1/2 cup organic brown rice, fresh strawberries, peach ice tea",fresh strawberry mixed vegetable organic brown rice chicken breast kama water,"Fresh strawberries, mixed vegetables, organic brown rice, chicken breast Kama water",en,,85.0,23.0,6.0,7.0,601.0,,,,,,half_fruits_vegetables
9,1821,2344,yes,yes,dinner,mixed muslin sweet pepper arktech beet chick pea goat cheese piece bread andbottle water,"Mixed meuslin, sweet peppers, artecho, beets, chick peas and goat cheese. Piece of bread and 33oz bottle of water.",muslin lettuce artichoke sweet pepper chick pea beet goat cheese bakery bread andbottle water,"Meuslin lettuce, artichoke, sweet peppers, chick peas, beets and goat cheese. Bakery bread and 1 x 33oz bottle of water.",en,the vegetables in this meal are > 1/2 of the meal,,,,,,,,,,,half_fruits_vegetables
9,1821,2349,yes,yes,afternoon_snack,dried fig date,Dried figs and Dates.,dried fig date bottle water showing,"Dried figs and Dates. Bottle of water, not showing.",en,"the dried fruit here has a lot of sugar, be careful to limit the portion",,,,,,,,,,,half_fruits_vegetables
9,1821,2381,yes,yes,afternoon_snack,fried chicken mixed vegetable bottle water,Fried chicken and mixed vegetables. Bottle of water.,leg/thigh fried chicken mixed vegetable carrot green bean tomatoes.bottle water,"1 x leg/thigh fried chicken, mixed vegetables, carrots. Green beans, tomatoes. 1 x 50oz bottle of water.",en,Excellent job!,,,,,,,,,,,half_fruits_vegetables
9,1821,2405,yes,yes,dinner,chicken soup bread bottle water,"Chicken soup, bread and bottle of water.",chicken soup potato celery carrot white bread bottle water,"Chicken soup with potato, celery and carrots. White bread and a 33oz bottle of water.",en,Hard to judge how many veggies are in the soup. ,,,,,,,,,,,half_fruits_vegetables
9,1821,2414,yes,not_really,dinner,roast chicken lettuce carrot cheese salad avocado garlic dressing bottle water,"Roast chicken, lettuce, carrots and cheese salad with avocado garlic dressing and bottle of water.",roast chicken green/red baby lettuce shredded carrot skim diced provolone avocado garlic dressing.bottle water,"Roast chicken, green/red baby lettuce, shredded carrots, skim diced provolone with avocado garlic dressing. 1 x 16oz bottle of water",en,Great Job!,,,,,,,,,,,half_fruits_vegetables
9,1821,2420,yes,yes,dinner,chinese food msg mixed shrimp lobster beef broccoli carrot vegetable shrimp fried rice bottle water,"Chinese food no msg. Mixed shrimp, lobster, beef, broccoli, carrots and vegetables shrimp fried rice. Bottle of water.",mixed shrimp lobster beef broccoli carrot snow pea little corn celery shrimp fried rice ando bottle water,"Mixed shrimp, lobster, beef, broccoli, carrots, snow peas, little corns and celery. Shrimp fried rice and 1x 16oz bottle of water.",en,Great job!,,,,,,,,,,,half_fruits_vegetables
9,1821,2449,yes,yes,afternoon_snack,boiled platoon hardboiled egg onion bottle water,"Boiled Platanos, hard-boiled eggs and onions. Bottle of water.",boiled platoon hardboiled egg onion vinegar corn oil.bottle water,Boiled Platanos 2 x hard-boiled eggs and onions. With vinegar and corn oil. 1 x 16oz bottle of water.,en,There are no fruits and there are 2 vegetables.,,,,,,,,,,,half_fruits_vegetables
9,1821,2687,yes,yes,dinner,yellow rice red bean steak/onions mixed salad bottle water,"Yellow rice, red beans, steak/onions, mixed salad and bottle of water.",yellow rice/red bean steak onion mixed salad spinach lettuce tomato red/green pepper leak cucumber feta cheese bottle water,"Yellow rice/red beans, steak with onions, mixed salad: spinach, lettuce, tomato, red/green peppers, leaks, cucumbers and feta cheese. 16 oz bottle of water.",en,This goal is met because 50% is vegetables.,84.0,47.0,27.0,13.0,775.0,,,,,,half_fruits_vegetables
9,1216,1617,yes,not_really,breakfast,toast pub jam,Toast with pb and jam,sourdough toast sucker natural peanut butter sucker strawberry jalapeno jam,Sourdough toast with smuckers natural peanut butter and smuckers strawberry jalapeño jam,en,test,,,,,,,,,,,half_fruits_vegetables
9,1646,1947,yes,yes,lunch,duck salad,Duck salad,duck pineapple lettuce cashew,"Duck, pineapple, lettuce, cashews",en,testing,,,,,,,,,,,half_fruits_vegetables
9,1646,1950,yes,yes,after_dinner_snack,acai bowl,Acai bowl,banana strawberry granola jack fruit blueberry,"Bananas, strawberries, granola, Jack fruit, blueberries,",en,Good job.,,,,,,,,,,,half_fruits_vegetables
9,1646,1956,yes,yes,dinner,milkshake,Milkshake,almond milk banana blueberry strawberry vanilla whey powder,"Almond milk, banana, blueberry, strawberry, vanilla whey powder",en,Great,,,,,,,,,,,half_fruits_vegetables
9,1646,1951,yes,yes,morning_snack,juice,Juice,mango apple orange banana lemon,"Mangoes, apples, oranges, bananas, lemon",en,Explanation goes here.,,,,,,,,,,,half_fruits_vegetables
9,1646,1957,yes,not_really,dinner,tuna salad,Tuna salad,tuna celery mayo macaroni pasta avocado,"Tuna, celery, mayo, macaroni pasta, avocado",en,Great choice,,,,,,,,,,,half_fruits_vegetables
9,1983,2695,yes,yes,breakfast,boiled egg scrape water pear,"Boiled eggs, scrapple, water, pear",water pear two boiled egg large scrape whole wheat flour coating tablespoon vegetable oil,"16 oz of water, 1/2 pear, two boiled eggs large, 4 oz scrapple in whole wheat flour coating then in 2 tablespoons vegetable oil.",en,The goal has been met. Great job!,,,,,,,,,,,half_fruits_vegetables
9,3058,7167,yes,yes,breakfast,banana coffee,Bananas and Coffee,fruit bustello,Fruit and Bustello,en,The calories all come from the fruit. Coffee itself has no calories unless you add sugar and milk to it.,54.0,2.0,0.0,6.0,210.0,,,,,,half_fruits_vegetables
9,1983,2740,yes,yes,lunch,ham muenster cheese bagel raw spinach cherry tomato brag berry salad dressing,Ham Muenster cheese on bagel raw spinach with cherry tomatoes and brag berry salad dressing,low sodium ham oz one slice muenster cheese everything bagel toasted half draw spinach third third cherry tomato blackberry salad dressing tablespoon water,"Low sodium ham 1 oz, one slice muenster cheese, 1/2 everything bagel toasted, half a cup raw spinach third, third of a cup cherry tomatoes, Blackberry salad dressing 1 tablespoon, 16 oz water",en,There are no fruits and 2 vegetables in the meal.,23.0,10.0,10.0,2.0,222.0,"The bagel is made from flour, flour is a carbohydrate.",The ham and cheese are the sources of protein.,"The cheese is the main source of fat, the ham also has fat. If the dressig is oil based, it would be a fat.",The small amount of fiber is from the spinach and the bagel.,The calories can vary depending upon the size of the bage.,half_fruits_vegetables
9,1957,2683,yes,not_really,breakfast,water banana,Water and Banana,water banana,Water and Banana,en,The goal has been met. Great job!,,,,,,,,,,,half_fruits_vegetables
9,1983,2702,yes,yes,lunch,jarlsberg cheese orange cracker avocado,"Jarlsberg cheese, Orange, crackers, avocado",one whole orange town house cracker half jarlsberg cheese half avocado water,"One whole orange, 6 Town House crackers, half a cup Jarlsberg cheese, half a cup avocado, 16 oz of water",en,The other half is carbohydrate (crackers) and protein (cheese).,,,,,,,,,,,half_fruits_vegetables
9,1983,2771,yes,not_really,dinner,sancho garlic bread avocado,Sancocho garlic bread avocado,half avocado sesame seed roll tablespoon butter fresh chopped garlic sancho contains half ear corn chicken pork beef half mixed spanish root vegetable water,"Half a cup of avocado, sesame seed roll with tablespoon butter and fresh chopped garlic, sancocho contains half ear corn 2 oz of chicken 2 oz of pork 2 oz of beef half a cup of mixed Spanish root vegetables, 16 water",en,"There is corn, root vegetables and avocado.",74.0,10.0,23.0,7.0,555.0,"The sesame roll is in the carbohydrate group. All vegetables have some carbohydrates in them. The avocado is in the fat group on the food list for diabetes, yet it has some carbohydrates too.",The pork and chicken are the protein sources. All animal foods have protein.,The butter and the avocado are both in the fat group. There is a little fat in the pork and chicken.,There is fiber in the bread and avocado and a small amount in all vegetables. Skins (like on the corn) have fiber.,This is based on 1 Tablespoon of butter and a cup of sancocho stew.,half_fruits_vegetables
9,3058,7470,yes,yes,breakfast,sliced apple,Sliced Apples,fruit,Fruit,en,Great job! Your goal has been met. ,44.0,0.0,0.0,10.0,160.0,,,,,,half_fruits_vegetables
9,1821,2553,yes,yes,dinner,minestrone soup bakery bread bottle water,"Minestrone soup, bakery bread and bottle of water.",regular bowl minestrone soup pea carrot bean various seasoning bakery bread andbottle water,"Regular bowl of Minestrone soup, peas, carrots, beans and various seasonings. Bakery bread and 33oz bottle of water.",en,The soup is mostly vegetables. Good job!,100.0,24.0,6.0,13.0,610.0,This meal is estimated to have 115 gm of carb. The carbs are in the bread (4 oz of bread = 59 gm) and the minestrone soup (2 cups = 56 gm).,The protein comes equally from the bread (4 oz = 12 gm) and the soup (2 cups minestrone = 12 gm). ,The fat comes equally from the bread (4 oz = 3 gm) and the soup (2 cups minestrone = 3gm). ,Most of the fiber comes from the soup (2 cups minestrone with beans = 10gm).,"The Calories in the meal are 75% carb, 16% protein, and 9% fat.",half_fruits_vegetables
9,2077,2911,yes,yes,dinner,wheat spaghetti meatball vegetable,Wheat spaghetti and meatball with vegetables.,asparagus cauliflower broccoli mix veg meat wheat spaghetti,"Asparagus,cauliflower, broccoli,mix veg and meat with wheat spaghetti.",en,Just like My Plate with so many wonderful veggies! Excellent Job!!!,59.0,25.0,11.0,15.0,385.0,"The carbs come from the pasta (1/2 cup whole wheat spaghetti = 35 gm) and the vegetables (2 cups cooked, mixed non-starchy veggies and 6 asparagus = 24 gm).",The main source of protein is the meat balls (2 oz meatballs = ~14 gm). ,Most of the fat comes from the meat (2 oz meatballs = ~10 gm). ,"The fiber comes from the whole wheat pasta (1/2 cup whole wheat spaghetti = 5 gm) and the vegetables (2 cups cooked, mixed non-starchy veggies and 6 asparagus = 10 gm).","The Calories in this meal are 54% carb, 23% fat, and 23% protein. Please be sure to mention if you used any cooking fat. ",half_fruits_vegetables
9,2077,3043,yes,yes,dinner,salad bowl,Salad bowl,strawberry cucumber egg tomato romaine lettuce,"Strawberries, cucumber, egg, tomato,romaine lettuce.",en,The goal has been met. Great job!,7.0,6.0,4.0,2.0,102.0,In this meal the carbohydrates come from the strawberries. Strawberries are fruit and fruit has carbohydrates. ,In this meal the protein comes from the egg. ,In this meal the fat comes from the egg. ,"In this meal the fiber mainly from the fruits (strawberries) and vegetables (cucumber, tomato and lettuce). ",The main source of calories in the meal is the egg. ,half_fruits_vegetables
9,2077,2988,yes,yes,dinner,veggie,Veggies,carrot green bean corn green pea red bean rice coconut milk,"Carrots , green beans,  corn , green peas , red beans , rice coconut milk.",en,This is primarily a vegetable meal so meets the goal. Note that the other half is only starch with no protein.,55.0,16.0,11.0,3.0,384.0,"1 cup of cooked vegetables (10 gms)  1 cup of rice, corn and red beans mixed.",4 gms from the vegetables; 12 gms from the rice beans and corn,"6 from the rice, beans and corn and 5 gms from coconut milk assuming 1.5 tbsp",3 gms from the vegetables and rice,383:220kcals  (55*4) carbs; 64kcals (16*4) from protein and 99 (11*9) from fat,half_fruits_vegetables
9,2077,3022,yes,yes,dinner,vegetable fish meal,Vegetable and fish meal,tilapia fish cucumber tomato broccoli lettuce tomato onion sweet pepper coconut oil,"Tilapia fish, cucumber , tomato, broccoli , lettuce , tomato , onions , sweet pepper, coconut oil.",en,"The meal is nmore than half vegetable. There is vegetable and fish, no starch. ",10.0,46.0,28.0,0.0,476.0,"2 cups of raw, non starchy vegetables.",42 gms from 6 oz of fish; 4 gms from the vegetables,18 gms from the fish; 10 gms from 2 tsp of coconut oil,no fiber in this meal,476kcals: 40kcals  (10*4) from carbs;  184 kkcals (46*4) from protein; 252kcals (28*9) from fat,half_fruits_vegetables
9,1983,2766,yes,yes,breakfast,orgy fish broccoli cauliflower salad cornbread,"Porgy fish, broccoli, cauliflower salad, cornbread",medium size orgy fish three quarter cup steamed broccoli salt small slice cornbread half tablespoon butter half cauliflower teaspoon mayonnaise one teaspoon sweet pickle relish large egg egg water,"1/2 medium size Porgy fish, three quarter cups steamed broccoli with salt, small slice cornbread with half a tablespoon butter, half a cup cauliflower, teaspoon mayonnaise one teaspoon sweet pickle relish 1/2 large egg egg, 8 oz of water",en,The goal is met because the meal has 2 different vegetables in it: the broccoli  & the cauliflower. ,16.0,41.0,19.0,4.0,404.0,"In this meal, the carbs come from the cornbread. Cornbread is a starch. Starches are mostly carbs. The broccoli and cauliflower also provide some carbs, in addition fiber and other important nutrients. (1.5 oz cornbread = 9 grams; 3/4 cup steamed broccoli = 3 grams; 1/2 cup cauliflower = 3 grams; 1 tsp. mayo = 0.5 grams)","In this meal, the protein comes mainly from the fish. Fish are a meat and meats are mostly carbs. The egg is also a source of protein in this meal in addition to the vegetables & cornbread providing a small amount.  (5 oz. porgy fish = 34 grams; 3/4 cup broccoli = 1.5 grams; 1/2 cup cauliflower = 1 gram; 1.5 oz cornbread = 1 gram; 1/2 egg = 3 grams)","In this meal, the fat comes from several elements. The butter and mayonnaise are the main sources of fat. The fish and egg are meat sources that contain fat in addition to the protein & other nutrients they provide. The cornbread also provides some fat because of ingredients used in preparing it.  (1/2 tbsp butter = 6 grams; 1 tsp. light mayo = 1 gram; 5 oz. fish = 5 grams; 1.5 oz cornbread = 4 grams; 1/2 egg = 3 grams)","In this meal, the fiber comes from the broccoli, cauliflower and cornbread. These vegetables and starches come from plants, and only plant foods can provide fiber. Animal products like meat and dairy do not contain fiber. To increase the fiber content in a meal, one can add more vegetables, whole grains, beans, nuts and seeds. (3/4 cup broccoli = 1.5 grams; 1/2 cup cauliflower = 1 gram; 1.5 oz cornbread = 1 gram)","This meal is 15% carbs, 19% fat and 41% protein.",half_fruits_vegetables
9,2077,3059,yes,yes,dinner,vegetable sea food,Vegetable sea food,carrot green pea string bean corn bean snap pea sugar snap pea onion sea curl,Carrot green peas string bean corn beans snap peas sugar snap peas onions and sea curls.,en,"This goal is met because this meal has multiple types of vegetables (carrots, peas, green beans, sugar snap peas, onions & corn).",38.0,44.0,15.0,10.0,442.0,"In this meal, the carbs come from the vegetables, especially the corn and peas. Corn and peas are starchy vegetables and provide more carbohydrates than non-starchy vegetables. The non-starchy vegetables in this meal are the carrots, green beans, sugar snap peas and onion). These vegetables provide fewer carbohydrates than the starchy vegetables. (1/2 cup peas = 11 grams; 1/2 cup corn = 16 grams; 1/2 c. carrots = 6 grams; 1/3 cup green beans = 3 grams; 1/3 cup sugar snap peas = 2 grams)","In this meal, the protein comes mostly from the shrimp. Shrimp are a meat product and meats are mostly protein. Some of the vegetables in this dish (peas, corn, string beans, snap peas) also contribute small amounts of protein. (6 oz shrimp = 36 grams; 1/2 cup peas = 4 grams; 1/2 cup corn = 2 grams; 1/3 cup green beans = 1 gram; 1/3 cup sugar snap peas = 1 gram)","In this meal, the fat come from the butter and the shrimp. It was assumed that 1 tablespoon of butter was used to cook the shrimp. Butter is a source of fat. Shrimp, which are a meat source, provide some fat in addition to protein. (1 tablespoon butter = 12 grams; 6 oz shrimp = 2 grams)",The vegetables in this meal provide all of the fiber. Only plant-based foods provide fiber. Animal products like meat and butter do not provide fiber. (1/2 cup peas = 3.5 grams; 1/2 cup corn = 2 grams; 1/2 c. carrots = 2.5 grams; 1/3 cup green beans = 1 grams; 1/3 cup sugar snap peas = 1 gram),"This meal is 35% carbs, 31% fat and 40% protein.",half_fruits_vegetables
9,1983,2778,yes,yes,lunch,broccoli slaw cauliflower salad french fry shrimp,Broccoli slaw cauliflower salad french fries and shrimp,broccoli slaw contains dash vinegar quarter tablespoon quarter teaspoon sugar tablespoon lowest milk french fry season salt garlic herb seasoning cauliflower salad contains half teaspoon relish half teaspoon mayonnaise half one large egg deep fried shrimp batter whole wheat flour ketchup teaspoon tartar sauce organic applesauce vinegar drink left breakfast,"Broccoli slaw contains dash of vinegar, quarter of a tablespoon quarter of a teaspoon of sugar, tablespoon of low-fat milk. French fries season with no salt garlic and herb seasoning. Cauliflower salad contains half a teaspoon relish half a teaspoon of mayonnaise half one large egg. Deep fried shrimp batter with whole wheat flour. 1 tsp ketchup, 1 teaspoon tartar sauce. 8 oz organic applesauce vinegar drink left over from breakfast.",en,"The plate is about half vegetables, french fries (on the diabetic diet) is considered a carbohydrate and a fat, not a vegetable.  There is no fruit in the meal.",54.0,15.0,33.0,6.0,749.0,All vegetables have carbohydrates. The main source of carbohydrate is the french fries. The flour in the breading is also a carbohydrate. Sugar (in ketchup) is a carbohydrate.,The main protein source is the shrimp. The egg white also has protein.,The mayonaisse is all fat. The egg yolk has fat. The oil used to fry shrimp is all fat. ,The fiber is in the brocolli and cauliflower.,"The main source of calories are fried foods. Oil is high in calories. Mayonnaise and tarter sauce are also fat sources. Organic has nothing to do with fat. I am not sure about the drink and didn't know if it had fat, I didn't add any fat for the drink.",half_fruits_vegetables
9,1821,2179,yes,not_really,dinner,roasted chicken carrot broccoli large bottle water,"Roasted chicken,carrots and broccoli. large bottle of water.",chicken leg roasted piece cut carrot broccoli,"2 x chicken legs roasted, pieces cut carrots and broccoli.",en,1/2 vegetables in this meal. ,,,,,,,,,,,half_fruits_vegetables
9,1821,2566,yes,yes,dinner,broccoli/cheddar sausage quiche mixed salad bottle water,"Broccoli/cheddar and sausage quiche, mixed salad and bottle of water.",broccoli/cheddar sausage quiche mixed salad lettuce spinach green/red pepper tomato green onion cucumber.bottle water,"Broccoli/cheddar, sausage quiche, mixed salad: lettuce, spinach, green/red pepper, tomato, green onions and cucumber. 33oz bottle of water.",en,The salad is almost half of the meal.,39.0,16.0,28.0,4.0,550.0,"The carbohydrates are in the crust, there are some carbohydrates in other foods like vegetables and cheese.","The protein is the sausage, cheese and egg white.","The main fat is the egg yolk, sausage and cheese. If there is salad dressing, there would be added fat.","There is fiber in vegetalbe, they are usually in skins and roughage.",It may be more if there is a full fat salad dressing.,half_fruits_vegetables
9,2822,6042,yes,yes,dinner,pepper steak cabbage rice salad,Pepper steak cabbage and rice and salad,rice serving cabbage one serving pepper steak,1/3 rice 2 servings of cabbage one serving pepper steak,en,"Cabbage, lettuce and peppers are vegetables, there are no fruits",70.0,16.0,12.0,2.0,508.0,,,,,,half_fruits_vegetables
9,2822,6023,yes,yes,dinner,fish pasta bean,fish pasta and beans,blue fish onion green red pepper pasta black bean salad,Blue fish in onions and green  red peppers pasta  black beans and salad,en,Great job! The goal has been met.,79.0,32.0,18.0,10.0,555.0,,,,,,half_fruits_vegetables
9,1821,2187,yes,not_really,afternoon_snack,lamb gyro lettuce tomato sour cream hot sauce ginger flavored potato chip banana bottle water,"Lamb gyro with lettuce, tomatoes, sour cream and hot sauce. Ginger flavored potato chip. 1 x banana and 28 oz bottle of water.",lamb gyro lettuce tomato sour cream hot sauce bag ginger flavored potato chip banana bottle water,"Lamb gyro with lettuce and tomatoes, sour cream and hot sauce. 2 oz bag of Ginger flavored potato chips. 1 x banana and 28 oz bottle of water.",en,There is one whole fruit and vegetables on the sandwich.,,,,,,,,,,,half_fruits_vegetables
9,2822,6054,yes,yes,lunch,soup,Soup,cup vegetable soup tall glass water,2 cups of vegetable soup tall glass of water,en,Great job! The goal has been met.,42.0,8.0,4.0,4.0,220.0,,,,,,half_fruits_vegetables
9,1821,2633,yes,yes,breakfast,hardboiled egg banana bottle water,"Hard-boiled eggs, banana and bottle of water.",x hardboiled egg bakery bread andbottle water,"2x hard-boiled eggs, 1x bakery bread and 16oz bottle of water.",en,The banana is half of the meal.,30.0,13.0,8.0,1.0,241.0,,,,,,half_fruits_vegetables
9,2822,6063,yes,not_really,lunch,soup,Soup,vegetable soup,Vegetable soup,en,Great job! The goal has been met.,42.0,8.0,4.0,4.0,220.0,,,,,,half_fruits_vegetables
9,2822,6075,yes,yes,dinner,steak potato,Steak potatoes,state smoking mushroom onion asparagus baked potato salad glass water,State's smoking in mushrooms and onions asparagus baked potatoes and salad glass of water,en,Great job! The goal has been met.,32.0,34.0,5.0,5.0,305.0,,,,,,half_fruits_vegetables
9,2822,6065,yes,yes,dinner,pork chop green bean rice salad,Pork chops green beans rice salad,one pork chop green bean half rice green salad iced tea,One pork chop cup of green beans a half a cup of rice in green salad and iced tea,en,Great job! The goal has been met.,61.0,23.0,8.0,6.0,382.0,,,,,,half_fruits_vegetables
9,1821,2670,yes,yes,dinner,baked rib potato mixed salad bottle water,"Baked ribs, potato and mixed salad. Bottle of water.",baked rib potato mixed salad lettuce spinach kale cucumber leak tomato pepper bottle water,"Baked ribs, potato and mixed salad: lettuce, spinach, kale, cucumber, leaks, tomato and peppers. 16 oz bottle of water.",en,The salad and potato is about half of the meal.,33.0,22.0,46.0,2.0,652.0,na,na,na,na,na,half_fruits_vegetables
9,2822,6131,yes,yes,dinner,green cantaloupe spare rib potato salad water,Green cantaloupe spare ribs potato salad in water,oneof mustard turnip green oneof potato salad three spirit cantaloupe,One cup of mustard and turnip greens one cup of potato salad three spirits in a cup of cantaloupe,en,Great job! The goal has been met.,66.0,32.0,39.0,7.0,768.0,,,,,,half_fruits_vegetables
4,47,608,not_really,not_really,breakfast,american breakfast,American breakfast,egg turkey bacon bread tea,"Egg, turkey bacon, bread, tea",en,,,,,,,,,,,,lean_protein
4,39,420,not_really,yes,lunch,turkey club,Turkey club,turkey bacon avocado lettuce tomato fry multi grain bread water,"Turkey, bacon, avocado, lettuce, tomato, fries, multi grain bread, water",en,,,,,,,,,,,,lean_protein
4,18,617,not_really,not_really,afternoon_snack,grape,Grapes,grape,Grapes,en,,,,,,,,,,,,lean_protein
4,47,622,not_really,yes,dinner,lean cuisine,Lean cuisine,chicken enchilada cheese sour cream rice corn,"Chicken enchilada, cheese, sour cream, rice, corn",en,,,,,,,,,,,,lean_protein
4,48,421,not_really,not_really,breakfast,oatmeal,oatmeal,oatmeal brown sugar milk,Oatmeal with brown sugar and milk,en,,,,,,,,,,,,lean_protein
4,46,665,not_really,not_really,breakfast,egg bacon,Eggs and bacon,cheese,Cheese,en,,,,,,,,,,,,lean_protein
4,47,669,not_really,yes,dinner,mac n cheese mussel,Mac n cheese and mussels,kraft deluxe mac n cheese mussel butter garlic sauce,Kraft deluxe Mac n cheese and. Mussels in butter garlic sauce,en,,,,,,,,,,,,lean_protein
4,46,679,not_really,not_really,after_dinner_snack,sugar free chocolate pudding low fat win cream,Sugar free Chocolate pudding and low fat wip cream,chocolate win cream,Chocolate and wip cream,en,,,,,,,,,,,,lean_protein
4,48,423,not_really,not_really,afternoon_snack,strawberry,Strawberrys,strawberry,Strawberrys,en,,,,,,,,,,,,lean_protein
4,46,683,not_really,not_really,morning_snack,kind bar,Kind bar,dark chocolate oat,"Dark chocolate ,oats",en,,,,,,,,,,,,lean_protein
4,46,694,not_really,yes,dinner,mash potato corn steak,Mash potatoes corn and steak,corn sweet potato,"Corn ,sweet potatoes",en,,,,,,,,,,,,lean_protein
4,46,705,not_really,not_really,after_dinner_snack,reduced fat ice cream bar,Reduced fat ice cream bar,ice cream chocolate,Ice cream and chocolate,en,,,,,,,,,,,,lean_protein
4,48,424,not_really,not_really,dinner,ziti,Ziti,cheese noodle meat tomato sauce corn cob butter,Cheeses noddles and meat and tomato sauce  corn on cob with butter and,en,,,,,,,,,,,,lean_protein
4,46,714,not_really,not_really,after_dinner_snack,jello,Jello,strawberry,Strawberry,en,,,,,,,,,,,,lean_protein
4,46,713,not_really,not_really,dinner,chicken alfredo pasta,Chicken Alfredo Pasta,broccoli onion & vegetable noodle,"Broccoli ,onion,& vegetable noddles",en,,,,,,,,,,,,lean_protein
4,49,477,not_really,not_really,afternoon_snack,little debbie cosmic brownie,Little Debbie Cosmic Brownie,,,en,,,,,,,,,,,,lean_protein
4,48,496,not_really,yes,dinner,cheeseburger cranberry juice fry,Cheeseburger cranberry juice fries,bun cheese meat fry,Bun cheese meat fries,en,,,,,,,,,,,,lean_protein
4,49,497,not_really,yes,afternoon_snack,power bar & gatorade,Power Bar & Gatorade,,,en,,,,,,,,,,,,lean_protein
4,65,737,not_really,yes,dinner,rice salad steak,Rice  salad and steak,rice salad steak,Rice salad and steak,en,,,,,,,,,,,,lean_protein
4,47,384,not_really,not_really,after_dinner_snack,banana grape,Banana and grapes,handful grape banana,Handful of grapes and 1 banana,en,,,,,,,,,,,,lean_protein
4,65,741,not_really,yes,lunch,salad pork chop,Salad and pork chops,salad pork chop,Salad and pork chop,en,,,,,,,,,,,,lean_protein
4,46,753,not_really,not_really,breakfast,omelette bacon,Omelette and bacon,spinach onion feta cheese,Spinach onions feta cheese,en,,,,,,,,,,,,lean_protein
4,39,499,not_really,yes,breakfast,oatmeal fruit,Oatmeal and fruit,oatmeal kiwi,Oatmeal and kiwi,en,,,,,,,,,,,,lean_protein
4,65,754,not_really,yes,afternoon_snack,plum,Plum,plum,Plum,en,,,,,,,,,,,,lean_protein
4,46,756,not_really,yes,dinner,vegetable spaghetti turkey pastry,Vegetable spaghetti  and turkey pastry,spinach zucchini turkey sauce vegetable spaghetti,"Spinach, zucchini, turkey, sauce and vegetable spaghetti",en,,,,,,,,,,,,lean_protein
4,47,385,not_really,not_really,dinner,cream cheese toast,Cream cheese on toast,slice cheddar potato bread fair amount cream cheese,1 slice of cheddar potato bread with a fair amount of cream cheese,en,,,,,,,,,,,,lean_protein
4,18,757,not_really,yes,after_dinner_snack,pirate booty,Pirates booty,corn rice cheese,Corn rice cheese,en,,,,,,,,,,,,lean_protein
4,46,763,not_really,not_really,dinner,baked potato rib,Baked potatoes and ribs,buckley spinach cheese etc,Brockley spinach cheese etc,en,,,,,,,,,,,,lean_protein
4,47,433,not_really,not_really,dinner,yogurt,Yogurt,% fat free yogurt peach bottom,99% fat free yogurt with peaches at the bottom,en,,,,,,,,,,,,lean_protein
4,48,502,not_really,not_really,dinner,spaghetti,Spaghetti,spaghetti meat sauce,Spaghetti meat sauce,en,,,,,,,,,,,,lean_protein
4,65,781,not_really,yes,dinner,rice bean salad pork shoulder,Rice with beans salad and pork shoulder,rice bean salad pork shoulder,Rice with beans salad and pork shoulder,en,,,,,,,,,,,,lean_protein
4,46,790,not_really,not_really,dinner,mac & cheese pork chop asparagus,Mac & cheese pork chops asparagus,bacon,Bacon,en,,,,,,,,,,,,lean_protein
4,18,799,not_really,not_really,afternoon_snack,tortilla chip,Tortilla chips,corn,Corn,en,,,,,,,,,,,,lean_protein
4,48,505,not_really,not_really,morning_snack,pineapple,Pineapples,pineapple,Pineapples,en,,,,,,,,,,,,lean_protein
4,64,803,not_really,not_really,breakfast,honey bunch oat,Honey bunches of oats,strawberry whole grain wheat oat barley banana,"Strawberry, whole grain wheat, oats, barley, banana",en,,,,,,,,,,,,lean_protein
4,46,804,not_really,not_really,dinner,rice pork,Rice and pork,carrot onion garlic tomato sauce,"Carrots,onion,garlic,tomato sauce",en,,,,,,,,,,,,lean_protein
4,46,508,not_really,not_really,morning_snack,smoothie,Smoothie,banana cherry watermelon pineapple,Bananas cherries watermelon pineapples,en,,,,,,,,,,,,lean_protein
4,64,807,not_really,not_really,morning_snack,banana,Banana,banana,Bananas!,en,,,,,,,,,,,,lean_protein
4,48,475,not_really,yes,lunch,shrimp french fry,Shrimp and French fries,salt french fry shrimp,Salt French frys shrimp,en,,,,,,,,,,,,lean_protein
4,46,815,not_really,not_really,afternoon_snack,smoothie,Smoothie,banana strawberry,Banana and stwarberry,en,,,,,,,,,,,,lean_protein
4,47,476,not_really,yes,lunch,whiting fish sandwich,Whiting fish sandwich,whole wheat bread lettuce fried whiting tomato sauce fry small salad carrot,"Whole wheat bread lettuce, fried whiting, tomato, sauce, fries, small salad and carrots",en,,,,,,,,,,,,lean_protein
4,64,817,not_really,yes,lunch,chicken empanadas,Chicken empanadas,chicken bread,"Chicken, bread",en,,,,,,,,,,,,lean_protein
4,39,386,not_really,yes,breakfast,pancake scrambled egg bacon,Pancakes and scrambled eggs And bacon,pancake egg bacon water,"Pancakes, eggs, Bacon, water",en,,,,,,,,,,,,lean_protein
4,65,820,not_really,yes,dinner,rice bean roast beef salad seltzer,Rice beans roast beef salad and Seltzer,rice bean roast beef salad seltzer,Rice beans roast beef salad and seltzer,en,,,,,,,,,,,,lean_protein
4,49,481,not_really,yes,dinner,spaghetti meatball,spaghetti and meatballs,,,en,,,,,,,,,,,,lean_protein
4,46,829,not_really,yes,dinner,beef stew whole grain rice,Beef stew with whole grain rice,sauce beef onion,"Sauce, beef, onion,",en,,,,,,,,,,,,lean_protein
4,39,483,not_really,yes,breakfast,egg bacon toast,Eggs bacon and toast,scrambled egg turkey bacon whole wheat toast,"Scrambled eggs, turkey bacon, and whole wheat toast",en,,,,,,,,,,,,lean_protein
4,18,510,not_really,not_really,dinner,hot dog,Hot dog,turkey hot dog,Turkey hot dog,en,,,,,,,,,,,,lean_protein
4,18,862,not_really,not_really,lunch,pizza,Pizza,bread cheese sauce,"Bread, cheese, 🍅 sauce",en,,,,,,,,,,,,lean_protein
4,64,860,not_really,yes,lunch,beef stew,Beef stew,beef white rice green bean potato carrot onion,"Beef, white rice, green beans, potatoes, carrots, onions",en,,,,,,,,,,,,lean_protein
4,46,503,not_really,not_really,dinner,rib rice salad,Ribs rice and salad,corn tomato cucumber,Corn tomatoes and cucumbers,en,,,,,,,,,,,,lean_protein
4,46,871,not_really,not_really,dinner,salad rice pork,Salad rice and pork,carrot tomato potato,Carrots tomatoes potatoes,en,,,,,,,,,,,,lean_protein
4,39,442,not_really,yes,lunch,pizza soda,PizZa and a soda,sausage cheese broccoli onion pepper,"Sausage, cheese, broccoli, onions, peppers",en,,,,,,,,,,,,lean_protein
4,48,514,not_really,yes,breakfast,steak egg,Steak eggs,steak egg cheese,Steak eggs with cheese,en,,,,,,,,,,,,lean_protein
4,18,328,not_really,not_really,breakfast,bagel orange,Bagel and orange,whole wheat bagel orange,Whole wheat bagel and orange,en,,,,,,,,,,,,lean_protein
4,34,220,not_really,not_really,dinner,guacamole whole bowl,Guacamole...not the whole bowl,guac med spice corn chip,"Guac, med spice with corn chips",en,,,,,,,,,,,,lean_protein
4,18,350,not_really,not_really,afternoon_snack,soda,Soda,sugar water,Sugar and water,en,,,,,,,,,,,,lean_protein
4,46,924,not_really,not_really,dinner,mash potato rib corn,Mash potatoes ribs and corn,corn barbecue sauce,Corn barbecue sauce,en,,,,,,,,,,,,lean_protein
4,18,933,not_really,not_really,afternoon_snack,apple,Apple,apple,Apple,en,,,,,,,,,,,,lean_protein
4,47,445,not_really,not_really,breakfast,bread selfish cake,Bread and saltfish cake,cheddar potato bread fried codfish batter,Cheddar potato bread and fried codfish batter,en,,,,,,,,,,,,lean_protein
4,18,935,not_really,yes,afternoon_snack,chocolate,Chocolate,chocolate hazelnut,Chocolate and hazelnut,en,,,,,,,,,,,,lean_protein
4,18,361,not_really,not_really,afternoon_snack,water,Water,water,Water,en,,,,,,,,,,,,lean_protein
4,18,941,not_really,not_really,breakfast,yogurt fruit,Yogurt frut,yogurt orange,Yogurt orange,en,,,,,,,,,,,,lean_protein
4,46,446,not_really,not_really,dinner,rib mac & cheese,Ribs and Mac & cheese,cheese bbq,Cheese and BBQ,en,,,,,,,,,,,,lean_protein
4,46,947,not_really,yes,dinner,rice salad,Rice and salad,corn cabbage tomato cucumber boneless rib mixed rice,Corn cabbage tomatoes cucumber boneless ribs mixed in with the rice,en,,,,,,,,,,,,lean_protein
4,32,204,not_really,not_really,afternoon_snack,orange,Orange,orange,OrangEs,en,,,,,,,,,,,,lean_protein
4,18,957,not_really,not_really,after_dinner_snack,vanilla gelato,Vanilla gelato,gelato,Gelato,en,,,,,,,,,,,,lean_protein
4,18,930,not_really,not_really,morning_snack,apple,Apple,apple,Apple,en,,,,,,,,,,,,lean_protein
4,34,206,not_really,not_really,afternoon_snack,coffee,Coffee,whole milk,Whole milk,en,,,,,,,,,,,,lean_protein
4,47,388,not_really,not_really,breakfast,grape,Grapes,grape,Grapes,en,,,,,,,,,,,,lean_protein
4,47,449,not_really,not_really,lunch,plate cornbread,Same as other plate with cornbread,delicious food,Delicious food,en,,,,,,,,,,,,lean_protein
4,18,976,not_really,yes,lunch,california roll minestrone soup,California roll and minestrone soup,rice avocado fake crab tomato zucchini cauliflower broccoli bean water,"Rice, avocado, fake crab, tomatoes, zucchini, cauliflower, broccoli and beans and water",en,,,,,,,,,,,,lean_protein
4,86,983,not_really,not_really,dinner,salad pizza,Salad pizza,two slice personal salad pizza whole wheat vegetable,Two slices of personal salad pizza it's whole wheat with vegetables,en,,,,,,,,,,,,lean_protein
4,86,984,not_really,yes,dinner,panini,Panini,whole wheat pita american cheese ketchup,Whole wheat pita with American cheese and ketchup,en,,,,,,,,,,,,lean_protein
4,86,985,not_really,yes,breakfast,grilled cheese,Grilled cheese,yesterday,Same as yesterday,en,,,,,,,,,,,,lean_protein
4,44,375,not_really,yes,lunch,bacon cheeseburger grilled wrap,"Jr. Bacon cheeseburger, grilled wrap",bun mayo lettuce tomato bacon tortilla cheese honey mustard beef patty half grilled chicken,"Bun,mayo,lettuce,tomato,bacon,tortilla,cheese, honey mustard, 2oz beef patty and, half a grilled chicken",en,,,,,,,,,,,,lean_protein
4,18,1044,not_really,yes,breakfast,cereal,Cereal,bran cereal skim milk,"Bran cereal, skim milk",en,,,,,,,,,,,,lean_protein
4,18,244,not_really,not_really,lunch,pizza,Pizza,bread cheese tomato,"Bread, cheese, tomato",en,,,,,,,,,,,,lean_protein
4,39,486,not_really,yes,breakfast,scrambled egg toast,Scrambled eggs with toast,egg ham whole wheat toast,"Eggs, ham, whole wheat toast",en,,,,,,,,,,,,lean_protein
4,47,389,not_really,yes,lunch,alfredo pasta fried fish,Alfredo pasta and fried fish,homemade alfredo sauce,Homemade alfredo sauce,en,,,,,,,,,,,,lean_protein
4,49,488,not_really,yes,morning_snack,sandwich & ensure,Sandwich & Ensure,whole wheat bread american cheese salelito turkey mayonnaise vanilla ensure,"Whole wheat bread, American Cheese, Salelito Turkey with Mayonnaise. Vanilla Ensure",en,,,,,,,,,,,,lean_protein
4,19,251,not_really,not_really,after_dinner_snack,beer,Beer,beer,Beer,en,,,,,,,,,,,,lean_protein
4,47,492,not_really,not_really,morning_snack,plum,Plum,red plum,Red Plum,en,,,,,,,,,,,,lean_protein
4,47,402,not_really,not_really,breakfast,grape,Grapes,grape bowl sec pancake egg also ate remembered,It had more grapes in the bowl svc I had a pancake and 1 egg also but I ate them before I remembered :),en,,,,,,,,,,,,lean_protein
4,48,512,not_really,yes,dinner,steak fry,Steak fries,steak fry,Steak fries,en,,,,,,,,,,,,lean_protein
4,47,515,not_really,not_really,breakfast,england sausage,Eggsand sausage,toast egg chicken sausage orange juice apple sauce tea,"Toast, eggs, chicken sausage, orange juice and Apple sauce and tea",en,,,,,,,,,,,,lean_protein
4,48,516,not_really,not_really,lunch,bacon cheeseburger fry,Bacon cheeseburger with fries,meat bun friend bacon cheese,Meat bun Frieds bacon cheese,en,,,,,,,,,,,,lean_protein
4,47,407,not_really,not_really,dinner,ham cheese sandwich,Ham and cheese sandwich,almond milk sandwich cheese ham cheddar bread homemade guava jelly,"Almond milk. Sandwich: cheese, ham,  cheddar bread, and homemade Guava jelly",en,,,,,,,,,,,,lean_protein
4,47,517,not_really,yes,lunch,pumpkin soup,Pumpkin soup,pumpkin soup cracker,Pumpkin soup and crackers,en,,,,,,,,,,,,lean_protein
4,46,394,not_really,yes,lunch,fish sweet potato fry,Fish and sweet potato fries,sweet potato,Sweet potato,en,,,,,,,,,,,,lean_protein
4,46,408,not_really,not_really,after_dinner_snack,baked chip,Baked Chips,garlic olive oil,"Garlic ,olive oil",en,,,,,,,,,,,,lean_protein
4,49,520,not_really,yes,dinner,white rice beef stew,White rice and beef stew,white rice beef potato,"White Rice, Beef, potatoes",en,,,,,,,,,,,,lean_protein
4,39,409,not_really,not_really,breakfast,oatmeal orange,Oatmeal and an orange,oatmeal orange water,"Oatmeal, orange, water",en,,,,,,,,,,,,lean_protein
4,47,390,not_really,not_really,lunch,bbq pork alfredo pasta,Bbq pork and Alfredo pasta,bbq pork alfredo pasta,Bbq pork and Alfredo pasta,en,,,,,,,,,,,,lean_protein
4,47,524,not_really,yes,breakfast,egg whole grain bread sausage,"Egg, whole grain bread, sausage",ketchup previously mentioned,Ketchup and previously mentioned above,en,,,,,,,,,,,,lean_protein
4,49,525,not_really,not_really,lunch,cheese burger fry & pepsi,"Cheese burger, Fries & A Pepsi",bun beef cheese french fry ketchup salt soda,"Bun, beef, cheese, french fries with ketchup salt and a soda",en,,,,,,,,,,,,lean_protein
4,47,411,not_really,not_really,breakfast,american breakfast,American breakfast,fruit tea butter bread egg slice turkey bacon reduced fat,"Fruit tea, butter bread, 1/2 egg, 4 slice of turkey bacon (reduced fat)",en,,,,,,,,,,,,lean_protein
4,47,527,not_really,yes,breakfast,pancake egg turkey bacon,Pancake eggs turkey bacon,earl grey tea pancake egg turkey bacon,"Earl grey tea,Pancake eggs turkey bacon",en,,,,,,,,,,,,lean_protein
4,18,413,not_really,not_really,morning_snack,blueberry,Blueberries,blueberry,Blueberries,en,,,,,,,,,,,,lean_protein
4,18,2794,not_really,not_really,afternoon_snack,water,Water,water,Water,en,,0.0,0.0,0.0,0.0,0.0,,,,,,lean_protein
4,47,529,not_really,not_really,afternoon_snack,fruit smoothie,Fruit smoothie,mango strawberry peach pineapple,"Mango, strawberry, peach, pineapple",en,,,,,,,,,,,,lean_protein
4,18,840,not_really,yes,breakfast,coffee,Coffee,skim milk coffee sugar,"Skim milk, coffee, sugar",en,,,,,,,,,,,,lean_protein
4,18,366,not_really,not_really,afternoon_snack,water,Water,water,Water,en,,,,,,,,,,,,lean_protein
4,46,535,not_really,not_really,lunch,pizza,Pizza,rosemary herb cheese tomato sauce broccoli,"Rosemary, herbs, cheese, tomato sauce and broccoli",en,,,,,,,,,,,,lean_protein
4,47,456,not_really,yes,breakfast,american breakfast,American breakfast,chocolate milk egg chicken sausage waffle syrup,"Chocolate milk, eggs, chicken sausage, waffles and syrup",en,,,,,,,,,,,,lean_protein
4,46,536,not_really,yes,dinner,cheeseburger,Cheeseburger,bread cheese spinach onion bacon,"Bread, cheese, spinach, onions and bacon",en,,,,,,,,,,,,lean_protein
4,39,457,not_really,yes,lunch,ham salami cheese sandwich apple,"Ham, salami, cheese sandwich And an apple",whole wheat bread ham salami swiss cheese lettuce tomato apple water,"Whole wheat bread, ham, salami, Swiss cheese, lettuce, tomato, apple, water",en,,,,,,,,,,,,lean_protein
4,34,208,not_really,yes,dinner,salad,Salad,carrot tomato anchovy feta kalamata olive cucumber balsamic vinegar olive oil,"Carrot, tomato, anchovies, feta, kalamata olives, cucumber, balsamic vinegar and olive oil",en,,,,,,,,,,,,lean_protein
4,39,401,not_really,yes,breakfast,scrambled egg bacon wheat toast orange,"Scrambled eggs with bacon, while wheat toast, and an orange",egg bacon whole wheat bread orange water,"Eggs, bacon, whole wheat bread, orange, water",en,,,,,,,,,,,,lean_protein
4,49,553,not_really,yes,lunch,beef stew white rice,Beef stew with white rice,beef carrot potato white rice,"Beef , carrots, Potatoes White rice",en,,,,,,,,,,,,lean_protein
4,47,554,not_really,yes,dinner,breadfruit,Breadfruit,fried breadfruit cheese,Fried breadfruit and cheese,en,,,,,,,,,,,,lean_protein
4,18,556,not_really,not_really,lunch,grape,Grapes,grape,Grapes,en,,,,,,,,,,,,lean_protein
4,34,212,not_really,not_really,breakfast,coffee,Coffee,whole milk stevia,Whole milk stevia,en,,,,,,,,,,,,lean_protein
4,46,562,not_really,not_really,dinner,mash potato corn peril,Mash potatoes  corn and pernil,sweet potato corn,"Sweet potato,corn",en,,,,,,,,,,,,lean_protein
4,18,367,not_really,not_really,afternoon_snack,apple,Apple,apple,Apple,en,,,,,,,,,,,,lean_protein
4,34,215,not_really,yes,lunch,salad,Salad,lettuce tomato feta rice/leaf thing cucumber kalamata olive green pepper,"Lettuce, tomato, feta, rice/leaf thing, cucumber, kalamata olive, green pepper",en,,,,,,,,,,,,lean_protein
4,32,217,not_really,yes,afternoon_snack,small soy latte,Small soy latte,soymilk espresso,"Soymilk, espresso",en,,,,,,,,,,,,lean_protein
4,46,570,not_really,yes,dinner,cheeseburger sweet mash potato,Cheeseburger and sweet mash potatoes,sweet potato bacon spinach,"Sweet potato,bacon spinach",en,,,,,,,,,,,,lean_protein
4,34,218,not_really,not_really,afternoon_snack,latte,Latte,whole milk,Whole milk,en,,,,,,,,,,,,lean_protein
4,46,571,not_really,not_really,dinner,peril mash potato,Pernil and mash potato,herb butter low fat milk,"Herbs, butter, low fat milk,",en,,,,,,,,,,,,lean_protein
4,39,463,not_really,yes,breakfast,egg bacon toast,Eggs bacon and toast,whole wheat toast scrambled egg bacon,"Whole wheat toast, scrambled eggs with bacon",en,,,,,,,,,,,,lean_protein
4,39,414,not_really,yes,lunch,ham cheese melt lettuce tomato,Ham cheese melt with lettuce and tomato,ham swiss cheese lettuce tomato wheat bread,"Ham, Swiss cheese, lettuce, tomato, while wheat bread",en,,,,,,,,,,,,lean_protein
4,47,575,not_really,yes,lunch,macaroni beef,Macaroni and beef,kidney bean macaroni pie stew beef croissant,"Kidney beans, macaroni pie, stew beef, and a croissant",en,,,,,,,,,,,,lean_protein
4,47,576,not_really,not_really,dinner,guava puff pepperoni pizza smoothie,"Guava puffs, pepperoni pizza, smoothie",strawberry pineapple smoothie cheese pepperoni pasta sauce handful puff pastry guava filling,"Strawberry and pineapple smoothie, cheese and pepperoni and  pasta sauce....handful of puff pastries with Guava filling",en,,,,,,,,,,,,lean_protein
4,47,582,not_really,yes,afternoon_snack,mango smoothie,Mango smoothie,frozen mango lil pineapple,Frozen mango and a lil pineapple,en,,,,,,,,,,,,lean_protein
4,39,417,not_really,yes,dinner,rice lentil pork chop boiled vegetable,"Rice, lentils, pork chops, and boiled vegetables",white rice lentil pork carrot broccoli cauliflower water,"White rice, lentils, pork, carrots, broccoli, cauliflower, water",en,,,,,,,,,,,,lean_protein
4,39,392,yes,yes,lunch,chicken alfredo,Chicken alfredo,chicken pasta alfredo sauce,"Chicken, pasta, afredo sauce",en,,,,,,,,,,,,lean_protein
4,47,418,yes,yes,breakfast,bread selfish cake,Bread and saltfish cake,multigrain bread different healthy seed fried codfish batter peach,Multigrain bread with different healthy seeds and fried codfish batter and 1 peach,en,,,,,,,,,,,,lean_protein
4,39,419,yes,yes,breakfast,turkey egg cheese sandwich,Turkey egg and cheese sandwich,turkey mozzarella scrambled egg,"Turkey, mozzarella, and scrambled eggs",en,,,,,,,,,,,,lean_protein
4,39,464,yes,yes,lunch,pasta chicken,Pasta with chicken,grilled chicken whole wheat pasta white sauce,Grilled chicken with whole wheat pasta and white sauce,en,,,,,,,,,,,,lean_protein
4,46,619,yes,yes,dinner,rice salad chicken breast,Rice salad and chicken breast,pepper onion,Peppers And onions,en,,,,,,,,,,,,lean_protein
4,39,383,yes,yes,dinner,potato fish vegetable,"Potatoes, fish, vegetable",potato vegetable white fish pepper,"Potatoes, vegetables, white fish, peppers",en,,,,,,,,,,,,lean_protein
4,47,467,yes,yes,breakfast,bread egg,Bread and eggs,raisin bread egg,Raisin Bread and 2 eggs,en,,,,,,,,,,,,lean_protein
4,46,677,yes,yes,dinner,leftover cabbage mac & cheese chicken breast,"Leftover cabbage,Mac & Cheese and chicken breast",broccoli turkey,"Broccoli,turkey",en,,,,,,,,,,,,lean_protein
4,46,685,yes,not_really,breakfast,egg french toast coffee,Eggs French toast w/Coffee,cinnamon butter syrup,"Cinnamon, butter Syrup",en,,,,,,,,,,,,lean_protein
4,39,468,yes,yes,lunch,turkey sandwich,Turkey sandwitch,whole wheat bread turkey swiss lettuce tomato,"Whole wheat bread, turkey, Swiss, lettuce, tomato",en,,,,,,,,,,,,lean_protein
4,47,469,yes,yes,lunch,chicken potato,Chicken and potatoes,mashed potato curry chicken irish potato fried plantain iced tea,"Mashed potatoes, curry chicken and Irish potato, and fried plantain, and iced tea",en,,,,,,,,,,,,lean_protein
4,47,425,yes,yes,dinner,stewed chicken rice,Stewed chicken and rice,stewed chicken white rice salad,Stewed chicken and white rice and salad,en,,,,,,,,,,,,lean_protein
4,46,720,yes,not_really,dinner,chicken pasta,Chicken Pasta,herb,Herbs,en,,,,,,,,,,,,lean_protein
4,39,426,yes,yes,breakfast,scrambled egg fruit smoothie,Scrambled eggs and a fruit smoothie,ham egg strawberry blueberry kiwi pear,"Ham, eggs, strawberry, blueberry, kiwi, pear",en,,,,,,,,,,,,lean_protein
4,46,732,yes,yes,dinner,salad chicken breast,Salad chicken breast,cucumber cauliflower tomato onion,Cucumber cauliflower tomatoes and onions,en,,,,,,,,,,,,lean_protein
4,49,479,yes,yes,lunch,tostada,Tostadas,white corn flour vegetable oil ionized salt tostada chicken tomato sauce garlic onion black bean sour cream & cheese,"White corn flour, vegetable oil, ionized salt tostadas. Chicken with tomato sauce garlic and onions. Black beans, sour cream, & cheese.",en,,,,,,,,,,,,lean_protein
4,46,739,yes,yes,dinner,baked sweet potato broccoli turkey meatball,Baked Sweet potato Broccoli and turkey meatballs,turkey oat broccoli sweet potato,Turkey oats broccoli Sweet potato,en,,,,,,,,,,,,lean_protein
4,46,747,yes,yes,dinner,turkey meatball sweet potato fry broccoli,"Turkey meatballs, sweet potato fries, broccoli",spinach turkey,"Spinach, turkey,",en,,,,,,,,,,,,lean_protein
4,65,751,yes,yes,lunch,omelette seltzer,Omelette and seltzer,egg pepper onion,Eggs peppers and onion,en,,,,,,,,,,,,lean_protein
4,47,427,yes,not_really,breakfast,whole grain bread egg,Whole grain bread and egg,bread egg double picture,Bread and 2 eggs (double the picture),en,,,,,,,,,,,,lean_protein
4,39,428,yes,yes,lunch,chicken pasta,Chicken and pasta,chicken pasta,Chicken and pasta,en,,,,,,,,,,,,lean_protein
4,65,755,yes,yes,dinner,rice salad chicken,Rice salad and chicken,rice salad chicken,Rice salad chIcken,en,,,,,,,,,,,,lean_protein
4,39,430,yes,yes,afternoon_snack,protein bar,Protein bar,dark chocolate peanut butter,"Dark chocolate, peanut butter",en,,,,,,,,,,,,lean_protein
4,46,431,yes,yes,dinner,spaghetti meatball,Spaghetti and meatballs,turkey spinach oat,"Turkey,spinach,oats",en,,,,,,,,,,,,lean_protein
4,65,762,yes,yes,dinner,white rice chicken salad,White rice with chicken and salad,white rice chicken salad,White rice with chicken and salad,en,,,,,,,,,,,,lean_protein
4,47,500,yes,yes,breakfast,bread selfish,Bread and Saltfish,oatmeal bread selfish seasoning,Oatmeal bread and saltfish with seasoning,en,,,,,,,,,,,,lean_protein
4,39,432,yes,yes,dinner,rice bean chicken,Rice beans and chicken,brown rice pinto bean grilled chicken bell pepper,"Brown rice, pinto beans, grilled chicken with bell peppers",en,,,,,,,,,,,,lean_protein
4,46,766,yes,yes,dinner,rice bean chicken breast,Rice and beans with chicken breast,salad cucumber tomato cabbage pepper,Salad cucumber tomatoes cabbage peppers,en,,,,,,,,,,,,lean_protein
4,65,779,yes,yes,lunch,chicken salad,Chicken salad,chicken salad,Chicken and salad,en,,,,,,,,,,,,lean_protein
4,65,784,yes,not_really,lunch,tuna sandwich,Tuna sandwich,slice bread tuna pepper,Slice bread tuna and pepper,en,,,,,,,,,,,,lean_protein
4,39,434,yes,yes,breakfast,scrambled egg toast,Scrambled eggs with toast,egg pepper onion whole wheat bread,"Eggs, peppers, onions, whole wheat bread",en,,,,,,,,,,,,lean_protein
4,39,435,yes,yes,lunch,turkey club,Turkey club,turkey lettuce tomato whole wheat bread,"Turkey my, lettuce, tomato, whole wheat bread",en,,,,,,,,,,,,lean_protein
4,65,786,yes,yes,dinner,spanish stew,Spanish stew,carrot potato pumpkin plantain chicken steak rib,Carrots potatoes pumpkin Plaintains chicken steak and ribs,en,,,,,,,,,,,,lean_protein
4,39,437,yes,yes,dinner,rice bean steak salad,"Rice, beans and steak with salad",brown rice white bean steak onion lettuce tomato pepper carrot water,"Brown rice, white beans, steak, onions, lettuce, tomato, peppers, carrots, water",en,,,,,,,,,,,,lean_protein
4,65,800,yes,yes,dinner,salad white rice chicken cutlet,Salad white rice and chicken cutlet,salad white rice chicken cutlet,Salad white rice and chicken cutlet,en,,,,,,,,,,,,lean_protein
4,46,438,yes,not_really,dinner,chicken salad rice,Chicken salad and rice,chicken carrot,"Chicken,carrots",en,,,,,,,,,,,,lean_protein
4,47,500,yes,yes,breakfast,bread selfish,Bread and Saltfish,oatmeal bread selfish seasoning,Oatmeal bread and saltfish with seasoning,en,,,,,,,,,,,,lean_protein
4,39,432,yes,yes,dinner,rice bean chicken,Rice beans and chicken,brown rice pinto bean grilled chicken bell pepper,"Brown rice, pinto beans, grilled chicken with bell peppers",en,,,,,,,,,,,,lean_protein
4,46,766,yes,yes,dinner,rice bean chicken breast,Rice and beans with chicken breast,salad cucumber tomato cabbage pepper,Salad cucumber tomatoes cabbage peppers,en,,,,,,,,,,,,lean_protein
4,65,779,yes,yes,lunch,chicken salad,Chicken salad,chicken salad,Chicken and salad,en,,,,,,,,,,,,lean_protein
4,65,784,yes,not_really,lunch,tuna sandwich,Tuna sandwich,slice bread tuna pepper,Slice bread tuna and pepper,en,,,,,,,,,,,,lean_protein
4,39,434,yes,yes,breakfast,scrambled egg toast,Scrambled eggs with toast,egg pepper onion whole wheat bread,"Eggs, peppers, onions, whole wheat bread",en,,,,,,,,,,,,lean_protein
4,39,435,yes,yes,lunch,turkey club,Turkey club,turkey lettuce tomato whole wheat bread,"Turkey my, lettuce, tomato, whole wheat bread",en,,,,,,,,,,,,lean_protein
4,65,786,yes,yes,dinner,spanish stew,Spanish stew,carrot potato pumpkin plantain chicken steak rib,Carrots potatoes pumpkin Plaintains chicken steak and ribs,en,,,,,,,,,,,,lean_protein
4,39,437,yes,yes,dinner,rice bean steak salad,"Rice, beans and steak with salad",brown rice white bean steak onion lettuce tomato pepper carrot water,"Brown rice, white beans, steak, onions, lettuce, tomato, peppers, carrots, water",en,,,,,,,,,,,,lean_protein
4,65,800,yes,yes,dinner,salad white rice chicken cutlet,Salad white rice and chicken cutlet,salad white rice chicken cutlet,Salad white rice and chicken cutlet,en,,,,,,,,,,,,lean_protein
4,46,438,yes,not_really,dinner,chicken salad rice,Chicken salad and rice,chicken carrot,"Chicken,carrots",en,,,,,,,,,,,,lean_protein
4,49,509,yes,yes,morning_snack,egg sandwich,Egg sandwich,,,en,,,,,,,,,,,,lean_protein
4,18,289,yes,yes,dinner,sesame noodle chicken vegetable,"Sesame noodles, chicken, vegetables",noodle sesame sauce chili oil chicken shiitake mushroom bamboo shoot,"Noodles, sesame sauce, chili oil, chicken, shiitake mushrooms, bamboo shoots",en,,,,,,,,,,,,lean_protein
4,64,833,yes,yes,lunch,halal food,Halal food,chicken basmati rice lettuce corn olive onion chick pea,"Chicken, bismati rice, lettuce, corn, olives, onions, chick peas",en,,,,,,,,,,,,lean_protein
4,65,843,yes,yes,dinner,rice lentil chicken salad,Rice lentil chicken and salad,rice lentil chicken salad,Rice lentil chicken and salad,en,,,,,,,,,,,,lean_protein
4,64,848,yes,yes,dinner,baked chicken,Baked chicken,chicken carrot string bean rice,"Chicken, carrots, string beans, rice",en,,,,,,,,,,,,lean_protein
4,65,849,yes,yes,dinner,rice chicken salad cauliflower,Rice chicken salad and cauliflower,rice chicken salad cauliflower,Rice chicken salad and cauliflower,en,,,,,,,,,,,,lean_protein
4,18,287,yes,not_really,breakfast,egg potato blackberry,Eggs potatoe blackberries,egg potato blackberry,Eggs potatoes blackberries,en,,,,,,,,,,,,lean_protein
4,18,863,yes,yes,dinner,fried rice eggplant,Fried rice and eggplant,white brown rice chicken egg sausage pea eggplant,"White and brown rice, chicken, eggs, sausage, peas, eggplant",en,,,,,,,,,,,,lean_protein
4,50,484,yes,not_really,morning_snack,kind bar,Kind Bar,nothing,Nothing,en,,,,,,,,,,,,lean_protein
4,65,865,yes,yes,lunch,turkey sandwich,Turkey sandwich,turkey sandwich lettuce tomato,Turkey sandwich with lettuce and tomatoes,en,,,,,,,,,,,,lean_protein
4,65,866,yes,yes,dinner,rice chicken salad asparagus,Rice chicken salad and asparagus,rice chicken salad asparagus,Rice chicken salad and asparagus,en,,,,,,,,,,,,lean_protein
4,18,219,yes,yes,dinner,chicken mac cheese string bean,"Chicken, Mac and cheese, and string beans",breaded chicken cutlet macaroni cheese string bean,"Breaded chicken cutlets, macaroni and cheese, string beans",en,,,,,,,,,,,,lean_protein
4,47,501,yes,yes,lunch,bbq chicken rice,Bbq chicken and rice,grilled bbq chicken white rice,grilled bbq chicken and white rice,en,,,,,,,,,,,,lean_protein
4,19,867,yes,yes,morning_snack,peanut cherry,Peanuts and cherries,peanut dried cherry,Peanuts and dried cherries,en,,,,,,,,,,,,lean_protein
4,65,869,yes,yes,dinner,rice chicken vegetable,Rice chicken and vegetables,rice chicken vegetable,Rice chicken and vegetables,en,,,,,,,,,,,,lean_protein
4,18,870,yes,yes,lunch,turkey sandwich,Turkey sandwich,white bread turkey cheese tomato spinach honey mustard,"white bread, Turkey, cheese, tomato, spinach, honey mustard",en,,,,,,,,,,,,lean_protein
4,47,873,yes,yes,breakfast,egg n spinach,Eggs n spinach,egg load spinach purple plum hot chocolate finally vitamin havent taken since april pa betsy,"2 eggs with loads of spinach, 1 purple plum, hot chocolate and finally vitamins which i havent taken since April! P.s. Hii Betsy!!",en,,,,,,,,,,,,lean_protein
4,47,387,yes,yes,breakfast,bread codfish souse,Bread and codfish souse,butter bread codfish cocoa tea,Butter bread and codfish with cocoa tea,en,,,,,,,,,,,,lean_protein
4,65,875,yes,yes,dinner,chicken breast broccoli mushroom asparagus,Chicken breast broccoli mushroom and asparagus,chicken breast broccoli mushroom asparagus,Chicken breast broccoli mushroom and asparagus,en,,,,,,,,,,,,lean_protein
4,65,881,yes,not_really,lunch,wheat bread scrambled egg pepper nine cheese,Wheat bread scrambled eggs peppers onine and cheese,wheat bread scrambled egg pepper nine cheese,Wheat bread scrambled eggs peppers onine and cheese,en,,,,,,,,,,,,lean_protein
4,65,882,yes,yes,dinner,rice bean baked chicken salad,Rice beans baked chicken and salad,rice bean baked chicken salad,Rice beans baked chicken and salad,en,,,,,,,,,,,,lean_protein
4,18,343,yes,yes,lunch,area chicken,Arepa with chicken,corn chicken pepper,"Corn, chicken, peppers",en,,,,,,,,,,,,lean_protein
4,64,890,yes,yes,dinner,halal,Halal,grilled chicken brown rice tomato corn lettuce,"Grilled chicken, brown rice, tomato corn and lettuce",en,,,,,,,,,,,,lean_protein
4,65,916,yes,not_really,lunch,omelette pepper onion tomato,Omelette with peppers onions and tomatoes,omelette pepper onion tomato,Omelette with peppers onions and tomatoes,en,,,,,,,,,,,,lean_protein
4,64,921,yes,yes,lunch,chicken meal,Chicken meal,stew chicken rice green bean,"Stew chicken, rice, green beans",en,,,,,,,,,,,,lean_protein
4,39,443,yes,yes,dinner,rice bean chicken,Rice beans and chicken,brown rice white bean chicken pepper,"Brown rice, white beans, chicken with peppers",en,,,,,,,,,,,,lean_protein
4,39,444,yes,yes,breakfast,oatmeal fruit smoothie water,"Oatmeal, fruit smoothie, and water",oatmeal whey protein kiwi blueberry strawberry chia seed plain greek yogurt water,"Oatmeal with whey protein, kiwi, blueberry, strawberry, chia seeds, and plain Greek yogurt, water",en,,,,,,,,,,,,lean_protein
4,18,931,yes,yes,lunch,meatball veggie,Meatballs veggies,turkey meatball sweet potato brussel sprout,"Turkey meatballs, sweet potatoes and brussel sprouts",en,,,,,,,,,,,,lean_protein
4,39,447,yes,yes,breakfast,scrambled egg bacon toast mango,"Scrambled eggs with bacon, toast, and mango",egg bacon whole wheat bread mango water,"Eggs, bacon, whole wheat bread, mango, water",en,,,,,,,,,,,,lean_protein
4,39,450,yes,yes,lunch,grilled chicken salad,Grilled chicken salad,chicken lettuce tomato corn carrot egg black bean balsamic dressing,"Chicken, lettuce, tomato, corn, carrots, eggs, black beans, balsamic dressing",en,,,,,,,,,,,,lean_protein
4,18,960,yes,yes,lunch,quinoa chicken kale salad,Quinoa chicken kale salad,quinoa chicken kale almond tahini dressing,"Quinoa, chicken, kale, almonds, tahini dressing",en,,,,,,,,,,,,lean_protein
4,39,377,yes,yes,lunch,ham turkey swiss melt green salad,"Ham, turkey, Swiss melt 
Green salad",whole wheat bread ham swiss cheese turkey lettuce tomato cucumber carrot balsamic dressing,"Whole wheat bread, ham, Swiss cheese, turkey, lettuce, tomatoes, cucumbers, carrots, balsamic dressing",en,,,,,,,,,,,,lean_protein
4,47,451,yes,not_really,dinner,yogurt,Yogurt,fat free yogurt strawberry,Fat free yogurt and strawberries,en,,,,,,,,,,,,lean_protein
4,86,981,yes,yes,afternoon_snack,kind bar,Kind bar,pub,Pb,en,,,,,,,,,,,,lean_protein
4,46,452,yes,yes,dinner,rice chicken salad,Rice chicken and salad,tomato cucumber,Tomatoes and cucumbers,en,,,,,,,,,,,,lean_protein
4,86,982,yes,yes,afternoon_snack,hard boiled egg,Hard boiled egg,yum,Yum,en,,,,,,,,,,,,lean_protein
4,39,379,yes,yes,dinner,mashed potato baked chicken spinach cheddar cheese vegetable,"Mashed potatoes, baked chicken with spinach and cheddar cheese, and vegetables",chicken spinach cheddar cheese potato vegetable,"Chicken, spinach, cheddar cheese, potatoes, vegetables",en,,,,,,,,,,,,lean_protein
4,39,453,yes,yes,dinner,tilapia mashed potato broccoli,"Tilapia, mashed potatoes and broccoli",tilapia potato broccoli,"Tilapia, potatoes, broccoli",en,,,,,,,,,,,,lean_protein
4,86,986,yes,yes,lunch,bagel egg salad,Bagel and egg salad,whole wheat bagel scooped,Whole wheat bagel scooped out,en,,,,,,,,,,,,lean_protein
4,47,454,yes,yes,dinner,midnight egg turkey sandwich,Midnight Egg and turkey sandwich,cinnamon raisin bread egg turkey milk,"Cinnamon raisin bread, egg, turkey, and milk",en,,,,,,,,,,,,lean_protein
4,39,485,yes,yes,lunch,pasta ground turkey pepper,Pasta with ground turkey and peppers,whole wheat spaghetti ground turkey pepper,"Whole wheat spaghetti, ground turkey, peppers",en,,,,,,,,,,,,lean_protein
4,18,1047,yes,yes,morning_snack,almond orange,Almond and orange,almond orange,"Almonds, orange",en,,,,,,,,,,,,lean_protein
4,39,487,yes,yes,lunch,turkey club,Turkey club,whole wheat bread lettuce tomato turkey swiss cheese,"Whole wheat bread, lettuce, tomato, turkey, Swiss cheese",en,,,,,,,,,,,,lean_protein
4,39,489,yes,yes,dinner,rice bean chicken salad,Rice beans chicken with salad,brown rice pinto bean grilled chicken pepper lettuce carrot tomato,"Brown rice, pinto beans, grilled chicken with peppers, lettuce, carrots, tomato",en,,,,,,,,,,,,lean_protein
4,44,376,yes,yes,dinner,spaghetti tomato sauce grilled chicken,Spaghetti and tomato sauce with grilled chicken,tomato sauce spaghetti chicken parmesan cheese,"Tomatoe sauce, spaghetti, chicken, and parmesan cheese",en,,,,,,,,,,,,lean_protein
4,39,490,yes,yes,breakfast,scrambled egg toast strawberry,"Scrambled eggs, toast, strawberries",egg pepper onion whole wheat bread strawberry,"Eggs, peppers, onions, whole wheat bread, strrawberries",en,,,,,,,,,,,,lean_protein
4,39,380,yes,yes,breakfast,ham egg cheese sandwich strawberry water,Ham egg and cheese sandwich with strawberries and water,ham egg cheese whole wheat bread strawberry water,"Ham, egg, cheese, whole wheat bread, strawberries, water",en,,,,,,,,,,,,lean_protein
4,47,491,yes,not_really,breakfast,french toast egg,French toast and egg,egg syrup potato bread dipped egg mixture,"Egg, syrup, and potato bread dipped in egg mixture",en,,,,,,,,,,,,lean_protein
4,39,399,yes,yes,afternoon_snack,protein bar,Protein bar,dark chocolate peanut butter,"Dark chocolate, peanut butter",en,,,,,,,,,,,,lean_protein
4,49,494,yes,not_really,morning_snack,sandwich & grape,Sandwich & Grapes,salsalito turkey american cheese mayonnaise wheat bread grape,"Salsalito Turkey, American Cheese with mayonnaise , wheat bread and Grapes.",en,,,,,,,,,,,,lean_protein
4,39,404,yes,yes,lunch,brown rice vegetable chicken primavera,Brown rice with vegetable and Chicke primavera,brown rice carrot pepper chicken onion,"Brown rice, carrots, peppers, chicken, onions",en,,,,,,,,,,,,lean_protein
4,39,495,yes,yes,lunch,spaghetti turkey,Spaghetti and turkey,whole wheat spaghetti pepper ground turkey,"Whole wheat spaghetti, peppers, ground turkey",en,,,,,,,,,,,,lean_protein
4,18,405,yes,yes,dinner,fish chicken veggie rice,"Fish, chicken, veggies, rice",fish chicken zucchini carrot string bean white rice,"Fish, chicken, zucchini, carrots, string beans, white rice",en,,,,,,,,,,,,lean_protein
4,39,406,yes,yes,dinner,rice bean title salad,"Rice, beans and title with salad",white rice white bean turkey lettuce tomato,"White rice, white beans, turkey, lettuce, tomato",en,,,,,,,,,,,,lean_protein
4,18,277,yes,not_really,breakfast,cereal,Cereal,corn rice flax buckwheat cereal,"Corn, rice, flax and buckwheat cereal",en,,,,,,,,,,,,lean_protein
8,2800,6267,not_really,yes,lunch,smoothie,Smoothie,smoothie,Smoothie,en,,62.0,0.0,0.0,6.0,260.0,,,,,,one_fourth_carbs
8,1821,2200,not_really,yes,breakfast,bowl oatmeal tangerine oof black coffee espn raw sugar,"Bowl of oatmeal, 1 tangerine and 16 oz Cup of black coffee w/ 3 x tspn of raw sugar.",oatmeal honey cinnamon tangerine oof black coffee espn raw sugar,"Oatmeal with honey and cinnamon, 1 x tangerine and 16 oz Cup of black coffee w/ 3 x tspn raw sugar.",en,"All the foods listed are carbohydrates. Sugar, honey and oatmeal are all carbohydrates.",,,,,,,,,,,one_fourth_carbs
8,1821,2825,not_really,yes,dinner,spaghetti meatball mixed salad ando black coffee,"Spaghetti and meatballs, mixed salad and cup of black coffee.",spaghetti meatball mixed salad tomato cucumber lettuce dressing black coffee espn raw sugar,"Spaghetti and meatballs, mixed salad: tomato, cucumber, lettuce and dressing. 12 oz of black coffee with 1 tspn of raw sugar.",en,"The goal is not met because the main source of carbohydrate (spaghetti) is more than 1/4 of the plate. To meet this goal in the future, reduce the portion of spaghetti to 1 cup and add more veggies on the side. ",100.0,42.0,55.0,13.0,1091.0,112 gm CHO,,,,,one_fourth_carbs
8,2822,6200,not_really,not_really,breakfast,pan cake baking bacon,Pan cakes  And baking bacon,pancake strip bacon tea bacon tea,For pancakes 4 strips  Bacon my cup of tea Bacon my cup of tea,en,"The goal has not been met, as the meal contains about 1/2 carbohydrates. In order to meet this goal, make carbohydrates 1/4 of the plate.",30.0,10.0,36.0,1.0,441.0,,,,,,one_fourth_carbs
8,2822,6205,not_really,yes,breakfast,muffin,Muffin   And T,one cornwall friend tea,One Cornwall friend in 1 cup of tea,en,"The goal has not been met, as the meal contains primarily carbohydrates. In order to meet this goal, make carbohydrates 1/4 of the plate.",30.0,3.0,17.0,0.0,275.0,,,,,,one_fourth_carbs
8,2822,6219,not_really,not_really,breakfast,cereal fruit milk,Cereal fruit milk,half oatmeal one orange glass soy milk,A cup in the half of oatmeal one Orange in a glass of soy milk,en,,64.0,11.0,6.0,9.0,345.0,,,,,,one_fourth_carbs
8,2822,6225,not_really,yes,lunch,soup cracker water,Soup crackers and water,clam chowder soup ritz cracking glass water,Clam chowder soup ritz crackings my glass of water,en,,40.0,6.0,21.0,1.0,361.0,,,,,,one_fourth_carbs
8,2800,6166,not_really,yes,lunch,black eyed pea rice chicken,"Black eyed peas and rice, with chicken.",chicken pea rice,"Chicken peas, rice.",en,,67.0,52.0,21.0,8.0,667.0,,,,,,one_fourth_carbs
8,2800,6170,not_really,yes,breakfast,turkey sandwich olive orange juice,Turkey sandwich olives and orange juice.,whole wheat bread turkey,Whole wheat bread and turkey.,en,,27.0,6.0,5.0,0.0,168.0,,,,,,one_fourth_carbs
8,1821,2827,not_really,yes,lunch,salami/swiss wheat bread trail mix black coffee,Salami/Swiss on wheat bread. Trail Mix and black coffee.,salami/swiss cheese wheat bread trail mix cashew almond raisin papaya video pineapple piece oof black coffee espn raw sugar,"Salami/Swiss cheese on wheat bread, trail mix: cashews, almonds, raisins, papaya videos and pineapple pieces. 12 oz cup of black coffee with 2 x tspn of raw sugar.",en,The bread is the main carbohydrate source. The nuts are also made of carbohydrates. They are more than 1/4 of the meal.,86.0,37.0,51.0,12.0,902.0,na,na,na,na,na,one_fourth_carbs
8,2800,6272,not_really,yes,breakfast,smoothie,Smoothie,smoothie,Smoothie,en,,62.0,0.0,0.0,6.0,260.0,,,,,,one_fourth_carbs
8,1821,2851,not_really,yes,breakfast,chicken italian mashed potato pea coffee,"Chicken Italians, mashed potatoes, peas and coffee.",chicken bolognese mashed potato peas.black coffee espn raw sugar,"Chicken Bolognese , mashed potatoes and peas. Cup black coffee with 2 tspn of raw sugar.",en,The potatoes are a starchy vegetable. It is more than 1/4 of the plate.,48.0,51.0,20.0,6.0,600.0,na,na,na,na,na,one_fourth_carbs
8,2800,6280,not_really,not_really,breakfast,two slice raisin cinnamon bread ginger tea,Two slices raisin cinnamon bread and ginger tea.,raisin cinnamon bread,Raisin cinnamon bread.,en,,56.0,8.0,1.0,2.0,260.0,,,,,,one_fourth_carbs
8,1821,2867,not_really,yes,dinner,yellow rice red bean steak onion bottle water,Yellow rice and red beans. Steak with onions. Bottle of water.,yellow rice red bean steak onion bottle water,"Yellow rice with red beans, steak with onions and 16 oz bottle of water.",en,The rice is the main source of carbohydrate and it is more than 1/4 of the plate.,100.0,32.0,5.0,6.0,609.0,na,na,na,n,na,one_fourth_carbs
8,1821,2900,not_really,yes,lunch,mixed salad bread bottle water,"Mixed salad, bread and bottle of water.",mixed green cut beet cucumber garbanzo pico de gallo seasoned chicken breast small bread bottle water,"Mixed greens, cut beets, cucumber, garbanzos, pico de gallo and seasoned chicken breast. Small bread and 16 oz bottle of water.",en,The bread is the main carbohydrate source. Vegetables contain carbohydrates and so do beans. Carbohydrates make up more than 1/4 of the meal.,36.0,24.0,25.0,4.0,526.0,na,na,na,na,na,one_fourth_carbs
8,3179,8303,not_really,yes,dinner,chicken vegetable,Chicken and vegetables,bake chicken mix vegetable,Bake chicken and mix vegetables,en,,26.0,19.0,2.0,8.0,177.0,,,,,,one_fourth_carbs
8,1821,2213,not_really,yes,afternoon_snack,medium pancake syrup tangerine oof black coffee sugar,3 x medium pancake with syrup and tangerine. 1 x 12 oz cup of black coffee with 2 x sugars.,medium pancake syrup tangerine oof black coffee espn raw sugar,"3 x medium pancake with syrup, 1 x tangerine and 1 x 12 oz cup of black coffee with 2 x tspn of raw sugar.",en,The meal is all carbohydrates.,,,,,,,,,,,one_fourth_carbs
8,1869,2244,not_really,yes,afternoon_snack,bread,Bread,bread,Bread,en,this meal is 100% carbs,,,,,,,,,,,one_fourth_carbs
8,2800,6285,not_really,yes,dinner,brown rice corn beef,Brown rice and corn beef.,corn beef brown rice,Corn beef and brown rice.,en,,11.0,24.0,22.0,7.0,600.0,,,I added the avocado which I saw in the plate,,,one_fourth_carbs
8,2800,6288,not_really,yes,breakfast,toast egg ginger tea,Toast egg and ginger tea.,egg toast,Eggs toast.,en,,28.0,17.0,12.0,2.0,280.0,,,,,,one_fourth_carbs
8,2800,6300,not_really,yes,breakfast,toast egg apple juice,Toast eggs and apple juice,toast egg,Toast eggs.,en,,28.0,17.0,12.0,2.0,282.0,,,,,,one_fourth_carbs
8,1869,2246,not_really,yes,morning_snack,bread,Bread,bread,Bread,en,this meal is 100% carbs,,,,,,,,,,,one_fourth_carbs
8,1869,2247,not_really,yes,morning_snack,bread,Bread,bread,Bread,en,this meal is 100% carbs,,,,,,,,,,,one_fourth_carbs
8,1869,2248,not_really,yes,morning_snack,bread,Bread,bread,Bread,en,this meal is 100% carbs,,,,,,,,,,,one_fourth_carbs
8,1869,2254,not_really,yes,morning_snack,bread,Bread,bread,Bread,en,this meal is 100% carbs,,,,,,,,,,,one_fourth_carbs
8,1821,2973,not_really,yes,breakfast,oatmeal black coffee,"Oatmeal, cup of black coffee",oatmeal black coffee bottle water,"Oatmeal, cup of black coffee and 16 oz bottle of water.",en,"This goal is not met because the meal is more than 25% carbs. To meet this goal, reduce the amount of oatmeal, add a lean protein in addition to 2 pieces of fruit.",72.0,12.0,6.0,10.0,405.0,na,na,na,na,na,one_fourth_carbs
8,2800,6304,not_really,not_really,lunch,chicken soup,Chicken soup,chicken soup,Chicken soup,en,,20.0,10.0,5.0,1.0,181.0,,,,,,one_fourth_carbs
8,2800,6307,not_really,yes,dinner,tuna sandwich apple juice,Tuna sandwich and apple juice.,tuna bread,Tuna and bread.,en,,50.0,22.0,12.0,2.0,404.0,,,,,,one_fourth_carbs
8,2800,6310,not_really,yes,breakfast,tuna sandwich ginger tea,Tuna sandwich and ginger tea,tuna bread,Tuna and bread.,en,,25.0,21.0,12.0,0.0,298.0,,,,,,one_fourth_carbs
8,2800,6321,not_really,yes,lunch,sardine bread apple juice,Sadines  bread and apple juice.,sardine bread,Sadines and bread.,en,,38.0,24.0,16.0,1.0,361.0,,,,,,one_fourth_carbs
8,1821,2214,not_really,yes,dinner,baked ziti salad lettuce/tomato tangerine bottle water,Baked ziti and salad of lettuce/tomato. 1 x tangerine and 30 oz bottle of water.,baked ziti lettuce/tomato salad tangerine bottle water,"Baked ziti, lettuce/tomato salad and a tangerine. 30 oz bottle of water.",en,The pasta portion is more than 1/4 of the meal. To meet this goal try a smaller portion of pasta.,,,,,,,,,,,one_fourth_carbs
8,2800,6625,not_really,yes,dinner,stew beef mashed potato corn bean,"Stew beef , mashed potatoes,corn and beans",stew beef mashed potato corn bean,"Stew beef, mashed potatoes, corn and beans",en,"The goal isn't met because corn and potatoes are starchy vegetables and they are about half of the plate. To meet the goal, choose a non-starchy vegetable instead of the potatoes, examples of nonstarchy vegetables are most salad ingredients and green vegetables.",83.0,32.0,8.0,17.0,491.0,na,na,na,,,one_fourth_carbs
8,1821,2218,not_really,yes,breakfast,spinach squish oof black coffee,Spinach quish and 12 oz cup of black coffee,spinach squish oof black coffee espn sugar,Spinach quish 12 oz cup of black coffee 2 x tspn sugar,en,This meal only contains spinach as a carbohydrate source (and the sugar added to the beverage),,,,,,,,,,,one_fourth_carbs
8,2800,6179,not_really,yes,breakfast,toast egg orange juice,"Toast, egg and orange juice.",whole wheat bread egg,Whole wheat bread and egg.,en,,39.0,12.0,7.0,3.0,253.0,,,,,,one_fourth_carbs
8,1821,2221,not_really,yes,lunch,fried chicken breast string bean carrot tomato macaroni cheese half avocado bottle water,"Fried chicken breast, string beans, carrots and tomato with macaroni and cheese. Half an avocado and 16 oz bottle of water.",fried chicken breast string bean carrot tomato slice macaroni cheese half avocado bottle water,"Fried chicken breast, string beans, carrots, tomato slices and macaroni and cheese. Half an avocado and 17 oz bottle of water.",en,the mac and cheese is > 1/2 of the plate,,,,,,,,,,,one_fourth_carbs
8,2800,6324,not_really,yes,dinner,sardine bread water,Sadines bread and water.,sardine bread,Sadines and bread.,en,,38.0,24.0,16.0,1.0,366.0,,,,,,one_fourth_carbs
8,1821,2229,not_really,yes,breakfast,raisin ciabatta bread butter lightly smeared hardboiled egg banana bottle orange juice,"Raisin Ciabatta bread with butter, lightly smeared. 1 x hard-boiled egg and 1 x banana. 1 x 15 oz bottle of orange juice.",half ciabatta bread butter lightly smeared hardboiled egg banana bottle orange juice,"Half Ciabatta bread with butter, lightly smeared. 1 x hard-boiled egg and 1 x banana. 1 x 15 oz bottle of orange juice.",en,this meal is ~ 1/2 carbohydrates,,,,,,,,,,,one_fourth_carbs
8,3179,7987,not_really,yes,dinner,broil egg grit,Broil eggs and grits,three whole broil egg corn grit,Three whole broil eggs and corn grits,en,,22.0,9.0,12.0,4.0,248.0,,,,,,one_fourth_carbs
8,3179,7974,not_really,not_really,dinner,salad chicken dumpling,Salad and chicken dumpling,lettuce tomato lime juice olive oil salt pepper chicken dumpling,"Lettuce, tomato, lime juice, olive oil, salt ,pepper and 5 chicken dumplings",en,,40.0,13.0,12.0,3.0,327.0,,,,,,one_fourth_carbs
8,2800,6189,not_really,not_really,dinner,roti curry apple water,"Roti and Curry apple, water.",roti curry apple,Roti and Curry apple,en,,41.0,9.0,12.0,4.0,302.0,,,,,,one_fourth_carbs
8,2800,6337,not_really,yes,breakfast,raisin bran cereal milk,Raisin Bran cereal with milk,raisin bran cereal,Raisin Bran cereal.,en,,60.0,15.0,6.0,7.0,327.0,,,,,,one_fourth_carbs
8,2800,6341,not_really,yes,lunch,raisin bran cereal milk,Raisin Bran cereal with milk,raisin bran cereal,Raisin Bran cereal.,en,,60.0,15.0,6.0,7.0,327.0,,,,,,one_fourth_carbs
8,1821,2233,not_really,yes,dinner,half roast beef hero bottle water,Half Roast Beef Hero and bottle of water.,roast beef hero pepper jack cheese lettuce/tomato mayo lightly smeared bottle water,"Roast Beef Hero with pepper jack cheese, lettuce/tomato and mayo lightly smeared. And 1 x 33 oz bottle of water.",en,this meal is ~ 1/2 carbs (hero roll),,,,,,,,,,,one_fourth_carbs
8,1821,2236,not_really,not_really,breakfast,half oatmeal banana,Half cup of oatmeal and a banana,half oatmeal banana,Half cup of oatmeal and a banana,en,this meal is almost all carbs,,,,,,,,,,,one_fourth_carbs
8,2800,6627,not_really,yes,breakfast,orange peach apricot,"Orange,peach and apricot",orange peach apricot,"Orange, peach and apricot",en,"The goal isn't met because there are no  carbohydrate servings. Although fruits are made from carbohydrates, they are not carbohydrate servings.",43.0,3.0,0.0,4.0,175.0,,,,,,one_fourth_carbs
8,2800,6640,not_really,yes,lunch,strip scampi noodle water,Strimp scrampi with noodles and water.,strip scampi noodle,Strimp scrampi with noodles,en,The goal isn't met because the carbohydrates are the pasta and it is more than 1/4 of the plate.,15.0,12.0,31.0,0.0,351.0,,,,,,one_fourth_carbs
8,2800,6204,not_really,yes,dinner,black eye pea rice chicken,Black eye peas and rice with chicken.,chicken pea rice water,"Chicken, peas, rice, and water.",en,Carbohydrates are more than 1/4 of the meal.,54.0,30.0,2.0,4.0,350.0,,,,,,one_fourth_carbs
8,2800,6209,not_really,not_really,breakfast,salami sandwich,Salami sandwich.,salami bread,Salami bread.,en,,32.0,12.0,9.0,0.0,275.0,,,,,,one_fourth_carbs
8,3179,8068,not_really,yes,dinner,grit steak,Grits and steak,corn grit oz steak pepper onion,"Corn grits, 5 oz. Of steak and pepper and onions",en,The grits and the vegetables are the carbohydrates and they are more than 1/4 of the plate.,66.0,20.0,7.0,3.0,457.0,,,,,,one_fourth_carbs
8,2800,6354,not_really,yes,breakfast,cheese sandwich apple juice,Cheese sandwich and apple juice,cheese sandwich,Cheese sandwich,en,,57.0,20.0,18.0,2.0,463.0,,,,,,one_fourth_carbs
8,3179,8119,not_really,yes,dinner,came broil egg,Ñame and 3 broil eggs,boil came boil egg,Boil ñame and 3 boil eggs,en,,59.0,21.0,15.0,8.0,471.0,,,,,,one_fourth_carbs
8,2800,6358,not_really,yes,dinner,rice oxtail water,Rice and oxtail with water.,rice oxtail,Rice and oxtail,en,,45.0,20.0,10.0,2.0,402.0,,,,,,one_fourth_carbs
8,1821,2245,not_really,yes,lunch,fried whiting sandwich wheat bread bottle water,Fried Whiting sandwich on wheat bread and bottle of water.,fried whiting fish sandwich tablespoon tartar sauce bottle water,"Fried Whiting fish sandwich, 1 x tablespoons of tartar sauce. 1 x 16 oz bottle of water.",en,this meal is 2/3 carbs (bread),,,,,,,,,,,one_fourth_carbs
8,2800,6364,not_really,yes,breakfast,cheese sandwich ginger tea,Cheese sandwich with ginger tea,cheese sandwich,Cheese sandwich,en,,29.0,18.0,20.0,2.0,363.0,,,,,,one_fourth_carbs
8,3179,8096,not_really,yes,dinner,grit broil egg,Grits and 3 broil eggs,corn grit broil egg,Corn grit and 3 broil eggs,en,,73.0,25.0,17.0,5.0,558.0,,,,,,one_fourth_carbs
8,2800,6384,not_really,yes,breakfast,smoothie,Smoothie,smoothie,Smoothie,en,,34.0,2.0,0.0,2.0,140.0,,,,,,one_fourth_carbs
8,2800,6389,not_really,not_really,dinner,hard salami sandwich water,Hard salami sandwich with water.,hard salami sandwich,Hard salami sandwich,en,,32.0,9.0,12.0,2.0,289.0,,,,,,one_fourth_carbs
8,2800,6393,not_really,yes,lunch,smoothie,Smoothie,smoothie,Smoothie,en,,34.0,2.0,0.0,0.0,142.0,,,,,,one_fourth_carbs
8,1821,2286,not_really,yes,dinner,rice bean pork chop plantain chip bottle water,Rice and beans pork chop with plantain chips. Bottle of water.,white rice red bean pork chop plantain chips.bottle water,"White rice, red beans, 1 x pork chop and plantain chips. 1 x 16oz bottle of water.",en,this meal is 3/4 protein,,,,,,,,,,,one_fourth_carbs
8,2800,6398,not_really,yes,breakfast,smoothie,Smoothie,smoothie,Smoothie,en,,34.0,2.0,0.0,0.0,142.0,,,,,,one_fourth_carbs
8,2800,6408,not_really,not_really,dinner,cod fish sandwich water,Cod fish sandwich and water.,cod fish onion flour pepper,Cod fish onion flour and peppers.,en,The bread is the carbohydrate serving and it is more than 1/4 of the meal.,43.0,10.0,1.0,1.0,341.0,,,,,,one_fourth_carbs
8,2800,6411,not_really,yes,breakfast,cod fish sandwich ginger tea,Cod fish sandwich and ginger tea.,cod fish onion pepper,Cod fish onion and prppers,en,,43.0,10.0,10.0,1.0,341.0,,,,,,one_fourth_carbs
8,2800,6413,not_really,yes,lunch,cod fish sandwich apple juice,Cod fish sandwich and apple juice.,cod fish onion pepper,Cod fish onion peppers.,en,,62.0,10.0,10.0,1.0,420.0,,,,,,one_fourth_carbs
8,2800,6240,not_really,yes,breakfast,corn flake milk banana,Corn flakes milk and bananas.,corn flake milk banana,Corn flakes milk and bananas,en,,48.0,7.0,2.0,4.0,262.0,,,,,,one_fourth_carbs
8,2800,6242,not_really,yes,lunch,chicken nugget toast lemonade,Chicken nuttget toast and lemonade.,chicken nugget toast,Chicken nuttget and toast.,en,,44.0,14.0,16.0,0.0,381.0,,,,,,one_fourth_carbs
8,2800,6602,not_really,yes,dinner,strip scampi egg noodle,Strimp scrampi with egg noodles,strip ginger pepper flake noodle,Strimp ginger pepper flakes  noodles,en,The goal is not met because the egg noodles are greater than 1/4 of the plate. To meet this goal reduce the portion of the carbohydrates to 1/4 of the plate. ,40.0,21.0,17.0,2.0,379.0,,,,,,one_fourth_carbs
8,2800,6420,not_really,not_really,breakfast,cod fish sandwich orange juice,Cod fish sandwich and orange juice.,cod fish onion pepper,Cod fish onion and peppers,en,,62.0,10.0,10.0,1.0,420.0,,,,,,one_fourth_carbs
8,2800,6423,not_really,not_really,lunch,cod fish sandwich ginger ale,Cod fish sandwich and ginger ale.,cod fish onion pepper,Cod fish onion and peppers,en,,64.0,10.0,10.0,1.0,420.0,,,,,,one_fourth_carbs
8,2800,6618,not_really,yes,breakfast,orange peach apricot,"Orange,peach and apricot.",orange peach apricot,"Orange, peach apricot",en,The goal is not met because the meal does not include 1/4 of the plate as carbohydrates. To meet this goal add a carbohydrate with the portion as 1/4 of the plate. ,34.0,2.0,0.0,6.0,140.0,,,,,,one_fourth_carbs
8,2052,6340,not_really,not_really,breakfast,maple oatmeal,Maple but oatmeal,oatmeal sugar pecan skim milk,"Oatmeal, sugar, pecans, skim milk",en,,32.0,4.0,3.0,3.0,160.0,,,,,,one_fourth_carbs
8,2052,6344,not_really,not_really,lunch,chicken carrot,Chicken carrots,chicken carrot,Chicken and carrots,en,,16.0,48.0,22.0,6.0,476.0,,,,,,one_fourth_carbs
8,1983,8319,not_really,yes,breakfast,coffee,Coffee,coffee tb sweet creamer,"11 oz Coffee,  4 tbls sweet creamer",en,,20.0,0.0,4.0,0.0,120.0,,,,,,one_fourth_carbs
8,2800,6609,not_really,yes,lunch,chicken soup water,Chicken soup and water.,chicken soup,Chicken soup,en,The goal is not met because 1/4 of the plate is not carbohydrates. To meet this goal add a carbohydrate to the meal in the appropriate portion. ,0.0,14.0,5.0,0.0,100.0,,,,,,one_fourth_carbs
8,2800,6442,not_really,yes,breakfast,cereal milk,Cereal with milk.,cereal milk,Cereal and milk,en,,42.0,12.0,5.0,1.0,266.0,,,,,,one_fourth_carbs
8,2800,6448,not_really,yes,dinner,whole wheat whole grain tortilla burrito apple chutney water,Whole wheat whole grain tortillas burrito and apple chatney with water.,tortilla burrito apple chutney,Tortillas burrito apple chatney,en,,47.0,3.0,4.0,1.0,235.0,,,,,,one_fourth_carbs
8,2800,6454,not_really,yes,breakfast,raisin bran cereal milk,Raisin Bran cereal with milk.,raisin bran cereal,Raisin Bran cereal,en,,60.0,15.0,6.0,7.0,330.0,,,,,,one_fourth_carbs
8,2800,6457,not_really,yes,lunch,whole wheat whole grain tortilla burrito apple chutney water,Whole wheat whole grain tortillas burrito and apple chatney with water.,tortilla burrito apple chutney,Tortillas burrito apple chatney,en,,47.0,3.0,3.0,2.0,230.0,,,,,,one_fourth_carbs
8,2800,6463,not_really,yes,breakfast,raisin bran cereal milk,Raisin Bran cereal with milk.,raisin bran cereal milk,Raisin Bran cereal with milk,en,,60.0,15.0,6.0,7.0,330.0,,,,,,one_fourth_carbs
8,1884,2341,not_really,yes,breakfast,pop tart,Pop tarts,pumpkin,Pumpkin,en,this snack is almost 100% carbs,,,,,,,,,,,one_fourth_carbs
8,2800,6657,not_really,yes,dinner,stew beef corn mashed potato,"Stew beef,corn and mashed potatoes.",stew beef corn mashed potato,"Stew beef,corn and mashed potatoes.",en,The goal isn't met because the corn and potatoes are starchy vegetables. They are not  carbohydrate servings.,54.0,20.0,6.0,2.0,281.0,,,,,,one_fourth_carbs
8,1983,8508,not_really,yes,breakfast,italian sausage egg egg complete,"Italian sausage, eggs, egg omlete",italian sausage boiled egg egg cheese onion green pepper,"2 italian sausage. 3 boiled eggs, 1 egg with cheese , oinon green pepper",en,,7.0,58.0,46.0,0.0,699.0,,,,,,one_fourth_carbs
8,1884,2347,not_really,yes,breakfast,oz pork sausage c oat bran coz blackberry,"4oz Pork Sausage, 3/4c Oat Bran &3oz BlackBerries",sweeter,2 Sweeter,en,this meal is > 1/2 carbs (oat bran and blackberries),,,,,,,,,,,one_fourth_carbs
8,2800,6474,not_really,yes,lunch,chicken noodle soup water,Chicken noodles soup and water.,chicken noodle soup,Chicken noodles soup,en,,21.0,11.0,2.0,0.0,151.0,,,,,,one_fourth_carbs
8,2800,6476,not_really,yes,dinner,curry fish curry bean pepper water,Curry fish curry beans peppers and water.,curry fish curry bean pepper,Curry fish curry beans and peppers,en,,49.0,23.0,1.0,4.0,294.0,,,,,,one_fourth_carbs
8,2800,6483,not_really,yes,lunch,chicken noodle soup water,Chicken noodles soup and water.,chicken noodle pepper onion,Chicken noodles peppers onion.,en,,13.0,9.0,4.0,1.0,120.0,,,,,,one_fourth_carbs
8,2800,6489,not_really,yes,breakfast,raisin bran cereal milk,Raisin Bran cereal with milk,cereal milk,"Cereal, milk.",en,,59.0,13.0,7.0,7.0,315.0,,,,,,one_fourth_carbs
8,1983,8521,not_really,yes,dinner,shrimp broccoli cole slaw,Shrimp and broocli Cole slaw,slaw sauteed shrimp,1 oz slaw and 3 oz sauteed shrimp,en,,5.0,20.0,2.0,1.0,120.0,,,,,,one_fourth_carbs
8,2800,6492,not_really,yes,lunch,tuna fish sandwich ginger ale,Tuna fish sandwich and ginger ale,tuna fish sandwich,Tuna fish sandwich.,en,,41.0,19.0,4.0,3.0,263.0,,,,,,one_fourth_carbs
8,2800,6495,not_really,yes,dinner,brown rice cabbage corn beef radish,"Brown rice, cabbage, corn beef and radish",corn beef cabbage brown rice radish,"Corn beef, cabbage, brown rice and radish.",en,,50.0,33.0,17.0,5.0,475.0,,,,,,one_fourth_carbs
8,2800,6498,not_really,yes,breakfast,tuna fish sandwich orange juice,Tuna fish sandwich with orange juice,tuna fish sandwich,Tuna fish sandwich,en,,40.0,21.0,4.0,3.0,263.0,,,,,,one_fourth_carbs
8,2800,6501,not_really,yes,lunch,peach mango pear,"Peach, mango and pear.",mango peach pear,"Mango, peach and pear.",en,,43.0,1.0,0.0,5.0,184.0,,,,,,one_fourth_carbs
8,2800,6503,not_really,yes,dinner,raisin bran cereal milk,Raisin Bran cereal with milk.,raisin bran cereal milk,Raisin Bran cereal with milk,en,,59.0,13.0,7.0,7.0,315.0,,,,,,one_fourth_carbs
8,2800,6507,not_really,yes,breakfast,raisin bran cereal milk,Raisin Bran cereal with milk.,raisin bran cereal,Raisin Bran cereal,en,,59.0,13.0,7.0,7.0,315.0,,,,,,one_fourth_carbs
8,1983,8516,not_really,yes,lunch,grilled chicken salad green,Grilled chicken with salad greens,chicken cup salad salad green steam red cabbage,2 oz chicken 2 cups salad 2 than salad greens. 1 cup steam red cabbage.,en,,13.0,21.0,2.0,6.0,158.0,,,,,,one_fourth_carbs
8,2800,6615,not_really,yes,dinner,strip scampi egg noodle,Strimp scrampi with egg noodles,strip scampi egg noodle,Strimp scrampi with egg noodles,en,The goal is not met because the noodles take up more than 1/4 of the plate. To meet this goal make the carbohydrate 1/4 of the plate. ,40.0,21.0,17.0,2.0,379.0,,,,,,one_fourth_carbs
8,1983,8528,not_really,yes,breakfast,coffee,Coffee,coffee teaspoon stevia tablespoon heavy cream,"12 oz coffee, 1 teaspoon stevia, 2 tablespoon heavy cream",en,,0.0,0.0,10.0,0.0,100.0,,,,,,one_fourth_carbs
8,2800,6529,not_really,yes,lunch,tuna fish sandwich orange juice,Tuna fish sandwich with orange juice.,tuna fish sandwich,Tuna fish sandwich.,en,,40.0,21.0,4.0,3.0,263.0,,,,,,one_fourth_carbs
8,2800,6544,not_really,yes,lunch,tuna fish sandwich orange juice,Tuna fish sandwich and orange juice.,tuna fish sandwich,Tuna fish sandwich,en,,40.0,21.0,4.0,3.0,263.0,,,,,,one_fourth_carbs
8,2800,6561,not_really,yes,dinner,steamed fish os plantain water,Steamed fish orka and plantain with water.,steamed fish os plantain,Steamed fish orka plantains,en,,25.0,25.0,12.0,5.0,288.0,,,,,,one_fourth_carbs
8,2800,6314,not_really,yes,lunch,tuna sandwich apple juice,Tuna sandwich and apple juice.,tuna bread,Tuna and bread.,en,,50.0,22.0,12.0,2.0,399.0,,,,,,one_fourth_carbs
8,2800,6317,not_really,yes,dinner,chicken soup,Chicken soup.,chicken soup,Chicken soup.,en,,30.0,12.0,3.0,2.0,201.0,,,,,,one_fourth_carbs
8,1821,2294,not_really,not_really,dinner,liverwurst gouda sandwich bottle water,Liverwurst and Gouda sandwich. Bottle of water.,liverwurst gouda cheese hero mustard bottle water,Liverwurst and Gouda cheese hero with mustard. 1 x  16oz bottle of water.,en,"The main carbohydrate, the bread, is about half of the plate.",,,,,,,,,,,one_fourth_carbs
8,1821,2296,not_really,yes,breakfast,sausage egg cheese coconut bread banana ando black coffee,"Sausage egg and cheese on coconut bread, banana and cup of black coffee.",beef sausage fried egg pepper jack cheese coconut bread banana oof black coffee sugar,"Beef sausage, fried eggs and pepper jack cheese on coconut bread. 1 x banana and 1 x 12 oz cup of black coffee with 2 x sugars.",en,It appears that the bread is about half of the meal.,,,,,,,,,,,one_fourth_carbs
8,1821,2297,not_really,yes,afternoon_snack,whiting fish sandwich bottle water,Whiting fish sandwich and bottle of water.,whiting fish sandwich tablespoon tartar hot sauce.bottle water,Whiting fish sandwich with 1 x tablespoon of tartar and hot sauce. 1x bottle of water.,en,"There are 2 slices of bread, it is more than 1/4 of the plate.",,,,,,,,,,,one_fourth_carbs
8,3146,8549,not_really,yes,breakfast,pancake egg sausage,Pancakes eggs and sausage,pancake egg sausage orange juice,Pancakes Eggs and sausage and orange juice,en,,63.0,27.0,36.0,4.0,671.0,,,,,,one_fourth_carbs
8,2800,6645,not_really,yes,dinner,stew beef mashed potato corn,"Stew beef, mashed potatoes and corn.",stew beef mashed potato corn,"Stew beef, mashed potatoes and corn.",en,"The goal isn't met because corn and potatoes are starchy vegetables and they are more than 1/4 of the plate. To reach the goal, replace a starchy vegetable with a regular vegetable like green vegetables.",60.0,23.0,8.0,1.0,411.0,,,,,,one_fourth_carbs
8,2800,6672,not_really,yes,breakfast,cantaloupe banana orange juice,"Cantalope , banana and orange juice.",banana cantaloupe orange juice,"Banana, cantalope and orange juice",en,,59.0,2.0,0.0,3.0,230.0,,,,,,one_fourth_carbs
8,2800,6649,not_really,yes,breakfast,pear orange cantaloupe,"Pear, orange and cantalope",pear orange cantaloupe,"Pear, orange and cantalope",en,"The goal isn't met because there are no carbohydrate servings. Although fruits are made of carbohydrates, they aren't carbohydrate servings.",45.0,2.0,0.0,3.0,210.0,,,,,,one_fourth_carbs
8,2800,6319,not_really,yes,breakfast,raisin bran cereal milk,Raisin Bran cereal and milk.,raisin bran cereal,Raisin Bran cereal.,en,The goal is not met because the bran flakes are the carbohydrate serving and they are more than 1/4 o the meal. Raisin bran = 46 carbohydrates.,58.0,15.0,6.0,7.0,327.0,,,,,,one_fourth_carbs
8,2800,6350,not_really,yes,dinner,rice oxtail,Rice  and oxtail.,rice oxtail,Rice oxtail.,en,,43.0,20.0,9.0,1.0,359.0,,,,,,one_fourth_carbs
8,2800,6356,not_really,yes,lunch,tuna sandwich sorrel drink,Tuna sandwich with sorrel drink.,tuna sandwich,Tuna sandwich.,en,,72.0,18.0,25.0,2.0,591.0,,,,,,one_fourth_carbs
8,2800,6678,not_really,yes,lunch,whole wheat bread hard salami water,Whole wheat bread with hard salami and water.,hard salami whole wheat bread,Hard salami whole wheat bread.,en,,27.0,15.0,10.0,4.0,261.0,,,,,,one_fourth_carbs
8,2800,6686,not_really,yes,breakfast,banana grape cantaloupe,"Banana, grapes and cantalope",banana grape cantaloupe,Banana grapes and cantalope.,en,na,50.0,1.0,0.0,4.0,190.0,,,,,,one_fourth_carbs
8,1821,2302,not_really,not_really,dinner,rice bean mixed vegetable pork chop large bottle water,"Rice and beans, mixed vegetables and pork chops. Large bottle of water.",white rice red bean pumpkin piece mixed asian style vegetable pork chops.bottle water,"White rice, red beans with pumpkin pieces. Mixed Asian style vegetables and 2 x pork chops. 1 x 33oz bottle of water.",en,"To meet this goal, have 1 cup of rice and beans.",,,,,,,,,,,one_fourth_carbs
8,2800,6701,not_really,yes,lunch,banana grape peach,"Banana, grapes and peach.",banana grape peach,"Banana, grapes and peach.",en,,53.0,1.0,0.0,5.0,203.0,,,,,,one_fourth_carbs
8,2800,6705,not_really,yes,dinner,curry fish corn bean plantain,"Curry fish,corn,beans and plantain.",curry fish corn bean plantain,"Curry fish,corn, beans and plantain",en,,31.0,22.0,6.0,5.0,342.0,,,,,,one_fourth_carbs
8,1983,6683,not_really,not_really,dinner,sancho,Sancocho,pork root veg,Pork root veg,en,,44.0,4.0,1.0,3.0,213.0,,,,,,one_fourth_carbs
8,2800,6372,not_really,yes,dinner,cheese sandwich ginger ale,Cheese sandwich with ginger ale.,cheese sandwich,Cheese sandwich.,en,,64.0,20.0,10.0,2.0,429.0,,,,,,one_fourth_carbs
8,2800,6381,not_really,yes,dinner,smoothie,Smoothie,smoothie,Smoothie,en,The goal isn't met because there aren't any carbohydrate servings. Fruits and milk contain carbohydrates but they are not put in the carbohydrate category.,34.0,2.0,0.0,1.0,145.0,,,,,,one_fourth_carbs
8,2800,6387,not_really,not_really,lunch,hard salami sandwich,Hard salami sandwich.,hard salami sandwich,Hard salami sandwich.,en,,22.0,10.0,12.0,1.0,239.0,,,,,,one_fourth_carbs
8,2800,6391,not_really,yes,breakfast,smoothie,Smoothie,smoothie,Smoothie,en,,34.0,2.0,0.0,0.0,140.0,,,,,I based this on a commercial drink.,one_fourth_carbs
8,2800,6395,not_really,not_really,dinner,hard salami sandwich ginger ale,Hard salami sandwich and ginger ale.,hard salami sandwich,Hard salami sandwich.,en,,53.0,9.0,12.0,2.0,372.0,,,,,,one_fourth_carbs
8,1821,2307,not_really,yes,morning_snack,spice ham cheese sandwich banana ando coffee,Spice ham and cheese sandwich. Banana and cup of coffee.,spice ham cheese sandwich butter lightly smeared banana oof black coffee espn sugar,"Spice ham and cheese sandwich, butter lightly smeared. 1 x banana and a 12 oz cup of black coffee with 2 x tspn of sugar.",en,"To meet this goal, cut the portion of bread in half. ",,,,,,,,,,,one_fourth_carbs
8,3146,8540,not_really,not_really,dinner,pizza,Pizza,pizza red saucepan cheese,Pizza red sauceAnd cheese,en,,52.0,19.0,16.0,4.0,428.0,,,,,,one_fourth_carbs
8,1821,2338,not_really,yes,dinner,italian sandwich bottle water,Italian sandwich and bottle of water.,italian sandwich ham provolone salami capitol bologna lettuce/tomato mayo/mustard.bottle water,"Italian sandwich, ham, provolone, salami, capicola, Bologna and lettuce/tomato. No mayo/mustard. 1 x 16oz bottle of water.",en,this meal is ~ 1/2 carbs (roll),,,,,,,,,,,one_fourth_carbs
8,2800,6432,not_really,yes,breakfast,cereal milk,Cereal with milk,cereal milk,Cereal with milk.,en,"You didn't meet the goal because carbohydrates are more than 1/4 of the meal. The cereal is a carbohydrate serving. If you add fruit for half of the cereal, the carbohydrate will be closer to 1/4 of the plate.",42.0,12.0,5.0,1.0,260.0,,,,,,one_fourth_carbs
8,2800,6435,not_really,not_really,lunch,tortilla burrito ginger ale,Tortillas burrito and ginger ale,tortilla burrito,Tortillas burrito,en,The goal isn't met because the tortilla is the carbohydrate serving and it is more than 1/4 of the plate. You could meet the goal by adding more vegetables and meat in the filling.,89.0,12.0,12.0,2.0,481.0,,,,,,one_fourth_carbs
8,2800,6461,not_really,yes,dinner,whole wheat whole grain tortilla burrito apple chutney water,Whole wheat whole grain tortillas burrito with apple chatney and water.,tortilla burrito apple chutney,Tortillas burrito and apple chatney,en,,47.0,3.0,3.0,2.0,233.0,,,,,,one_fourth_carbs
8,2800,6466,not_really,yes,lunch,chicken soup water,Chicken soup and water,chicken onion tomato pepper,Chicken onion tomato and peppers.,en,,25.0,7.0,7.0,1.0,201.0,,,,,,one_fourth_carbs
8,2800,6468,not_really,yes,dinner,whole wheat whole grain tortilla burrito apple chutney water,Whole wheat whole grain tortillas burrito and apple chatney with water.,tortilla burrito apple chutney,Tortillas burrito apple chatney.,en,,47.0,3.0,3.0,2.0,230.0,,,,,,one_fourth_carbs
8,2800,6472,not_really,yes,breakfast,raisin bran cereal milk orange,Raisin Bran cereal with milk and orange.,raisin bran cereal milk orange,Raisin Bran cereal with milk and orange,en,,71.0,15.0,6.0,9.0,375.0,,,,,,one_fourth_carbs
8,1900,2375,not_really,not_really,lunch,platoon omelet,Platano with omelet,platoon smash butter egg omelet cheese,Is platano smash with butter and egg omelet with chesse,en,"this meal is ~ 1/2 protein and 1/2 carbohydrates, add vegetable/fruit to balance meal (1/2 of plate)",,,,,,,,,,,one_fourth_carbs
8,2800,6660,not_really,yes,breakfast,peanut butter sandwich orange juice,Peanut butter sandwich and orange juice.,peanut butter sandwich,Peanut butter sandwich.,en,The goal isn't met because the carbohydrate is the bread and it is more than 1/4 of the meal.,42.0,6.0,9.0,2.0,261.0,,,,,,one_fourth_carbs
8,1821,2316,not_really,not_really,breakfast,buttered roll banana ando coffee,"Buttered roll, banana and cup of coffee.",buttered roll lightly smeared banana oof black coffee sugar,"Buttered roll, lightly smeared, 1 x banana and 12oz cup of black coffee with 2 x sugars.",en,The goal has not been met,,,,,,,,,,,one_fourth_carbs
8,1884,2319,not_really,yes,lunch,oz chicken c brown rice c spinach,"4oz Chicken, 3/4c Brown Rice, 1c Spinach,",m dash & garlic powder,Ms. Dash & Garlic Powder,en,"The goal has not been meet, because the rice is about 1/3 of the plate. You are doing a great job with 1 cup spinach tough. For next time aim for less rice and even more spinach :)",,,,,,,,,,,one_fourth_carbs
8,1983,8547,not_really,not_really,breakfast,coffee,Coffee,coffee tablespoon heavy cream pinch stevia,"Coffee with 3 tablespoon heavy cream, pinch of stevia",en,,0.0,0.0,18.0,0.0,151.0,,,,,,one_fourth_carbs
8,1884,2333,not_really,yes,breakfast,oz pork sausage c oat bran strawberry,"4oz Pork Sausage, 3/4c Oat Bran & 6oz Stawberries",pack sweeter,2packs Sweeter,en,"The goal has not been met, because there is more carbohydrate that 1/4 in the meal. For oat bran aim from 1/4-1/2 cup. However, great job on choosing oat bran. It is a whole wheat carbohydrate, very healthy. ",,,,,,,,,,,one_fourth_carbs
8,1983,8470,not_really,yes,dinner,chicken noodle soup,Chicken noodle soup,cop oz chicken carrot noodle celery onion,"16 oz cuop 3 oz. chicken, carrots , noodles celery onion",en,,32.0,18.0,7.0,2.0,259.0,,,,,,one_fourth_carbs
8,1884,2337,not_really,yes,lunch,oz pork steak c broccoli & c brown rice,"4oz Pork Steak, 1c Broccoli & 3/4c Brown Rice",m dash & garlic powder,Ms Dash & Garlic Powder,en,"The goal has not been met, because there is more carbohydrate that 1/4 of the plate. To meet this goal aim for 1/3 of brown rice. ",,,,,,,,,,,one_fourth_carbs
8,1821,2321,not_really,yes,dinner,rice bean steak onion salad bottle water,"Rice and beans, steak and onions and salad. Bottle of water.",yellow rice red bean broiled steak onion lettuce tomato salad.oz bottle water,Yellow rice with red beans. Broiled steak with onions. Lettuce and tomatoes salad. 1x 33oz bottle of water.,en,"To meet this goal, the rice and beans should be no more than 1 cup (the size of your fist).",,,,,,,,,,,one_fourth_carbs
8,1821,2323,not_really,yes,breakfast,buttered roll hardboiled egg coffee,Buttered roll hard-boiled egg and coffee.,buttered roll hardboiled egg oof black coffee sugar,"Buttered roll, 1 x hard-boiled egg and 12 oz cup of black coffee with 2 x sugars.",en,this meal is 1/2 to 2/3 carbs (+ the additional sugar in the coffee),,,,,,,,,,,one_fourth_carbs
8,3179,8183,not_really,yes,dinner,legume boil egg,Legume and boil eggs,spanish squash came boil egg,"Spanish squash,ñame and 3 boil eggs",en,,59.0,20.0,15.0,3.0,416.0,,,,,,one_fourth_carbs
8,1821,2328,not_really,yes,lunch,roast chicken vegetable bottle water,Roast chicken and vegetables. Bottle of water.,roast chicken leg/breast string bean carrot tomato avocado.of water,"Roast chicken leg/breast, string beans, carrots, tomato and avocado. 16oz of water.",en,"this meal does not have starchy carbs, and the carbs in the vegetables likely are not 1/4 of the meal",,,,,,,,,,,one_fourth_carbs
8,3179,8327,not_really,yes,dinner,cheese omelet,Cheese omelet,egg low calorie cheese,2 eggs and low calorie cheese,en,,1.0,20.0,16.0,0.0,235.0,,,,,,one_fourth_carbs
8,3146,8554,not_really,yes,lunch,brown bean brown rice lettuce tomato corn coddle cilantro,Brown beans brown rice lettuce tomatoes corn I will coddle cilantro,brown rice black bean cilantro lettuce tomato corn coddle,Brown rice black beans cilantro lettuce tomatoes and corn and I will coddle,en,,72.0,9.0,6.0,4.0,400.0,,,,,,one_fourth_carbs
8,1983,8552,not_really,yes,lunch,pancake sausage,Pancakes with sausage,flaxseed coconut flour chia seed almond milk pancake turkey sausage,"Flaxseed, coconut flour, Chia seeds, almond milk pancakes. 2 turkey sausage",en,,22.0,17.0,22.0,3.0,375.0,,,,,,one_fourth_carbs
8,1983,8501,not_really,yes,breakfast,coffee,Coffee,coffee international sweet creamer,12 oz coffee with 4 tb international sweet creamer,en,,20.0,0.0,4.0,0.0,120.0,,,,,,one_fourth_carbs
8,1983,8558,not_really,yes,lunch,fried pork chop chia seed broccoli slaw cauliflower salad,"Fried pork chop in chia seeds and broccoli slaw, cauliflower salad",fried pork chop chia seed broccoli slaw cauliflower salad egg mayo relish,"Fried pork chop in chia seeds and broccoli slaw, cauliflower salad with eggs Mayo relish",en,,15.0,60.0,33.0,7.0,629.0,,,,,This is based on 1 Tablespoon of chia seeds.,one_fourth_carbs
8,1983,8584,not_really,not_really,dinner,cauliflower rice fried chicken,Cauliflower rice with fried chicken,cauliflower chicken egg onion green pepper garlic,Cauliflower chicken eggs onions green peppers garlic,en,,41.0,49.0,18.0,2.0,542.0,,,,,,one_fourth_carbs
8,1821,2371,not_really,yes,dinner,lasagna banana bottle water,"Lasagna, banana and bottle of water.",lasagna meat cheese banana andbottle water,"Lasagna, meat and cheeses, 1 x banana and 1 x 16oz bottle of water.",en,To meet this goal reduce the portion of lasagne by half and fill half the plate with salad. ,,,,,,,,,,,one_fourth_carbs
8,1900,2379,not_really,yes,afternoon_snack,sara told gold pretzel,Sabra with rold gold pretzels,classic dip hummus pretzel,It a classic dip with hummus pretzels,en,this meal is 1/2 carbs (pretzels) and 1/2 protein (hummus),,,,,,,,,,,one_fourth_carbs
8,1821,2349,not_really,yes,afternoon_snack,dried fig date,Dried figs and Dates.,dried fig date bottle water showing,"Dried figs and Dates. Bottle of water, not showing.",en,this meal is 100% carbohydrates,,,,,,,,,,,one_fourth_carbs
8,1900,2372,not_really,yes,dinner,chicken salad,Chicken salad,chicken lettuce tomato broccoli,It have chicken lettuce and tomatoes and broccoli,en,"no starch/grain pictured here, but a salad with chicken is a great choice",,,,,,,,,,,one_fourth_carbs
8,1821,2357,not_really,yes,breakfast,spice ham cheese sandwich.of black coffee,Spice ham and cheese sandwich. Cup of black coffee.,spice ham cheese sandwich mayo butter oof black coffee espn raw sugar,"Spice ham and cheese sandwich, no mayo or butter. 1 x 12oz cup of black coffee with 2 x tspn of raw sugar.",en,this meal is ~1/2 carbs,,,,,,,,,,,one_fourth_carbs
8,2800,6720,not_really,yes,breakfast,yogurt orange grape,"Yogurt, orange and grapes.",yogurt orange grape,"Yogurt, orange and grapes",en,The goal is not met because it does not include 1/4 carbohydrates. To meet the goal include 1/4 of your meal as carbohydrates. ,43.0,6.0,2.0,3.0,203.0,,,,,,one_fourth_carbs
8,1821,2381,not_really,yes,afternoon_snack,fried chicken mixed vegetable bottle water,Fried chicken and mixed vegetables. Bottle of water.,leg/thigh fried chicken mixed vegetable carrot green bean tomatoes.bottle water,"1 x leg/thigh fried chicken, mixed vegetables, carrots. Green beans, tomatoes. 1 x 50oz bottle of water.",en,"To meet this goal, add a 1/2 cup of  starchy vegetable (for example, potatoes, sweet potatoes, or corn) or a 1/2 cup whole grains ( for example, brown rice or quinoa),  on the side. This would also give you an extra boost of fiber!",,,,,,,,,,,one_fourth_carbs
8,1983,4291,not_really,not_really,lunch,bologna muenster cheese roll,Bologna and muenster cheese on a roll.,oz bologna oz cheese medium roll oz water,"2 oz. Bologna and 1 oz. Cheese ,1 medium roll, 10 oz. Water.",en,,20.0,12.0,25.0,1.0,362.0,,,,,,one_fourth_carbs
8,1821,2400,not_really,yes,afternoon_snack,whiting fish sandwich wheat bread bottle water banana,Whiting fish sandwich on wheat bread. Bottle of water . Banana.,whiting fish sandwich wheat bread tablespoon tartar hot sauce.bottle water.banana,Whiting fish sandwich on wheat bread 1 x Tablespoon tartar and hot sauce. 1 x 33oz bottle of water. 1x banana.,en,"Same advice as above. Try cutting the sandwich in half and include 1-2 servings (or more) vegetables on the side (for example, a side salad and some baby carrots). ",,,,,,,,,,,one_fourth_carbs
8,1983,4306,not_really,not_really,breakfast,half bagel oof tea,"Half a bagel , 10 Oz cup of tea",bagel peanut butter tea lemon sugar,"Bagel with peanut butter, tea with lemon and sugar",en,,33.0,9.0,16.0,4.0,319.0,,,,,,one_fourth_carbs
8,2800,6697,not_really,yes,breakfast,banana yogurt,Banana and yogurt,banana yogurt,Banana and yogurt,en,"Eating fruit is a healthy choice. The goal is not met because 1/4 of the meal is not a starchy, carb food. To meet this goal add one slice of whole grain bread.",48.0,7.0,2.0,3.0,240.0,In this meal the carbs come from both the banana and the yogurt (1 banana = 23 grams of carbs;  6 oz yogurt = 25 grams of carbs),In this meal most of the protein comes from the yogurt (1 oz of yogurt = 6 grams of protein).,In this meal all the fat comes from the yogurt (6 oz of yogurt = 2 grams of fat),In this meal all the fiber comes from the banana (1 banana = 3 grams of fiber),"This meal is 80% carbs, 12% protein and 8% fat",one_fourth_carbs
8,1821,2405,not_really,yes,dinner,chicken soup bread bottle water,"Chicken soup, bread and bottle of water.",chicken soup potato celery carrot white bread bottle water,"Chicken soup with potato, celery and carrots. White bread and a 33oz bottle of water.",en,"To meet this goal, reduce portion of bread to one slice. ",,,,,,,,,,,one_fourth_carbs
8,1900,2407,not_really,yes,dinner,salad,Salad,ground meat lettuce tomato cucumber,Is ground meat with lettuce  and tomato and cucumbers,en,"This meal only contains a very small amount of carb (from the lettuce, tomato, and cucumber). To meet this goal, add a serving whole grain (such as 1/3 cup quinoa) or a starchy vegetable (such as 1/2 cup boiled or roasted potatoes). ",,,,,,,,,,,one_fourth_carbs
8,1821,2412,not_really,yes,afternoon_snack,bacon egg sandwich.of black coffee,Bacon and egg sandwich. Cup of black coffee.,bacon egg sandwich whole wheat.cup black coffeetspn raw sugar,Bacon and egg sandwich on whole wheat. 1x cup of black coffee 1x tspn raw sugar.,en,this meal is 1/2 carbs,,,,,,,,,,,one_fourth_carbs
8,1821,2454,not_really,yes,breakfast,easy egg grit beef sausage toast glass water,"Over easy eggs, grits, beef sausage and toast. Glass of water.",easy egg grit beef sausage toast coz glass water,"2 x over easy eggs, grits and beef sausage and toast. 1 x12oz glass of water.",en,There is about 1/3 to 1/2 carbs. ,,,,,,,,,,,one_fourth_carbs
8,1883,2450,not_really,yes,dinner,rice beef sweet plantain,"Rice,beef ,sweet platain",stew beef white rice fried plantain,"Stew beef ,white rice, fried plantains",en,"The goal has not been met, because the rice and plantains (both carbs) are more than 1/4 of the plate. To meet this goal make both carbs 1/4 of the plate. ",,,,,,,,,,,one_fourth_carbs
8,1821,2414,not_really,yes,dinner,roast chicken lettuce carrot cheese salad avocado garlic dressing bottle water,"Roast chicken, lettuce, carrots and cheese salad with avocado garlic dressing and bottle of water.",roast chicken green/red baby lettuce shredded carrot skim diced provolone avocado garlic dressing.bottle water,"Roast chicken, green/red baby lettuce, shredded carrots, skim diced provolone with avocado garlic dressing. 1 x 16oz bottle of water",en,"To meet this goal, add a small piece of whole wheat bread. ",,,,,,,,,,,one_fourth_carbs
8,1883,2467,not_really,yes,afternoon_snack,beef patty two candy apple water,"Beef pattie ,two candys,apple water",jamaican beef patty red apple tootsie roll#/water tap,"Jamaican beef pattie,red apple,tootsie roll#2/water tap",en,"The goal has not been met, because there are no carbohydrates in the meal. Carbohydrates for the purpose of the study, are considered: rice, potato, grains, breads, cookies, etc.",,,,,,,,,,,one_fourth_carbs
8,1883,2468,not_really,yes,dinner,meat rice celery,Meat rice celery,grilled beef white rice roman bean celery chopped,"Grilled beef,white rice,roman beans,celery chopped.",en,"The goal has not been met, because the rice and the beans (both carbs) are more than 1/4 plate. To meet this goal try to make them only 1/4 plate.",,,,,,,,,,,one_fourth_carbs
8,1821,2417,not_really,yes,breakfast,oatmeal hardboiled egg coffee,"Oatmeal, hard-boiled eggs and coffee.",oatmeal hardboiled egg black coffee withtspn raw sugar,"Oatmeal, 2x hard-boiled eggs and black coffee with 2x tspn of raw sugar.",en,"This meal contains healthy carbs. They are however, more than 1/4 of the meal. ",,,,,,,,,,,one_fourth_carbs
8,1883,2459,not_really,yes,dinner,hummus olive whole wheat wrap bread sheet,"Hummus olives ,whole wheat wrap breads sheets",water intake hummus dinner,Water for intake of hummus dinner..,en,"This is a healthy meal! Most of the Calories are coming from carbs, but the carbs are complex carbs (the healthy kind!)",,,,,,,,,,,one_fourth_carbs
8,1883,2466,not_really,yes,afternoon_snack,cereal,Cereal,milk,Milk,en,"This meal is mostly carb. To meet this goal, reduce the portion of cereal and add a protein and some fruit and/or veggies.",,,,,,,,,,,one_fourth_carbs
8,3179,8448,not_really,yes,dinner,cheese omelet,Cheese omelet,cheese omelet,Cheese omelet,en,,21.0,13.0,7.0,4.0,201.0,,,,,,one_fourth_carbs
8,3179,8429,not_really,yes,dinner,salad base chicken yellow rice,Salad baje chicken and yellow rice,bake chicken yellow rice salad,"Bake chicken, yellow rice and salad",en,,72.0,23.0,3.0,3.0,398.0,,,,,,one_fourth_carbs
8,1821,2430,not_really,yes,lunch,dogwood sandwich date bottle water,"Dagwood sandwich, Dates and bottle of water",sandwich chicken breast low sodium ham swiss cheese romain lettuce wheat roll mustard.dates andbottle water,"Sandwich with chicken breast, low sodium ham, Swiss cheese, romain lettuce, wheat roll with mustard. 4x Dates and 33oz bottle of water.",en,"To meet this goal, have 1/2 the sandwich and fill the rest of the plate with non-starchy veggies, such as a salad. ",,,,,,,,,,,one_fourth_carbs
8,1821,2433,not_really,yes,dinner,two burger sweet potato fry lettuce/tomato/onions bottle water,"Two burgers, sweet potato fries, lettuce/tomato/onions. Bottle of water",x cheese slider sweet potato fry lettuce/tomato onion slices.bottle water,"2x cheese sliders, sweet potato fries, lettuce/tomato and onion slices. 16oz bottle of water.",en,"To meet this goal, have 1 slider, a few sweet potato fries and make the rest non-starchy vegetables such as salad, broccoli, or kale. ",,,,,,,,,,,one_fourth_carbs
8,1983,2565,not_really,yes,morning_snack,cheddar cheese raisin bread tea,Cheddar cheese raisin bread and Tea,raisin bread cheddar cheese oolong tea two tablespoon raw agave,"3 oz of raisin bread, 3 oz of cheddar cheese, 16 oz Oolong tea, two tablespoons raw agave.",en,"To meet this goal,  have 1-2oz of bread rather than 3. ",,,,,,,,,,,one_fourth_carbs
8,3083,7310,not_really,not_really,breakfast,yogurt egg,Yogurt egg,hokani egg white,Chobani egg white,en,,18.0,12.0,3.0,0.0,140.0,,,,,nutrition information: https://www.chobani.com/products/blended/cup/key-lime/,one_fourth_carbs
8,1983,2544,not_really,not_really,breakfast,coffee oz,Coffee - 12 oz,coffee water non dairy creamer,"Coffee, water, non dairy creamer.",en,"The goal has not been met, because there are not carbs in the meal. ",,,,,,,,,,,one_fourth_carbs
8,1821,2439,not_really,yes,lunch,black forrest ham pepper jack cheese multi grain wheat banana bottle water,"Black Forrest ham pepper jack cheese on multi grain wheat, banana and bottle of water.",black forrest ham pepper jack cheese sandwich multi grain wheat bread.banana ando bottle water,Black Forrest ham and pepper jack cheese sandwich on multi grain wheat bread. 1x banana and 1x 33oz bottle of water.,en,"The bread, the main source of carbohydrates, is about half of the meal.",,,,,,,,,,,one_fourth_carbs
8,1983,8608,not_really,not_really,dinner,pancake ham,Pancakes and Ham,ham pancake made almond egg hazelnut coconut nobody,1 oz ham with pancakes made with almonds eggs hazelnut coconut inbody,en,,37.0,16.0,23.0,1.0,478.0,,,,,,one_fourth_carbs
8,2800,6723,not_really,yes,lunch,yogurt grape orange,"Yogurt, grapes and orange.",yogurt grape orange,"Yogurt, grapes and orangev",en,The goal is not met because it does not contain 1/4 carbohydrates. To meet this goal include 1/4 of your meal as carbohydrates. ,44.0,7.0,2.0,3.0,224.0,,,,,,one_fourth_carbs
8,2800,6670,not_really,yes,dinner,hard salami sandwich water,Hard salami sandwich with water..,hard salami sandwich,Hard salami sandwich.,en,The goal isn't met because the carbohydrate is the bread and it is more than 1/4 of the plate.,22.0,10.0,9.0,1.0,223.0,,,,,,one_fourth_carbs
8,2800,6682,not_really,yes,dinner,strawberry yogurt,Strawberry yogut,strawberry yogurt,Strawberry yogut,en,,14.0,5.0,0.0,0.0,78.0,,,,,,one_fourth_carbs
8,1821,2441,not_really,yes,dinner,minestrone soup whole wheat bread water,Minestrone soup whole wheat bread and water.,bowl minestrone soup slice whole wheat bread bottle water,"Bowl of Minestrone soup, 2 x slices of whole wheat bread and 16 oz bottle of water.",en,"The bread, the main carbohydrate source, makes up about half of the meal.",,,,,,,,,,,one_fourth_carbs
8,1821,2445,not_really,yes,breakfast,lamb egg cheese hero lettuce/tomato banana.of black coffee,"1/2 Lamb, egg and cheese hero with lettuce/tomato and banana. Cup of black coffee.",lamb egg cheese hero lettuce tomato.banana oof black coffee sugar,"1/2 Lamb, egg and cheese hero with lettuce and tomato. 1x banana and 12oz cup of black coffee with 1 x sugar.",en,"The hero bread, the main carbohydrate source, is about 1/3 of the meal.",,,,,,,,,,,one_fourth_carbs
8,1883,2515,not_really,yes,breakfast,sandwich,Sandwich,salami cheese hoagie roll,"Salami,cheese, hoagie roll",en,"The goal has not been met, because the carbs are more than ¼ of the meal. To meet this goal choose a smaller roll or cut in half the hoagie roll. ",,,,,,,,,,,one_fourth_carbs
8,1983,2552,not_really,yes,lunch,curry chicken whole wheat pasta collard green whole wheat pasta,Curry chicken with whole wheat pasta and collard greens 1 cup whole wheat pasta,tablespoon olive oil one half designed chicken thigh half collard green whole wheat pasta,"2 tablespoon olive oil. 
one and a half deskinned chicken thigh half a cup collard greens. Whole wheat pasta",en,"The goal has not been met, because the pasta is almost 1/2 of the plate. To meet this goal make 1/4 of the plate pasta. ",,,,,,,,,,,one_fourth_carbs
8,1883,2529,not_really,yes,dinner,carne guitar rice salad,"Carne guisar,rice, salada",beef chunk stewed white rice lettuce carrot,"Beef chunks stewed,white rice,lettuce,carrots",en,"To meet this goal, cut down the portion of rice to 1/2 cup and add more vegetables.",,,,,,,,,,,one_fourth_carbs
8,1983,2556,not_really,yes,dinner,cured beef tongue spinach mescal salad braggberry salad dressing,"Cured beef tongue, spinach mesculi salad with braggberry salad dressing",beef tongue raw spinach mescal salad cucumber tablespoon bragg organic braggberry dressing,"4 oz beef tongue, 1 cup raw spinach, 1/2 cup mesculi salad, 1/4 cup cucumber, 2 tablespoon Bragg organic braggberry dressing",en,"To meet this goal, reduce the portion of beef by half and include 1/2 cup cooked whole grains such as brown rice. ",,,,,,,,,,,one_fourth_carbs
8,1651,1931,not_really,not_really,morning_snack,water,Water,water,Water,en,test,,,,,,,,,,,one_fourth_carbs
8,2800,6689,not_really,yes,lunch,smoothie,Smoothie,strawberry cantaloupe banana milk,"Strawberry, cantalope, banana and milk.",en,,65.0,12.0,5.0,5.0,356.0,,,,,,one_fourth_carbs
8,1225,1577,not_really,not_really,breakfast,water,Water,water,Water,en,test,,,,,,,,,,,one_fourth_carbs
8,1651,1932,not_really,yes,morning_snack,tea,Tea,tea,Tea,en,test,,,,,,,,,,,one_fourth_carbs
8,1983,2569,not_really,yes,dinner,whole wheat pasta meatball sauce sliced cucumber,Whole wheat pasta with meatballs and sauce and sliced cucumbers,whole wheat pasta five small meatball tomato sauce calorie gram fat gram protein unedited cucumber black pepper tablespoon parmesan cheese,"1 cup whole wheat pasta, five small meatballs in tomato sauce ( 150 calories 7 grams of fat 14 grams of protein), one cup diced cucumbers with black pepper, 2 tablespoon Parmesan cheese",en,"The goal has not been met, because the whole wheat pasta (carbs) is more that 1/4 plate. To meet this goal, decrease the quantity of the pasta and make it 1/4 of the plate.",,,,,,,,,,,one_fourth_carbs
8,1638,1933,not_really,not_really,morning_snack,water,Water,water,Water,en,test,,,,,,,,,,,one_fourth_carbs
8,1638,1934,not_really,not_really,morning_snack,water,Water,water,Water,en,test,,,,,,,,,,,one_fourth_carbs
8,1638,1935,not_really,not_really,morning_snack,latte,Latte,latte,Latte,en,test,,,,,,,,,,,one_fourth_carbs
8,2800,6637,not_really,yes,breakfast,tuna fish sandwich cantaloupe orange juice,"Tuna fish sandwich, cantalope and orange juice",tuna fish sandwich,Tuna fish sandwich,en,The goal isn't met because the carbohydrate is the bread and it is more than 1/4 of the meal.,70.0,22.0,13.0,1.0,481.0,,,,,,one_fourth_carbs
8,1983,2635,not_really,yes,lunch,grit egg scrape sour cream,"Grits, eggs, scrapple, sour cream",scrape coded whole wheat flour fried tablespoon vegetable oil two large egg fried wow one pat butter half hominy grit tablespoon sour cream,"4 oz scrapple coded in whole wheat flour fried and 2 tablespoon vegetable oil, two large eggs fried wow in one Pat of butter, half a cup of hominy grits, 2 tablespoons sour cream",en,"The grits, the main source of carbohydrate, looks like 1/3rd of the plate.",,,,,,,,,,,one_fourth_carbs
8,1821,2457,not_really,yes,dinner,chinese breaded chicken vegetable fried rice egg roll bottle water,"Chinese Breaded chicken, vegetable fried rice, egg roll and bottle of water.",chinese breaded chicken vegetable broccoli onion pea bean sprout egg roll andbottle water,"Chinese Breaded chicken, vegetable (broccoli, onions, peas and beans sprouts), 1 x egg roll and 16oz bottle of water.",en,"The main carbohydrate, rice, is about 1/3 of the plate.",,,,,,,,,,,one_fourth_carbs
8,1983,2570,not_really,not_really,after_dinner_snack,cinnamon tea,Cinnamon tea,water whole cinnamon stick tablespoon honey,"16 oz water with 1 whole cinnamon sticks, 1 tablespoon honey",en,The honey is the carbohydrate and it is the only calorie source so the meal is all carbohydrates.,,,,,,,,,,,one_fourth_carbs
8,1983,2573,not_really,yes,breakfast,onecheerios coffee hazelnut creamer convert nonfat milk,"One cup Cheerios, coffee with hazelnut creamer convert 16 oz nonfat milk.",whole grain cheerio non fat milk coffee tablespoon hazelnut nondairy creamer,"1 cup whole grain Cheerios, 12 oz non fat milk, 16 oz coffee, 4 tablespoons hazelnut non-dairy creamer",en,"The coffee doesn't fit into a category so the there are 2 foods with calories, milk and cereal. The cereal is the grain and it is about half of the meal.",,,,,,,,,,,one_fourth_carbs
8,1821,2465,not_really,yes,breakfast,bowl oatmeal hardboiled egg bottle water,"Bowl of oatmeal, hard-boiled eggs and bottle of water.",bowl oatmeal hardboiled egg bottle water,"Bowl of oatmeal, 2 x hard-boiled eggs and 16 oz bottle of water.",en,The carbohydrate is the oatmeal and it is about 1/2 of the meal.,,,,,,,,,,,one_fourth_carbs
8,1821,2470,not_really,yes,dinner,arroz con candle chicken breast onion pepper lettuce tomato salad bottle water,"Arroz con Gandules, chicken breast with onions and peppers. Lettuce and tomato salad. Bottle of water.",arroz con candle chicken breast onion pepper lettuce tomato salad.bottle water,"Arroz con Gandules, chicken breasts with onions and peppers. Lettuce and tomato salad. 16oz bottle of water.",en,To meet this goal  reduce the portion of rice by half and add more vegetables. ,,,,,,,,,,,one_fourth_carbs
8,1983,2578,not_really,yes,morning_snack,chocolate milk,Chocolate milk,g protein chocolate lowest milk,15 g Protein chocolate low-fat milk,en,Unable to assess.,,,,,,,,,,,one_fourth_carbs
8,2800,6738,not_really,yes,dinner,strip noodle soup water,"Strimp noodles soup,water.",strip noodle soup,Strimp noodles soup,en,,16.0,6.0,10.0,0.0,181.0,,,,,,one_fourth_carbs
8,1983,2616,not_really,yes,breakfast,coffee nondairy creamer,Coffee with non-dairy creamer,coffee four tablespoon sweet cream flavored creamer,16 oz coffee with four tablespoons of sweet cream flavored creamer,en,"The only calorie sourse is the creamer and the creamer would be considered a fat, not a carbohydrate.",,,,,,,,,,,one_fourth_carbs
8,1983,2619,not_really,yes,morning_snack,pancake italian sausage,Pancakes Italian sausage,nonfat milk italian sausage link one small whole wheat pancake pecan quarterreal maple syrup,"16 oz nonfat milk, to Italian sausage links one small whole wheat pancakes with pecans and quarter cup real maple syrup",en,"The carbs are coming from the pancake and syrup. To meet this goal, reduce the portion of the pancake to 1/4 of the plate and fill the rest of the plate with fruits and vegetables. ",,,,,,,,,,,one_fourth_carbs
8,1983,2627,not_really,yes,dinner,potato orgy kielbasa,Potatoe Poregies and kielbasa,orgy sauteed tablespoon veg oil alfred onion kielbasa tablespoon sour cream waterfront,"6 Poregies sauteed with 2 tablespoons veg oil,  half cup red onion, 4 oz kielbasa, 2 tablespoons. Sour cream, 16 oz waterfront",en,"The goal has not been met, because the potato poregies are more than 1/4 plate. To meet this goal, decrease the quantity of the poregies to 2. ",,,,,,,,,,,one_fourth_carbs
8,1983,2629,not_really,yes,breakfast,cheerio coffee milk banana,"Cheerios, coffee, milk, Banana",one small banana cheerio coffee tablespoon italian sweet cream nondairy creamer nonfat milk,"One small banana, 1 Cup Cheerios, 16 oz coffee, 4 tablespoons Italian sweet cream non-dairy creamer, 8 oz nonfat milk",en,"The goal has not been met, because the cheerios (carbs) are more than 1/4 plate. To meet this goal decrease the amount of cheerios to 1/2 cup. ",,,,,,,,,,,one_fourth_carbs
8,1983,3623,not_really,yes,breakfast,morphine thomas english muffin chia strawberry fruit spread,"Morphine, Thomas's English muffin, Chia strawberry fruit spread",coffee tablespoon crema tablespoon chia strawberry fruit spread one thomas english muffin,"12 oz coffee with 4 tablespoons Crema, 1 tablespoon Chia strawberry fruit spread, one Thomas's English muffin",en,"This goal is not met because more than 25% of the meal comes from the starchy carb (the English muffin). To meet this goal, add a source of protein (such as 1 or 2 eggs) and some fruits & vegetables.",35.0,4.0,7.0,2.0,226.0,na,na,na,na,na,one_fourth_carbs
8,1957,2637,not_really,not_really,afternoon_snack,biscuit andsabra classic hummus,Triscuit andSabra classic Hummus,sara biscuit whole grain wheat,Sabra triscuit whole Grain wheat,en,The crackers are the main source of carbohydrate and they are 1/2 of the meal.,,,,,,,,,,,one_fourth_carbs
8,1983,2646,not_really,yes,breakfast,coffee non dairy creamer,Coffee 4 Non dairy creamer,coffee tablespoon sweet cream nondairy creamer water,16 oz coffee 4 tablespoons sweet cream non-dairy creamer 16 oz of water,en,"The goal has not been met, because there are no carbs in the meal. To meet this goal you can add a 1/2 slice of whole wheat bread. ",,,,,,,,,,,one_fourth_carbs
8,1983,2648,not_really,yes,lunch,egg kielbasa sausage white potato sweet potato home fry water,"Egg, kielbasa sausage, white potato sweet potato home fries, water",one large egg kielbasa sausage ofwhite potato sweet potato onion ketchup eighth agree pepper tablespoon vegetable oil water,"One large egg 3 oz kielbasa sausage, one cup white potato / sweet potato, onions, 1 tbsp ketchup, eighth of a cup green pepper, 2 tablespoon vegetable oil, 8 oz water",en,"The goal has not been met, because the white and sweet potato (carbs) are more than 1/4 plate. To meet this goal reduce the quantity of the potatoes to 1/4 of the plate. ",,,,,,,,,,,one_fourth_carbs
8,1821,2705,not_really,yes,dinner,arroz con candle steak onion banana bottle water,"Arroz con Gandules, steak with onions, banana and bottle of water.",yellow rice candle steak onion banana bottle water,"Yellow rice with Gandules, steak and onions, 1 x banana and 33 oz bottle of water.",en,The main ingredient is rice and peas and the banana adds an extra setvi g of carbs,68.0,24.0,20.0,0.0,0.0,Looks at least like a cup of rice or more plus the banana,Protein from steak and a little from the rice,From steak,From rice and banana,Na,one_fourth_carbs
8,1983,2660,not_really,yes,breakfast,coffee water,Coffee and water,seltzer coffee tablespoon nondairy creamer nondairy creamer,"16 oz seltzer, 16 oz coffee, 4 tablespoons non-dairy creamer non-dairy creamer",en,"The goal has not been met, because there are no carbs in the meal. To meet this goal you can have a slice of whole wheat bread. ",,,,,,,,,,,one_fourth_carbs
8,1983,2662,not_really,not_really,morning_snack,egg garlic roll scrape italian sausage,Egg garlic roll scrapple Italian sausage,one large egg sausage scrape two small garlic knot,"One large egg 2 oz sausage / 
 scrapple, two small garlic knots",en,"The goal has not been met, because the garlic rolls (carbs) are more than 1/4 plate. To meet this goal, have only 1 garlic roll. ",,,,,,,,,,,one_fourth_carbs
8,1983,2666,not_really,not_really,lunch,low carb jamaican meat patty,Low carb Jamaican meat Patty,filling consists three fat ground beef quarter onion allspice curry powder host spice christ made mozzarella cheese almond flourcream cheese curry powder turmeric powder water,"Filling consists of three Oz 90% fat ground beef, quarter of a cup of onions, allspice, curry powder, and a host of other spices. Christ made with mozzarella cheese,almond flour tbsp cream cheese, curry powder, turmeric powder. 12 oz water",en,"To meet your goal, include a serving of complex carbohydrates, such as 1/2 cup of brown rice. ",,,,,,,,,,,one_fourth_carbs
8,1983,10313,not_really,not_really,breakfast,coffee,Coffee,coffee table spoon heavy cream table spoon skinny syrup,"12 oz coffee, 2 table spoon  heavy cream, 1 table spoon skinny syrup",en,,0.0,0.0,10.0,0.0,100.0,,,,,,one_fourth_carbs
8,1983,2671,not_really,yes,afternoon_snack,almond chocolate milk almond chocolate milk,16 oz of almond chocolate milk 16 oz of almond chocolate milk,almond chocolate milk,16 oz almond chocolate milk,en,"This drink is mostly carb. To meet your goal, add more protein and fat, such as a tablespoon of peanut putter on a stick of celery,  and reduce the portion of almond milk to 8 oz.",,,,,,,,,,,one_fourth_carbs
8,1821,2332,not_really,yes,breakfast,buttered roll banana.of coffee,Buttered roll and banana. Cup of coffee.,buttered roll lightly smeared banana oof black coffee espn sugar,"Buttered roll lightly smeared, banana and 12oz cup of black coffee with 2 x tspn sugar.",en,this meal is 1/3 fruit and 2/3 grains (almost 100% carbs),,,,,,,,,,,one_fourth_carbs
8,1983,2677,not_really,yes,breakfast,coffee water,"Coffee, water",coffee tablespoon creamer water,"16 oz coffee with 4 tablespoons creamer, 16 oz of water",en,This drink is mostly carb. ,,,,,,,,,,,one_fourth_carbs
8,1983,2693,not_really,yes,breakfast,coffee creamer,Coffee with creamer,coffee four tablespoon hazelnut creamer,16 oz coffee with four tablespoons hazelnut creamer,en,"The goal has not been met, because there are no carbs in the meal. To meet this goal add to the meal 1/2 slice of whole wheat bread. ",,,,,,,,,,,one_fourth_carbs
8,2800,6726,not_really,yes,dinner,strip noodle soup,Strimp noodles soup,stay noodle soup,Stry noodles soup,en,The goal is not met because it does not include 1/4 of your meal as carbohydrates. To meet this goal include 1/4 of your meal as carbohydrates. ,40.0,16.0,4.0,2.0,269.0,,,,,,one_fourth_carbs
8,1983,10079,not_really,yes,lunch,ham sandwich,Ham sandwich,hard roll sesame seed ham mayo,"Hard roll with sesame seeds, 2 oz ham, mayo",en,,34.0,16.0,12.0,1.0,323.0,,,,,,one_fourth_carbs
8,1983,2707,not_really,not_really,dinner,steak cauliflower tot salad dressing,"Steak, cauliflower tots ,salad with dressing",cauliflower tot chuck steak salad cherry tomato raw spinach cucumber tbsp oil balsamic vinegar,"7 califlower tots, 4 oz Chuck steak, cup salad (4 cherry tomatoes, 1/2 cup raw spinach. 1/2 cucumbers), 2Tblsp oil/ balsamic vinegar",en,"There are no carbohydrate servings like starch or rice or potato. Vegetables have carbohydrates in them but since they are low in calories, they are also low in carbohydrates.",,,,,,,,,,,one_fourth_carbs
8,1983,2774,not_really,yes,breakfast,coffee milk granola coconut chia,"Coffee, milk, granola with coconut and chia",onegranola coconut chai coffee tablespoon nondairy creamer milk,"One cup granola with coconut and chai, 16 oz coffee with 4 tablespoons non-dairy creamer, 8 oz milk",en,The meal is about 2/3 carbohydrates.,94.0,18.0,35.0,29.0,740.0,Granola cereal is dense. One cup is 4 carbohydrate servings.,"The milk has 8 grams, the rest is in the granola.","Granola has fat from oil. This is based on milk that is 2% fat, 2% fat milk means 2% by weight, yet one cup has 8 grams of fat.",The fiber is in the granola.,"Although the meal has all healthy components, the granola is high in calories.",one_fourth_carbs
8,1775,2078,not_really,not_really,afternoon_snack,tea,Tea,tea,Tea,en,test,,,,,,,,,,,one_fourth_carbs
8,1821,2553,not_really,yes,dinner,minestrone soup bakery bread bottle water,"Minestrone soup, bakery bread and bottle of water.",regular bowl minestrone soup pea carrot bean various seasoning bakery bread andbottle water,"Regular bowl of Minestrone soup, peas, carrots, beans and various seasonings. Bakery bread and 33oz bottle of water.",en,"This is a very healthy meal, however, the portion of bread is more than 1/4 of the meal. To meet your goal, reduce the portion of bread by half. ",100.0,24.0,6.0,13.0,610.0,This meal is estimated to have 115 gm of carb. The carbs are in the bread (4 oz of bread = 59 gm) and the minestrone soup (2 cups = 56 gm).,The protein comes equally from the bread (4 oz = 12 gm) and the soup (2 cups minestrone = 12 gm). ,The fat comes equally from the bread (4 oz = 3 gm) and the soup (2 cups minestrone = 3gm). ,Most of the fiber comes from the soup (2 cups minestrone with beans = 10gm).,"The Calories in the meal are 75% carb, 16% protein, and 9% fat.",one_fourth_carbs
8,2073,2860,not_really,yes,breakfast,bacon egg,Bacon and egg,bacon egg,Bacon and egg,en,Test meal,0.0,0.0,0.0,0.0,0.0,Test meal,Test meal,Test meal,Test meal,Test meal,one_fourth_carbs
8,2800,6540,not_really,yes,breakfast,raisin bran cereal milk,Raisin Bran cereal with milk,raisin bran cereal,Raisin Bran cereal,en,,59.0,13.0,7.0,7.0,315.0,,,,,,one_fourth_carbs
8,1638,2933,not_really,not_really,afternoon_snack,tea,Tea,tea,Tea,en,test,15.0,7.0,2.0,4.0,135.0,test,test,test,test,test,one_fourth_carbs
8,1638,2934,not_really,not_really,afternoon_snack,water,Water,water,Water,en,test,0.0,0.0,0.0,0.0,0.0,test,test,test,test,test,one_fourth_carbs
8,1638,2935,not_really,not_really,afternoon_snack,water,Water,water,Water,en,test,0.0,0.0,0.0,0.0,0.0,test,test,test,test,test,one_fourth_carbs
8,2800,6586,not_really,yes,lunch,peach orange apricot,"Peach, orange and apricot.",peach orange apricot,"Peach, orange and apricot",en,"The goal isn't met because although fruits are made from carbohydrates, they aren't a carbohydrate servings. Carbohydrate servings are breads and grains.",29.0,2.0,0.0,5.0,120.0,,,,,,one_fourth_carbs
8,2800,6547,not_really,yes,dinner,plantain orka.fish radish water,Plantains orka.fish radish and water,plantain fish os radish,Plantains fish orka and radish,en,,27.0,14.0,8.0,6.0,223.0,,,,,,one_fourth_carbs
8,2800,6550,not_really,yes,breakfast,raisin bran cereal milk orange,Raisin Bran cereal with milk and orange,raisin bran cereal,Raisin Bran cereal.,en,,90.0,13.0,3.0,14.0,399.0,,,,,,one_fourth_carbs
8,2800,6574,not_really,yes,breakfast,raisin bran cereal milk,Raisin Bran cereal with milk,raisin bran cereal,Raisin Bran cereal,en,,48.0,10.0,3.0,7.0,235.0,,,,,,one_fourth_carbs
8,2800,6554,not_really,yes,lunch,chicken noodle soup water,Chicken noodles soup and water.,chicken noodle soup,Chicken noodles soup.,en,,20.0,14.0,6.0,2.0,180.0,,,,,,one_fourth_carbs
8,2800,6572,not_really,yes,dinner,orange peach apricot,"Orange,peach and apricot.",orange peach apricot,"Orange, peach apricot",en,,35.0,3.0,0.0,7.0,146.0,,,,,,one_fourth_carbs
8,2800,6563,not_really,yes,breakfast,raisin bran cereal milk orange,Raisin Bran cereal with milk and orange,raisin bran cereal milk,Raisin Bran cereal with milk,en,,93.0,15.0,4.0,14.0,427.0,,,,,,one_fourth_carbs
8,2800,6593,not_really,yes,breakfast,raisin bran cereal milk orange,Raisin Bran cereal with milk and orange.,raisin bran cereal milk,Raisin Bran cereal with milk,en,The goal is not met as carbohydrates make up the majority of the meal. The goal can be met by adjusting the portions.,76.0,16.0,6.0,10.0,393.0,,,,,Raisin Bran Nutrition Information obtained from product information: http://smartlabel.kelloggs.com/Product/Index/00038000144813,one_fourth_carbs
8,1821,2360,not_really,yes,lunch,rice bean corned beef banana bottle water,"Rice and beans, corned beef and a banana. Bottle of water.",white rice white bean corned beef green pepper banana.bottle water,"White rice with white beans, corned beef with green peppers and a banana. 1 x 33oz bottle of water.",en,"To meet this goal, cut back the rice and beans to 1 cup and fill the rest of the plate with veggies.",,,,,,,,,,,one_fourth_carbs
8,2800,6634,not_really,yes,dinner,tuna fish sandwich water,Tuna fish sandwich and water.,tuna fish sandwich,Tuna fish sandwich,en,The goal isn't met because the carbohydrates are the bread and it is more than 1/4 of the plate.,38.0,22.0,13.0,1.0,348.0,,,,,,one_fourth_carbs
8,2800,6709,not_really,yes,breakfast,smoothie,Smoothie,smoothie,Smoothie,en,The goal is not met because it does not contain 1/4 plate carbohydrates. To meet this goal include a healthy carbohydrate as 1/4 of the plate. ,68.0,4.0,0.0,3.0,278.0,,,,,,one_fourth_carbs
8,1775,2129,not_really,not_really,afternoon_snack,date,Dates,dry date,Dry dates,en,test,,,,,,,,,,,one_fourth_carbs
8,2800,6712,not_really,yes,lunch,smoothie,Smoothie,strawberry banana cantaloupe,"Strawberry, banana and cantalope.",en,The goal is not met because it does not contain 1/4 of the plate as carbohydrates. To meet this goal include a healthy carbohydrate as 1/4 of the meal. ,50.0,3.0,0.0,7.0,203.0,,,,,,one_fourth_carbs
8,1775,2130,not_really,not_really,afternoon_snack,date,Dates,date,Dates,en,test,,,,,,,,,,,one_fourth_carbs
8,1821,2154,not_really,yes,afternoon_snack,trinket cracker hummus tb carrot,"Triskets 7 crackers, hummus- 1Tbsn, 1/4 of carrot",test,Test,en,"The entire plate is carbohydrates. The hummus is a combination of carbohydrates and protein, the crackers and carrot are all carboyhdrates.",,,,,,,,,,,one_fourth_carbs
8,1983,2738,not_really,not_really,morning_snack,lemon ginger tea extract honey water lemon extract sodium cholesterol total carbs gram protein,"Lemon ginger tea extract, honey and 16 oz water, lemon extract. 0 sodium 0 cholesterol, total carbs 17.4 grams , 0 protein",ginger,Ginger,en,All the calories come from carbohydrates. Sugar is a carbohydrate.,17.0,0.0,0.0,0.0,70.0,"All the carbohydrates are from sugar, a simple carbohydrate.",There is no protein in this meal.,There is no fat in this meal.,There is no fiber in this meal.,"All the calories are from honey, which is a simple carbohydrate.",one_fourth_carbs
8,1983,2746,not_really,yes,breakfast,steel cut oatmeal blueberry almond milk,Steel cut oatmeal blueberries almonds milk,half steel cut oatmeal quarter blueberry tablespoon chopped almond eighth nonfat milk water,"Half a cup steel cut oatmeal, quarter of a cup blueberries, tablespoon chopped almonds, eighth of a cup nonfat milk, 16 oz water",en,The meal is more than 1/4 carbs.,46.0,7.0,5.0,6.0,242.0,The oatmeal is the main source of carbohydrates. The blueberries also have some carbohydrates. All fruits have carbohydrates.,The oatmeal has some protein in it. The almonds and milk have protein but they are small serving sizes so there is very little protei.,The almonds have fat and there is a small amount of fat in the oatmeal.,Oatmeal is the main fiber source. The skin of the blueberries also contains fiber.,This is based on 1/2 cup oatmeal which is 1 carbohydrate serving.,one_fourth_carbs
8,2800,6716,not_really,yes,dinner,smoothie,Smoothie,strawberry banana cantaloupe,"Strawberry, banana and cantalope.",en,The goal is not met because it does not include 1/4 of the plate as carbohydrates. To meet this goal include a healthy carbohydrate as 1/4 of your meal. ,50.0,3.0,0.0,7.0,203.0,,,,,,one_fourth_carbs
8,1821,2343,not_really,yes,afternoon_snack,arroz con candle potato salad bow tie pork,"Arroz con Gandules, potato salad, bow ties and pork.",arroz con candle potato salad booty shredded pork oof black coffee sugar seen,"Arroz con Gandules, potato salad, bowties and shredded pork. 12oz cup of black coffee with 2 x sugars. Not seen.",en,"this meal is 3/4 carbohydrates (likely 3-4 cups), should be 1/2 cup or 1/4 of plate",,,,,,,,,,,one_fourth_carbs
8,1821,2177,not_really,yes,breakfast,sausage egg cheese roll coffee banana,"Sausage egg and cheese roll, cup of coffee and a banana",beef patty slice pepper jack cheese butter lightly smeared salt pepper banana.of black coffee sugar,"2 x beef patties, 2 x slices pepper jack cheese butter lightly smeared salt pepper. 1 x banana. Cup of black coffee 2 x sugars",en,The fruit and the roll make up more than 1/4 of the meal. ,,,,,,,,,,,one_fourth_carbs
8,1983,2778,not_really,yes,lunch,broccoli slaw cauliflower salad french fry shrimp,Broccoli slaw cauliflower salad french fries and shrimp,broccoli slaw contains dash vinegar quarter tablespoon quarter teaspoon sugar tablespoon lowest milk french fry season salt garlic herb seasoning cauliflower salad contains half teaspoon relish half teaspoon mayonnaise half one large egg deep fried shrimp batter whole wheat flour ketchup teaspoon tartar sauce organic applesauce vinegar drink left breakfast,"Broccoli slaw contains dash of vinegar, quarter of a tablespoon quarter of a teaspoon of sugar, tablespoon of low-fat milk. French fries season with no salt garlic and herb seasoning. Cauliflower salad contains half a teaspoon relish half a teaspoon of mayonnaise half one large egg. Deep fried shrimp batter with whole wheat flour. 1 tsp ketchup, 1 teaspoon tartar sauce. 8 oz organic applesauce vinegar drink left over from breakfast.",en,The vegetables have carbohydrates in them. There are no starches from the starch category. The small amount of flour isn't enough to count it as a serving. ,54.0,15.0,33.0,6.0,749.0,All vegetables have carbohydrates. The main source of carbohydrate is the french fries. The flour in the breading is also a carbohydrate. Sugar (in ketchup) is a carbohydrate.,The main protein source is the shrimp. The egg white also has protein.,The mayonaisse is all fat. The egg yolk has fat. The oil used to fry shrimp is all fat. ,The fiber is in the brocolli and cauliflower.,"The main source of calories are fried foods. Oil is high in calories. Mayonnaise and tarter sauce are also fat sources. Organic has nothing to do with fat. I am not sure about the drink and didn't know if it had fat, I didn't add any fat for the drink.",one_fourth_carbs
8,1821,2530,not_really,yes,dinner,elbow noodle meatball mixed salad hardboiled egg bakery bread bottle water,"Elbow noodles and meatballs, mixed salad with hard-boiled eggs, bakery bread and bottle of water.",pasta meatball mixed salad lettuce tomato cucumber hardboiled egg bakery bread table spoon ranch dressing.bottle water,"Pasta and meatballs, mixed salad with lettuce, tomato, cucumber and hard-boiled eggs. Bakery bread and table spoon of ranch dressing. 16oz bottle of water.",en,"The carbohyrate source is the noodles. There are also carbohydrates in the salad, it is more than half of the plate.",59.0,46.0,34.0,3.0,787.0,The noodles are a carbohydrate. One serving of noodles on the Diabetes exchange list is 1/3 of a cup.,The meatballs an eggwhites are the main source of protein. All animal foods have protein.,The egg yolk is the main source of fat.,The small amount of fiber is in the noodles.,Based on 1.5 cups of noodles and I saw parm cheese so I put in 2 teaspoons. ,one_fourth_carbs
8,1821,2540,not_really,yes,lunch,yellow rice red bean corned beef carrot bottle water shown,Yellow rice with red beans and corned beef with carrots. Bottle of water (not shown),yellow rice red kidney bean corned beef carrots.bottle water shown,Yellow rice with red kidney beans and corned beef with carrots. 16oz bottle of water (not shown),en,The rice is the main source of carbohydrate and it is mroe than 1/2 of the plate.,49.0,28.0,23.0,2.0,522.0,"The rice is the main source of carbohydrates, this is based on 1 cup of rice and beans.","This is based on 4 ounces of corned beef, corned beef is the main sourc of protein. There is protein in the bean also","The corned beef has most of the fat. if there is an added sauce, that would add more fat.",The fiber is from the rice.,This is based on no sauce added.,one_fourth_carbs
8,1821,2542,not_really,yes,dinner,chicken breast swiss cheese whole wheat sandwich date water,"Chicken breast and Swiss cheese on whole wheat sandwich, Dates and water.",chicken breast swiss cheese sandwich whole wheat bread large date andbottle water,"Chicken breast, Swiss cheese sandwich on whole wheat bread. 3 large Dates and 16oz bottle of water.",en,"The bread is the carbohydrate, it is about half of the meal.",38.0,19.0,11.0,5.0,454.0,"The bread is the carobydrate souce. Dates, a fruit, have carbohydrates.","The chicken is the main source of protein, the cheese also has protein.",The cheese and chicken have the fat.,The whole wheat bread and the dates have fiber.,Based on the the sandwich without mayonnaise or sauce.,one_fourth_carbs
8,1821,2550,not_really,not_really,lunch,double cheese burger large fry water,"Double cheese burger, large fries and water.",double pepper cheese large fry bottle water,"Double pepper with cheese, large fries and bottle of water",en,"The bun is the carbohydrate source, it is more than 1/4 of the meal.",100.0,26.0,45.0,6.0,918.0,The bun and the fries have carbohydrates,The meat and the cheese have protein,The oil that fries are fried in is all fat. The cheese and meat have fat.,"The fiber is in the bun, which is a carbohydrate.",The fries are high in calories due to the amount of oil. Oil is 100 calories per tablespoon.,one_fourth_carbs
8,1821,2179,not_really,yes,dinner,roasted chicken carrot broccoli large bottle water,"Roasted chicken,carrots and broccoli. large bottle of water.",chicken leg roasted piece cut carrot broccoli,"2 x chicken legs roasted, pieces cut carrots and broccoli.",en,meal has no source of complex carbohydrates (vegetables have carbs but do not make up 1/4 of the meal). ,,,,,,,,,,,one_fourth_carbs
8,1821,2559,not_really,yes,breakfast,pancake egg sausage black coffee,"Pancakes, eggs and sausage. Black coffee.",pancake egg sausage oof black coffee,"Pancakes, 2x eggs and sausage. 12oz cup of black coffee.",en,The pancakes are the carbohydrates and they are more than 1/4 of the meal.,47.0,33.0,50.0,2.0,771.0,The main source of carbohydrates is the pancakes,"The main protein is the sausage, all animal foods have protein.",The man fat is in the sausage. There is fat in egg yolks and some in the pancakes since they have eggs in them.,The small amount of fiber is from the pancakes.,This is based on 2 large pancakes and 3 sausage links.,one_fourth_carbs
8,1821,2263,not_really,yes,breakfast,pain magnet sandwich banana ando black coffee,"Pain Bagnat sandwich, 1 x banana and cup of black coffee.",pain magnet sandwich tuna hardboiled egg lettuce tomato onion olive oil balsamic vinegar banana oof black coffee espn sugar,"Pain Bagnat sandwich with tuna, hard-boiled egg. Lettuce, tomato, onion, olives, oil and balsamic vinegar. 1 x banana and 1 x 12oz cup of black coffee with 2 x tspn of sugar.",en,this meal is mostly carbs (bread),,,,,,,,,,,one_fourth_carbs
8,1821,2180,not_really,yes,breakfast,spice ham/cheese sandwich tangerine ando black coffee,"Spice ham/cheese sandwich, tangerine and cup of black coffee.",spice ham slice slice cheese hero bread small tangerine oof black coffee sugar,Spice ham 3 x slices and 3 x slices of cheese on a hero bread. 1 x small tangerine and 1 12 oz cup of black coffee with 2 x sugars.,en,The carbohydrate is the bread which is about half of the meal.,,,,,,,,,,,one_fourth_carbs
8,2800,5917,not_really,yes,lunch,turkey sandwich sport drink,Turkey sandwich and sport drinks,whole wheat bread turkey cheese grape,"Whole wheat bread,Turkey,cheese,grappes",en,,41.0,20.0,15.0,5.0,364.0,,,,,,one_fourth_carbs
8,2800,5918,not_really,yes,dinner,rice pea salmon,Rice peas salmcn,tomato brown rice onion,Tomato brown rice onion,en,,103.0,22.0,8.0,11.0,552.0,,,,,,one_fourth_carbs
8,2800,5920,not_really,yes,breakfast,orange juice cracker prune,Orange juice crackers prunes,prune cracker orange juice,prunes crackers orange juice,en,,57.0,3.0,2.0,4.0,244.0,,,,,,one_fourth_carbs
8,2800,5921,not_really,yes,lunch,turkey sandwich kiwi water,"Turkey sandwich kiwi, water.",bun mayo cheese,Bun mayo cheese,en,,29.0,13.0,18.0,4.0,308.0,,,,,,one_fourth_carbs
8,2800,5923,not_really,yes,dinner,rice bean salmon,Rice beans salmon,tomato onion lentil,Tomatoes onion lentils,en,,100.0,30.0,4.0,24.0,455.0,,,,,,one_fourth_carbs
8,2800,5927,not_really,yes,lunch,egg grape,Egg grapes,boil egg seed le grape water,"Boil egg seed less grapes, water",en,,17.0,7.0,6.0,1.0,138.0,,,,,,one_fourth_carbs
8,2800,5929,not_really,yes,dinner,rice lentil salmon water,"Rice lentils salmon,water",tomato onion pepper,"Tomatoes onion ,peppers.",en,,140.0,50.0,4.0,46.0,616.0,,,,,,one_fourth_carbs
8,2800,5930,not_really,yes,breakfast,egg toast orange juice,"Eggs toast ,orange juice",scrambled egg whole wheat bread,Scrambled eggs whole wheat bread.,en,,57.0,22.0,12.0,4.0,422.0,,,,,,one_fourth_carbs
8,2800,5933,not_really,yes,lunch,turkey cheese toast water,Turkey cheese toast water,smoke turkey whole wheat bread,Smoke Turkey whole wheat bread,en,,22.0,12.0,9.0,3.0,195.0,,,,,,one_fourth_carbs
8,2800,5934,not_really,yes,dinner,rice salmon pea,Rice salmon peas.,tomato onion lentil,Tomatoes onion lentil.,en,,100.0,30.0,4.0,24.0,455.0,,,,,,one_fourth_carbs
8,2800,5936,not_really,yes,breakfast,egg cracker organ juice,Eggs crackers organs juice,scrambler egg salt pepper,"Scrambler eggs salt,pepper",en,,29.0,8.0,9.0,0.0,225.0,,,,,,one_fourth_carbs
8,2800,5940,not_really,yes,lunch,chicken breast fry water,"Chicken breast fries,and water.",chicken fry,Chicken and fries,en,,33.0,23.0,12.0,1.0,348.0,,,,,,one_fourth_carbs
8,2800,5946,not_really,yes,dinner,rice pea salmon,Rice peas salmon.,tomato onion,Tomatoes onion,en,,75.0,28.0,4.0,23.0,350.0,,,,,,one_fourth_carbs
8,2800,5949,not_really,yes,breakfast,egg toast orange juice,Eggs toast orange juice.,bread egg,bread eggs,en,,32.0,17.0,12.0,3.0,295.0,,,,,,one_fourth_carbs
8,2800,5961,not_really,yes,breakfast,cheese cracker orange juice,Cheese crackers orange juice.,cheese cracker,Cheese crackers,en,,36.0,18.0,30.0,0.0,459.0,,,,,,one_fourth_carbs
8,2800,5970,not_really,not_really,lunch,smoothie,Smoothie,strawberry banana papaya pineapple milk,Strawberry banana papaya pineapple and milk.,en,,62.0,0.0,0.0,6.0,260.0,,,,,,one_fourth_carbs
8,2800,5941,not_really,yes,dinner,salmon rice pea,Salmon rice peas.,lentil onion tomato,Lentils onion tomatoes,en,,140.0,50.0,4.0,46.0,616.0,,,,,,one_fourth_carbs
8,2800,5968,not_really,yes,breakfast,orange juice egg toast,"Orange juice eggs ,toast",butter salt black pepper,"Butter salt black pepper,",en,,32.0,17.0,16.0,3.0,328.0,,,,,,one_fourth_carbs
8,2800,5980,not_really,yes,breakfast,toast egg orange juice,Toast egg orange juice,egg whole wheat bread,Eggs whole wheat bread.,en,,40.0,12.0,7.0,3.0,261.0,,,,,,one_fourth_carbs
8,2800,5982,not_really,yes,lunch,smoothie,Smoothie,strawberry pineapple soymilk,"Strawberry pineapple,soymilk",en,,31.0,2.0,3.0,2.0,195.0,,,,,Based on low-fat milk,one_fourth_carbs
8,1821,2265,not_really,yes,lunch,rice bean mixed salad plantain chicken breast water,"Rice, beans, mixed salad, plantains and chicken breast. Water.",rice bean lettuce/tomato onion avocado plantain chicken breast water,"Rice and beans, lettuce/tomato, onion and avocado. Plantains and chicken breast. Water",en,this meal is 1/2 carbs,,,,,,,,,,,one_fourth_carbs
8,2800,5988,not_really,yes,breakfast,toast egg orange juice,Toast eggs orange juice.,whole wheat bread,Whole wheat bread,en,,40.0,12.0,7.0,3.0,261.0,,,,,,one_fourth_carbs
8,2800,5996,not_really,yes,breakfast,toast egg orange juice,"Toast eggs,orange juice.",whole wheat bread,Whole wheat bread,en,,40.0,12.0,7.0,3.0,261.0,,,,,,one_fourth_carbs
8,2800,5998,not_really,yes,lunch,tuna sandwich water,"Tuna sandwich,water.",mayonnaise onion pepper,Mayonnaise onion peppers,en,,42.0,30.0,21.0,7.0,448.0,,,,,,one_fourth_carbs
8,2800,6004,not_really,yes,dinner,tuna sandwich water,"Tuna sandwich,water.",whole wheat mayonnaise,"Whole wheat, mayonnaise",en,,20.0,26.0,10.0,3.0,260.0,,,,,,one_fourth_carbs
8,2800,6009,not_really,not_really,breakfast,smoothie,Smoothie,strawberry pineapple milk banana,Strawberry pineapple milk and banana.,en,,22.0,8.0,2.0,0.0,137.0,,,,,,one_fourth_carbs
8,1821,2591,not_really,yes,dinner,yellow rice chicken red bean mixed salad bottle water,"Yellow rice with chicken and red beans , mixed salad and bottle of water.",yellow rice chicken red bean mixed salad spinach lettuce tomato feta cheese.bottle water,"Yellow rice with chicken and red beans. Mixed salad: spinach, lettuce, tomato and feta cheese. 16oz bottle of water.",en,"The main carbohydrate is the rice,  it is more than 1/4 of the plate.",100.0,32.0,14.0,4.0,841.0,It is 140 carbohydrates.,,,na,na,one_fourth_carbs
8,2800,6015,not_really,yes,dinner,smoothie,Smootie,strawberry pineapple banana milk,"Strawberry pineapple banana, milk",en,,22.0,8.0,2.0,0.0,137.0,,,,,,one_fourth_carbs
8,2800,6018,not_really,yes,breakfast,toast egg,"Toast, eggs.",whole wheat bread,Whole wheat bread.,en,,40.0,12.0,7.0,3.0,261.0,,,,,,one_fourth_carbs
8,1821,2186,not_really,yes,breakfast,buttered bread toasted tangerine oof black coffee sugar,"Buttered bread, toasted, 1 x tangerine and 12 oz cup of black coffee w/ 2 x sugars.",toasted butted bakery bread tangerine ando black coffee sugar,"Toasted butted bakery bread, 1 x tangerine and cup of black coffee 2 x sugars.",en,"The main carbohydrate is the bread, it is more than 1/4 of the meal.",,,,,,,,,,,one_fourth_carbs
8,2800,6024,not_really,yes,breakfast,toast egg,"Toast,eggs.",whole wheat bread,Whole wheat bread,en,,40.0,12.0,7.0,3.0,261.0,,,,,,one_fourth_carbs
8,2800,6028,not_really,not_really,breakfast,banana bread apple juice,"Banana bread,apple juice.",banana,Banana,en,,69.0,3.0,9.0,1.0,360.0,,,,,,one_fourth_carbs
8,2800,6032,not_really,yes,dinner,curry fish dumped,"Curry fish, dumped",curry flour,Curry flour,en,,0.0,34.0,2.0,0.0,146.0,,,,,,one_fourth_carbs
8,2800,6029,not_really,not_really,lunch,tortilla chip salsa,"Tortilla chips, salsa",garlic hummus,"Garlic, hummus",en,,60.0,6.0,21.0,6.0,450.0,,,,,,one_fourth_carbs
8,2800,6035,not_really,yes,breakfast,toast egg orange juice,"Toast eggs, orange juice.",orange egg,"Orange, eggs.",en,The carbohydrates are the bread and it is 1/2 of the meal.,34.0,11.0,5.0,2.0,251.0,,,,,This is based on 1 egg and no butter on the toast,one_fourth_carbs
8,2800,6037,not_really,not_really,lunch,apple,Apple,apple,Apple,en,,22.0,0.0,0.0,4.0,82.0,,,,,,one_fourth_carbs
8,2800,6044,not_really,yes,breakfast,toast peanut butter orange juice,"Toast peanut butter,orange juice.",peanut butter,Peanut butter,en,The carbohydrate is the bread.,47.0,13.0,15.0,4.0,368.0,,,,,,one_fourth_carbs
8,1821,2623,not_really,yes,dinner,yellow rice black bean meatball water,"Yellow rice, black beans, meatballs and water.",yellow rice black bean beef meatball bottle water,"Yellow rice, black beans and beef meatballs. 16 oz bottle of water.",en,"The carbohydrate sources are the rice and beans, they are more than 1/4 of the meal.",100.0,27.0,14.0,2.0,829.0,"It is more than 100, it is 140.",,,,na,one_fourth_carbs
8,2800,6055,not_really,yes,dinner,red snapper broccoli carrot cauliflower,Red snapper broccoli carrots cauliflower.,tomato onion pepper,"Tomatoes onion,peppefs",en,,22.0,49.0,6.0,11.0,348.0,,,,,,one_fourth_carbs
8,2800,6060,not_really,yes,lunch,smoothie,Smoothie,pineapple blueberry banana strawberry milk,"Pineapple blueberry banana strawberry, milk.",en,,62.0,0.0,0.0,6.0,260.0,,,,,,one_fourth_carbs
8,2800,6062,not_really,yes,dinner,red snapper carrot broccoli cauliflower,"Red snapper carrots broccoli,calliflower.",fish onion tomato pepper,"Fish onion tomatoes,peppers.",en,,22.0,49.0,6.0,11.0,348.0,,,,,,one_fourth_carbs
8,2800,6067,not_really,yes,breakfast,toast egg,"Toast,eggs.",toast egg,"Toast, eggs.",en,,40.0,12.0,7.0,3.0,261.0,,,,,,one_fourth_carbs
8,1821,2633,not_really,yes,breakfast,hardboiled egg banana bottle water,"Hard-boiled eggs, banana and bottle of water.",x hardboiled egg bakery bread andbottle water,"2x hard-boiled eggs, 1x bakery bread and 16oz bottle of water.",en,"Although the banana is made of carbohydrates, it is a fruit serving and therefore there are no carbohydrate servings in the meal.",30.0,13.0,8.0,1.0,241.0,,,,,,one_fourth_carbs
8,2800,6073,not_really,yes,dinner,tuna cracker water,"Tuna crackers, water.",tuna onion mayonnaise pepper,"Tuna onion mayonnaise,peppers.",en,,12.0,50.0,16.0,0.0,408.0,,,,,,one_fourth_carbs
8,1821,2187,not_really,yes,afternoon_snack,lamb gyro lettuce tomato sour cream hot sauce ginger flavored potato chip banana bottle water,"Lamb gyro with lettuce, tomatoes, sour cream and hot sauce. Ginger flavored potato chip. 1 x banana and 28 oz bottle of water.",lamb gyro lettuce tomato sour cream hot sauce bag ginger flavored potato chip banana bottle water,"Lamb gyro with lettuce and tomatoes, sour cream and hot sauce. 2 oz bag of Ginger flavored potato chips. 1 x banana and 28 oz bottle of water.",en,"The bread, banana, and chips have carbs so it would be more than 1/4 of the meal.",,,,,,,,,,,one_fourth_carbs
8,2800,6076,not_really,yes,breakfast,toast peanut butter banana orange juice,"Toast peanut butter banana, Orange juice.",bread peanut butter,"Bread , peanut butter",en,,50.0,11.0,9.0,5.0,305.0,,,,,,one_fourth_carbs
8,2800,6050,not_really,yes,lunch,smoothie,Smoothie,pineapple strawberry banana milk,"Pineapple strawberry banana, milk",en,There are no carbohydrate servings according to the Diabetic exchange but there are carbohydrates in milk and frui.t,37.0,6.0,2.0,1.0,190.0,,,,,,one_fourth_carbs
8,1821,2650,not_really,yes,lunch,cheese burger fry vanilla shake also peanut,"Cheese burger, fries and vanilla shake. Also peanuts.",cheese burger fry andvanilla shake peanut,"Cheese burger, fries and 12oz vanilla shake. Peanuts",en,The bun is the carbohydrate serving. The fries are also a carbohydrate serving. They are more than 1/4 of the meal.,100.0,34.0,55.0,6.0,2000.0,"It is higher, it is 143.",,,,It is more 1300,one_fourth_carbs
8,2800,6070,not_really,yes,lunch,smoothie,Smoothie,strawberry banana blueberry pineapple milk,"Strawberry banana blueberry pineapple,milk.",en,,62.0,0.0,0.0,6.0,260.0,,,,,,one_fourth_carbs
8,2800,6084,not_really,yes,breakfast,toast egg orange juice,"Toast eggs,orange juice.",egg salt pepper,"Eggs salt, peppers",en,,39.0,18.0,12.0,3.0,323.0,,,,,,one_fourth_carbs
8,2800,6089,not_really,not_really,dinner,rice corn beef,"Rice, corn beef.",onion pepper,"Onion, peppers",en,,50.0,24.0,12.0,2.0,390.0,,,,,,one_fourth_carbs
8,2800,6092,not_really,yes,breakfast,toast peanut butter orange juice,"Toadt peanut butter, orange juice.",whole wheat bread peanut butter,"Whole wheat bread, peanut butter",en,,43.0,10.0,10.0,4.0,279.0,,,,,,one_fourth_carbs
8,2800,6099,not_really,yes,breakfast,toast peanut_butter,"Toast,penutbutter.",whole wheat bread,Whole wheat bread,en,,43.0,10.0,10.0,4.0,279.0,,,,,,one_fourth_carbs
8,2800,6102,not_really,not_really,dinner,rice corn beef water,"Rice corn beef,water.",brown rice pepper onion,"Brown rice peppers,onion.",en,,57.0,14.0,14.0,5.0,408.0,,,,,,one_fourth_carbs
8,2800,6107,not_really,not_really,lunch,rice corn beef water,Rice corn beef and water,brown rice onion pepper,Brown rice onion peppers,en,,57.0,14.0,14.0,5.0,408.0,,,,,,one_fourth_carbs
8,2800,6121,not_really,yes,dinner,roti strip chick pea water,"Roti strimp chick peas,water.",curry shrimp curry chick pea,"Curry shrimp, Curry chick peas.",en,,45.0,28.0,7.0,7.0,350.0,,,,,,one_fourth_carbs
8,2800,6125,not_really,yes,breakfast,toast egg orange juice,"Toast eggs, orange juice.",boiled egg,Boiled eggs,en,,39.0,12.0,7.0,3.0,253.0,,,,,,one_fourth_carbs
8,1821,2680,not_really,yes,morning_snack,everything bagel hardboiled egg banana bottle water,"Everything bagel, hard-boiled eggs, banana and bottle of water.",everything bagel hardboiled egg banana bottle water,"Everything bagel, 2 x hard-boiled eggs, 1 x banana and 16 oz bottle of water.",en,"The bagel is the carbohydrate source, it is more than 1/4 of the meal.",71.0,15.0,11.0,5.0,486.0,na,na,na,na,na,one_fourth_carbs
8,2800,6130,not_really,yes,dinner,roti strip chick pea pomegranate juice,"Roti strimp chick peas, pomegranate juice.",curry strip curry chick pea,"Curry strimp, Curry chick peas",en,,78.0,28.0,8.0,7.0,484.0,,,,,,one_fourth_carbs
8,2822,6077,not_really,yes,breakfast,cereal,Cereal,bran cereal soy milk,Bran cereal soy milk,en,"The goal has not been met, as more than 1/4 of the plate is carbohydrates. In order to meet this goal, reduce the portion of carbohydrates to 1/4 of your plate.",81.0,14.0,6.0,12.0,386.0,,,,,,one_fourth_carbs
8,2800,6081,not_really,not_really,dinner,corn beef rice water,"Corn beef rice, water.",onion pepper,"Onion,peppers.",en,,50.0,30.0,16.0,2.0,450.0,,,,,,one_fourth_carbs
8,2822,6083,not_really,yes,dinner,chinese food,Chinese food,homemade shrimp rice salad two piece fried chicken wing okay,Homemade shrimp and rice salad two pieces of fried chicken wings okay.,en,"The goal has not been met, as the rice is more than 1/4 of the plate (or 1/2 cup). In order to meet this goal, reduce the portion of carbohydrates to 1/4 of your plate.",69.0,21.0,24.0,2.0,587.0,,,,,,one_fourth_carbs
8,2822,6086,not_really,yes,breakfast,waffle bacon,Waffles and bacon,waffle topped strawberry three strip bacon orange juice water,Waffles topped with strawberries three strips of bacon orange juice water,en,"The goal has not been met, as the waffle is more than 1/4 of the plate. In order to meet this goal, make 1/4 of your plate carbohydrates.",47.0,13.0,17.0,2.0,391.0,,,,,,one_fourth_carbs
8,2822,6090,not_really,yes,dinner,taco bean rice,Tacos beans and rice,taco lettuce tomato pepper sour cream kidney bean flavored rice water,Tacos lettuce tomatoes peppers sour cream with some kidney beans in flavored rice and water,en,"The goal has not been met, as more than 1/4 of the plate is carbohydrates, coming from the rice, beans, and the taco. In order to meet this goal, reduce the portion of carbohydrates to 1/4 of your plate.",82.0,20.0,14.0,12.0,529.0,,,,,,one_fourth_carbs
8,2822,6093,not_really,not_really,breakfast,cereal fruit,Cereal and fruit,oneof cold cereal oneof soy milk oneof grape black grape,One cup of Cold Cereal one cup of soy milk and one cup of grapes black grapes,en,"The goal has not been met, as about 1/2 of the meal is carbs. In order to meet this goal, make 1/4 of your plate carbs.",56.0,9.0,5.0,3.0,291.0,,,,,,one_fourth_carbs
8,2822,6096,not_really,yes,lunch,soup cracker,Soup and crackers,clam chowder water cracker,Clam chowder water and crackers,en,"The goal has not been met as the meal is about 1/2 carbs. In order to meet this goal, make 1/4 of your meal carbs.",40.0,6.0,21.0,1.0,361.0,,,,,,one_fourth_carbs
8,2822,6098,not_really,yes,dinner,fried chicken shrimp fried rice salad water,Fried chicken and shrimp fried rice salad water,chicken wing shrimp fried rice green salad water,For chicken wings cup of shrimp fried rice green salad and water,en,"The goal has not been met, as the meal contains about 1/2 carbohydrates. In order to meet this goal, make carbohydrates 1/4 of the plate.",65.0,28.0,42.0,1.0,743.0,,,,,,one_fourth_carbs
8,2822,6108,not_really,yes,lunch,omelette strawberry coffee,Omelette strawberries and coffee,omelette onion green pepper mushroom red pepper cheese steak two piece wheat bread strawberry coffee,Omelette with onions green peppers mushrooms red peppers cheese and steak two pieces of wheat bread strawberries coffee,en,"The goal has not been met, as the meal contains about 1/2 carbohydrates. In order to meet this goal, make carbohydrates 1/4 of the plate.",56.0,26.0,13.0,6.0,462.0,,,,,,one_fourth_carbs
8,2822,6109,not_really,yes,dinner,cheesesteak water,Cheesesteak and water,philly cheese steak water,1 Philly cheese steak and water,en,"The goal has not been met, as the meal contains about 1/2 carbohydrates. In order to meet this goal, make carbohydrates 1/4 of the plate.",40.0,9.0,11.0,1.0,300.0,,,,,,one_fourth_carbs
8,2822,6111,not_really,not_really,breakfast,buttered bread hot chocolate,Buttered bread hot chocolate,butted bread hot chocolate,Butted bread and hot chocolate,en,"The goal has not been met, as the meal contains about 3/4 carbohydrates. In order to meet this goal, make carbohydrates 1/4 of the plate.",39.0,2.0,18.0,1.0,320.0,,,,,,one_fourth_carbs
8,2822,6129,not_really,yes,lunch,corned beef hash whole wheat bread ice,Corned beef hash whole wheat bread Ice-T,oneof corned beef hash potato two slice wheat bread iced tea,One cup of corned beef hash in potatoes two slices of wheat bread in the 16 oz of iced tea,en,"The goal has not been met, as the meal contains about 1/2 carbohydrates. In order to meet this goal, make carbohydrates 1/4 of the plate.",70.0,22.0,27.0,4.0,619.0,,,,,,one_fourth_carbs
8,2800,6163,not_really,yes,dinner,black eye pea rice chicken water,"Black eye peas and rice with chicken, water.",pea chicken rice,"Peas, chicken, rice.",en,,67.0,52.0,21.0,8.0,667.0,,,,,,one_fourth_carbs
8,2800,6164,not_really,yes,breakfast,turkey cheese sandwich pepper orange juice,"Turkey and cheese sandwich with peppers, orange juice.",whole wheat bread cheese turkey,"Whole wheat bread, cheese turkey.",en,,36.0,15.0,11.0,1.0,288.0,,,,,,one_fourth_carbs
8,2800,6168,not_really,yes,dinner,turkey cheese sandwich olive pomegranate juice,"Turkey and cheese sandwich,olives, pomegranate juice",cheese turkey whole wheat bread,"Cheese, turkey whole wheat bread.",en,,40.0,13.0,14.0,0.0,314.0,,,,,,one_fourth_carbs
8,2822,6136,not_really,yes,breakfast,pancake sausage coffee,Pancakes and sausage coffee,pancake two sausage coffee,3 pancakes two sausages coffee,en,"The goal has not been met, as the meal contains about 1/2 carbohydrates. In order to meet this goal, make carbohydrates 1/4 of the plate.",36.0,12.0,25.0,1.0,372.0,,,,,,one_fourth_carbs
8,2822,6142,not_really,yes,breakfast,muffin tea,Muffin and tea,one corn muffin tea honey,One corn muffin cup of tea with honey,en,"The goal has not been met, as the meal contains all carbohydrates. In order to meet this goal, make carbohydrates 1/4 of the plate.",36.0,3.0,17.0,0.0,295.0,,,,,,one_fourth_carbs
8,2822,6146,not_really,yes,afternoon_snack,meat patty soda,Meat Patty and sodas,one beef patty ounce soda,One beef patty 12-ounce soda,en,"The goal has not been met, as the meal contains about 3/4 carbohydrates. In order to meet this goal, make carbohydrates 1/4 of the plate.",91.0,11.0,11.0,2.0,506.0,,,,,,one_fourth_carbs
8,2822,6147,not_really,yes,dinner,hamburger french fry,hamburger and french fries,hamburger french fry bun water,Hamburger and french fries on the a bun water,en,"The goal has not been met, as the meal contains about 1/2 carbohydrates. In order to meet this goal, make carbohydrates 1/4 of the plate.",64.0,31.0,35.0,1.0,691.0,,,,,,one_fourth_carbs
8,2822,6153,not_really,yes,lunch,egg grit sausage,Eggs grits and sausage,one half cup grit piece sausage two egg fry coffee,One and a half cups of grits 3 pieces of sausage two eggs fries and coffee,en,"The goal has not been met, as the meal contains more than 1/4 carbohydrates. In order to meet this goal, make carbohydrates 1/4 of the plate, reducing the portion of the grits to about 1 cup cooked.",58.0,41.0,38.0,3.0,744.0,,,,,,one_fourth_carbs
8,2800,6162,not_really,yes,lunch,cheese turkey sandwich pomegranate juice,"Cheese, and turkey sandwich, pomegranate juice.",whole wheat bread mayonnaise,"Whole wheat bread , mayonnaise.",en,The bread is the carbohydrate serving and it half of the meal.,62.0,17.0,7.0,2.0,380.0,,,,,,one_fourth_carbs
8,2822,6154,not_really,yes,dinner,egg sausage bread,Eggs sausage bread,two scrambled egg one sausage two piece white wheat bread ice,Two scrambled eggs one sausage two pieces of white wheat bread Ice-T,en,"The goal has not been met, as the meal contains about 1/2 carbohydrates. In order to meet this goal, make carbohydrates 1/4 of the plate.",47.0,20.0,22.0,0.0,469.0,,,,,,one_fourth_carbs
8,2822,6184,not_really,yes,breakfast,bowl cereal orange glass water,Bowl of cereal a Orange A glass of water,one cup cereal raising brain soy milk orange glass hate,One and a 1/2 cups of cereal raising brain a cup of soy milk 1 Orange and a glass of wate,en,"The goal has not been met, as the meal contains about 1/2 carbohydrates. In order to meet this goal, make carbohydrates 1/4 of the plate.",95.0,15.0,6.0,15.0,445.0,,,,,,one_fourth_carbs
8,2800,6097,not_really,yes,dinner,rice corn beef water,"Rice corn beef,water.",brown rice onion pepper,"Brown rice onion, peppers.",en,,61.0,13.0,12.0,3.0,400.0,,,,,,one_fourth_carbs
8,2800,6100,not_really,not_really,lunch,salsa cracker water,"Salsa crackers, water.",whole wheat cracker chunky salsa water,"Whole wheat crackers chunky salsa, water.",en,,14.0,0.0,4.0,0.0,94.0,,,,,,one_fourth_carbs
8,1821,2698,not_really,yes,morning_snack,tuna fish salad sandwich lettuce tomato banana bottle water,Tuna fish salad sandwich with lettuce and tomato. Banana and bottle of water.,tuna fish salad celery onion mayo wheat bread banana bottle water,"Tuna fish salad (celery, onions and mayo) on wheat bread. 1 x banana and 16 oz bottle of water.",en,"This goal is not met because the carbs (bread) make up 50% of the meal. To meet this goal, remove once slice of bread and have an open-faced sandwich. Alternatively, you could keep both slices of bread and increase the amount of vegetables in the meal by adding a side salad.",76.0,28.0,19.0,10.0,568.0,,,,,,one_fourth_carbs
8,2800,6105,not_really,yes,breakfast,cracker egg orange juice,"Crackers eggs ,orange juice",whole wheat cracker,Whole wheat crackers,en,,29.0,8.0,9.0,0.0,225.0,,,,,,one_fourth_carbs
8,2800,6116,not_really,yes,breakfast,toast egg orange juice,Toast and eggs and orange juice,whole wheat toast,Whole wheat toast,en,"The carbohydrate is the toast and it is more than 1/4 of the meal.
",53.0,22.0,12.0,4.0,399.0,,,,,This is  based on the fact that there isn't any spread on the toast.,one_fourth_carbs
8,2800,6120,not_really,not_really,lunch,grape,Grapes.,frozen grape,Frozen grapes,en,"Although the grapes are made of carbohydrates, they are a fruit serving, not a carbohydrate serving.",15.0,0.0,0.0,1.0,61.0,,,,,,one_fourth_carbs
8,1821,2193,not_really,yes,breakfast,french bread hardboiled egg banana oof black coffee,"French bread, 2 x hard-boiled eggs and 1 x banana. 12 oz cup of black coffee.",hero size french bread butter lightly smeared hardboiled egg small salt small pepper banana oof black coffee sugar reading,"Hero size French bread, butter lightly smeared, 2 x hard-boiled eggs (1smll salt and 2smll pepper) and 1 x banana. 12 oz cup of black coffee 2 x sugars. Reading 131.",en,"The carbohydrate source, the bread takes more than 1/4 of the plate.",,,,,,,,,,,one_fourth_carbs
8,2800,6172,not_really,not_really,lunch,kiwi grape water,"Kiwi and grapes, water.",grape kiwi,Grapes kiwi,en,"Although fruits are made of carbohydrates, they are fruit servings, not carbohydrate servings",120.0,2.0,0.0,2.0,504.0,,,,,,one_fourth_carbs
8,2800,6176,not_really,yes,dinner,roti curry apple,Roti and Curry apple.,curry apple whole wheat flour,Curry apple whole wheat flour.,en,,41.0,9.0,12.0,4.0,302.0,,,,,,one_fourth_carbs
8,2800,6183,not_really,not_really,lunch,roti curry apple,Roti and Curry apple.,roti curry apple,"Roti, Curry apple.",en,,41.0,9.0,12.0,4.0,302.0,,,,,,one_fourth_carbs
8,2800,6192,not_really,not_really,lunch,roti curry apple pomegranate juice,"Roti and Curry apple , pomegranate juice.",roti curry apple,Roti Curry apple,en,,66.0,9.0,13.0,4.0,403.0,,,,,,one_fourth_carbs
8,2800,6199,not_really,yes,lunch,tuna sandwich water,Tuna sandwich and water.,tuna whole wheat bread,Tuna whole wheat bread.,en,,38.0,36.0,4.0,6.0,326.0,,,,,,one_fourth_carbs
8,2800,6211,not_really,not_really,lunch,crab rice red sauce water,Crab rice red sauce and water,red sauce crab,Red sauce crab.,en,,72.0,10.0,1.0,4.0,362.0,,,,,,one_fourth_carbs
8,1821,2713,not_really,yes,breakfast,egg & white cheese wheat toast ando coffee,Egg & white cheese on wheat toast and cup of coffee.,egg slice white cheese wheat toast black coffee,"1 x egg, 2 x slices of white cheese on wheat toast. 12 oz of black coffee.",en,More than 1/2 of meal is protein,30.0,27.0,17.0,2.0,379.0,From 2 slices of toast,21 gms from the egg and 2 slices cheese. 6 gms from bread,15 gms feom egg and cheese. 2 gms from bread,From bread,Carbs and protein 4 calories per gm. Fat 9 kcals per gm,one_fourth_carbs
8,1821,2720,not_really,yes,dinner,chicken breast yellow rice candle mixed salad bottle water,Chicken breast with yellow rice and Gandules. Mixed salad and bottle of water.,chicken breast pepper onion yellow rice candle mixed salad romain spinach cucumber tomato green onion strawberry cheddar cheese bottle water,"Chicken breast with pepper and onion, yellow rice with Gandules. Mixed salad: romain, spinach, cucumber, tomato, green onion, strawberry and cheddar cheese. 16 oz bottle of water.",en,Carbs are less than 1/4. Vegetables and protein share the reminder,50.0,63.0,19.0,4.0,620.0,Cup of rice (45gms) and from sald and vegetables (5),56 from 8 oz of chicken,Chicken (16)  rice 3,From rice,Carb and protein 4 kcal per gm and fat 9 kcal pet gm,one_fourth_carbs
8,2800,6133,not_really,not_really,breakfast,banana kiwi,"Banana, kiwi.",banana kiwi,"Banana, kiwi.",en,,34.0,2.0,1.0,5.0,135.0,,,,,,one_fourth_carbs
8,2800,6137,not_really,yes,lunch,turkey cheese sandwich pomegranate juice,Turkey and cheese sandwich with pomegranate juice.,whole wheat bread cheese turkey,"Whole wheat bread , cheese and Turkey",en,,49.0,13.0,16.0,0.0,369.0,,,,,,one_fourth_carbs
8,1821,2727,not_really,yes,morning_snack,egg salad pepper jack cheese pickle hero.of black coffee,"Egg salad, pepper jack cheese and pickles hero. Cup of black coffee.",egg salad pepper jack cheese small pickle oof black coffee espn raw sugar,"Egg salad, pepper jack cheese and small pickles. 12 oz cup of black coffee with 2 x tspn of raw sugar.",en,Bread is almost half the meal,45.0,24.0,19.0,4.0,443.0, bread ,Most from egg and cheese,Frim egg and cheese,From breadj,Carbs and protein 4 kaca,one_fourth_carbs
8,2800,6630,not_really,yes,lunch,strip scampi water,Strimp scrampi and water,strip scampi,Strimp scrampi,en,The goal isn't met because the pasta is the carbohydrate and it is more than 1/4 of the plate.,40.0,17.0,26.0,3.0,471.0,,,,,,one_fourth_carbs
8,2800,6216,not_really,not_really,dinner,hard salami sandwich,Hard salami sandwich.,salami bread,Salami bread.,en,,46.0,16.0,20.0,2.0,431.0,,,,,,one_fourth_carbs
8,2800,6218,not_really,not_really,breakfast,hard salami sandwich ginger tea,Hard salami sandwich and ginger tea.,bread salami,"Bread, salami",en,,44.0,17.0,19.0,2.0,427.0,,,,,,one_fourth_carbs
8,2800,6221,not_really,not_really,lunch,rice crab red sauce water,Rice and crab  red sauce and water,crab red sauce,Crab red sauce,en,,47.0,17.0,22.0,1.0,460.0,,,,,,one_fourth_carbs
8,2800,6223,not_really,not_really,dinner,corn flake milk,Corn flakes and milk,corn flake milk,Corn flakes and milk,en,,34.0,6.0,2.0,2.0,197.0,,,,,,one_fourth_carbs
8,2800,6227,not_really,not_really,breakfast,corn flake milk,Corn flakes and milk.,corn flake,Corn flakes,en,,34.0,6.0,2.0,2.0,203.0,,,,,,one_fourth_carbs
8,2800,6231,not_really,not_really,lunch,corn flake milk,Corn flakes and milk,corn flake,Corn flakes.,en,,34.0,6.0,2.0,2.0,199.0,,,,,,one_fourth_carbs
8,2800,6247,not_really,yes,dinner,stew beef plantain roast egg plant roast potato beet collard green,Stew beef planlain roast egg plant roast potatoes beet and collard green,strew beef collard green roast potato,Strew beef collard greens roast potatoes,en,,77.0,25.0,24.0,4.0,638.0,,,,,,one_fourth_carbs
8,1821,2739,not_really,yes,afternoon_snack,cashew trail mix banana bottle water,"Cashews, Trail Mix and banana. Bottle of water.",cup cashew trail mix banana bottle water,"Cup of cashews, cup of trail mix and banana and 23 oz bottle of water",en,The goal is not met because all of the foods present contain more than 15 gm of carb. ,100.0,43.0,100.0,10.0,1569.0,135 gm carb.,,108 gm fat.,,,one_fourth_carbs
8,1821,2742,not_really,yes,dinner,shrimp parmesan linguini mixed salad bread bottle water,"Shrimp Parmesan on linguini, mixed salad, bread and bottle of water.",shrimp parmesan linguini mixed salad piece bread bottle water,"Shrimp Parmesan on linguini, mixed salad, 2 x pieces of bread and 16 oz bottle of water.",en,"This goal is not met because the pasta makes up more than 1/4 of the plate. To meet this goal, reduce your portion of pasta to 1/2 cup. ",100.0,40.0,17.0,8.0,824.0,133 gm carb.,,,,,one_fourth_carbs
8,1821,2198,not_really,not_really,dinner,yellow rice handle two pastel bottle water,Yellow rice with handles and two Pasteles. And 33 oz bottle of water.,arrow com candle do pastel de platoon carne de credo una stella de de agua,Arrow com Gandules y Dos Pasteles de platano y carne de cerdo. Una botella de 33 oz de Agua.,en,There are carbohydrates in all the foods listed. The main source is the rice. It is more than 1/4 of the plate.,,,,,,,,,,,one_fourth_carbs
8,1821,2752,not_really,yes,breakfast,fried egg production bread coffee,"Fried eggs, production, bread and coffee.",easy egg pronto bread oof black coffee espn raw sugar,"Over easy eggs, prosuto, bread and 12 oz cup of black coffee with 2 x tspn of raw sugar.",en,"The bread is the carb serving, it is more than half of the plate. The sugar is also a carobhydrate.",40.0,27.0,30.0,3.0,689.0,na,na,na,na,bna,one_fourth_carbs
8,1821,2761,not_really,yes,dinner,ravioli mixed salad bread bottle water,"Ravioli, mixed salad, bread and bottle of water.",ravioli mixed salad bread bottle water,"Ravioli, mixed salad, bread and 16 oz bottle of water.",en,"The pasta is the main carobhydrate source. Vegetables are also made of carbohydrates and cheese has a small amount. Therefore, it is more thatn 1/4 of f the meal.",98.0,13.0,19.0,9.0,563.0,na,na,na,na,na,one_fourth_carbs
8,1983,9596,not_really,not_really,dinner,roast pork zucchini fry,Roast pork 4 oz zucchini fries,zucchini fry made hairdryer parmesan cheese spice ounce roast pork garlic olive oil,"Zucchini fries made in airfryer with Parmesan cheese and spices, 4 ounces roast pork with garlic and olive oil",en,,3.0,33.0,30.0,1.0,420.0,,,,,,one_fourth_carbs
8,1821,2769,not_really,yes,dinner,jamaica vegetable patty bottle water,Jamaica vegetable Pattie and bottle of water.,jamaican vegetable patty wheat bottle water,Jamaican vegetable pattie on wheat and 16 oz bottle of water.,en,The dough is a carbohydrate and it is more than half fo the plate.,60.0,8.0,9.0,2.0,351.0,na,na,na,na,na,one_fourth_carbs
8,1821,2776,not_really,yes,lunch,yellow rice black bean chicken breast peppers/onions mixed salad bottle water,"Yellow rice, black beans with chicken breast/ peppers/onions. Mixed salad and bottle of water.",yellow rice black bean chicken breast onion pepper mixed salad lettuce cucumber tomato green onion strawberry bottle water,"Yellow rice, black beans, chicken breast with onions and peppers. Mixed salad: lettuce,cucmber, tomato, green onions and strawberry. 16 oz bottle of water.",en,The rice is acarbohydrate source. The vegetables have carbohydrates and the beans have some too so it is more than 1/4 of the plate.,91.0,31.0,13.0,9.0,909.0,na,na,na,na,na,one_fourth_carbs
8,2800,6140,not_really,yes,dinner,steamed fish carrot cauliflower broccoli water,"Steamed fish carrots calliflower broccoli, water.",fish onion tomato pepper,"Fish onion tomato, peppers.",en,"Although vegetables have carbohydrates, they are their own category and there is no carbohydrate serving.",15.0,44.0,6.0,3.0,310.0,,,,,,one_fourth_carbs
8,1821,2787,not_really,yes,breakfast,hardboiled egg bread ando black coffee,"Hard-boiled eggs, bread and cup of black coffee.",hardboiled egg bakery bread oof black coffee espn raw sugar,"2 x hard-boiled eggs, bakery bread and 12 oz cup of black coffee with 2 x tspn raw sugar.",en,The bread is the carbohydrate source and it is more than 1/4 of the plate. Sugar is also a carbohydrate.,45.0,12.0,14.0,3.0,351.0,na,na,na,na,na,one_fourth_carbs
8,2800,6598,not_really,yes,lunch,chicken soup peach,Chicken soup peach.,chicken onion pepper,Chicken onions peppers.,en,The goal is not met. In order to meet your goal include a carbohydrate source with your meal. ,15.0,12.0,2.0,2.0,120.0,,,,,,one_fourth_carbs
8,2800,6251,not_really,not_really,breakfast,corn flake milk,Corn flakes and milk,corn flake milk,Corn flakes and milk,en,,32.0,8.0,4.0,1.0,190.0,,,,,,one_fourth_carbs
8,2800,6253,not_really,not_really,lunch,chicken nugget toast lemonade,Chicken nuttget toast and lemonade,chicken nugget toast,Chicken nuttget and toast.,en,,77.0,29.0,31.0,6.0,668.0,,,,,,one_fourth_carbs
8,3179,9136,not_really,yes,dinner,tripe soup,tripe soup,cow tripe specie pepper onion carrot,"Cow tripe, spicies, peppers, onions, carrots.",en,,16.0,34.0,10.0,3.0,297.0,,,,,,one_fourth_carbs
8,3179,9179,not_really,yes,breakfast,watermelon boil egg,Watermelon and boil eggs,watermelon three boil egg,Watermelon and three boil eggs,en,,13.0,18.0,15.0,0.0,264.0,,,,,,one_fourth_carbs
8,3179,9158,yes,yes,breakfast,boil egg low cal yogurt,Boil eggs and low cal yogurt,three boil egg pepper salt mayo ketchup sauce yogurt,"Three boil eggs, pepper ,salt and mayo ketchup sauce and yogurt.",en,,15.0,26.0,17.0,0.0,300.0,,,,,,one_fourth_carbs
8,3179,9153,yes,yes,dinner,kale tomato salad,Kale and tomato salad,kale tomato,Kale and tomatoes,en,,12.0,0.0,0.0,4.0,65.0,,,,,,one_fourth_carbs
8,3179,9166,yes,yes,dinner,brown rice mix vegetable three sun side egg,Brown rice and mix vegetables three suny side eggs.,brown rice pea corn carrot three fry egg,"Brown rice, peas, corn, carrots and three fry eggs",en,,47.0,24.0,22.0,4.0,488.0,,,,,,one_fourth_carbs
8,3179,9176,yes,yes,dinner,greek mango yogurt two piece cheese,Greek mango yogurt and two pieces of cheese,yogurt cheese,Yogurt and cheese,en,,17.0,21.0,16.0,0.0,270.0,,,,,,one_fourth_carbs
8,1821,2205,yes,yes,afternoon_snack,liverwurst/gouda cheese sandwich lettuce tomato mustard grain bread,"Liverwurst/Gouda cheese sandwich w/lettuce, tomato and mustard on 12 grain bread.",liverwurst/gouda cheese sandwich lettuce tomato mustard grain bread oof black coffee espn raw sugar,Liverwurst/Gouda cheese sandwich with lettuce and tomato mustard on12 grain bread. 12 oz cup of black coffee with 1 x tspn of raw sugar.,en,There are 2 servings of carb in this meal (about 30 grams not including the sugar in the coffee). This is a reasonable amount of carb for most people. ,,,,,,,,,,,one_fourth_carbs
8,1821,2843,yes,yes,lunch,beef stew banana bottle water,"Beef stew, banana and bottle of water.",beef stew beef malaria carrot onion pepper cabbage olive banana bottle water,"Beef stew: Beef, malanga, carrots, onions, peppers, cabbage, olives. Banana and 16 oz bottle of water.",en,There aren't any carbohydrate servings. Vegetables and fruits contain carbohydrates.,50.0,14.0,15.0,4.0,438.0,na,na,na,na,na,one_fourth_carbs
8,2800,6278,yes,yes,dinner,stew beef collard green plantain roast potato roast eggplant beet,Stew beef collard greens  plantains roast potatoes roast eggplant and beets.,stew beef collard green plantain roast potato roast eggplant beet,Stew beef collard greens plantains roast potatoes roast eggplant and beets,en,,46.0,31.0,12.0,9.0,397.0,,,,,,one_fourth_carbs
8,1983,4296,yes,yes,afternoon_snack,one halfchicken breast mixed vegetable organic brown rice fresh strawberry peach ice tea,"one half cup chicken breast, 1/2 cup mixed vegetables, 1/2 cup organic brown rice, fresh strawberries, peach ice tea",fresh strawberry mixed vegetable organic brown rice chicken breast kama water,"Fresh strawberries, mixed vegetables, organic brown rice, chicken breast Kama water",en,,85.0,23.0,6.0,7.0,601.0,,,,,,one_fourth_carbs
8,2800,6197,yes,yes,breakfast,toast egg ginger tea,"Toast,egg  and ginger tea.",whole wheat bread egg,Whole wheat bread and egg,en,,19.0,10.0,7.0,3.0,170.0,,,,,,one_fourth_carbs
8,3179,8348,yes,yes,dinner,oatmeal,Oatmeal,oatmeal,Oatmeal,en,,27.0,3.0,2.0,3.0,140.0,,,,,,one_fourth_carbs
8,2800,6367,yes,yes,lunch,chicken soup water,Chicken soup and water.,chicken soup,Chicken soup.,en,,13.0,9.0,3.0,1.0,120.0,,,,,,one_fourth_carbs
8,1821,2289,yes,yes,breakfast,oatmeal hardboiled egg coffee,"Oatmeal, hard-boiled eggs and coffee.",oatmeal hardboiled egg oof black coffee espn raw sugar,"Oatmeal, 2 x hard-boiled eggs and 12 oz cup of black coffee with 2 x tspn of raw sugar.",en,The oatmeal is more like 1/3rd of the plate.,,,,,,,,,,,one_fourth_carbs
8,3146,8492,yes,yes,dinner,soup,Soup,soup cabinet onion cilantrored pepper,Soup cabinets onions cilantroRed pepper,en,,10.0,2.0,3.0,0.0,93.0,,,,,This is based on 5 crackers and clear soup.,one_fourth_carbs
8,3179,8489,yes,yes,dinner,blacken salmon arugula salad,Blacken salmon and arugula salad,blacken salmon arugula salad red onion pineapple red pepper,"Blacken salmkn and arugula salad, red onions, pineapple and red pepper",en,,5.0,27.0,10.0,3.0,301.0,,,,,,one_fourth_carbs
8,2800,6403,yes,yes,lunch,chicken soup water,Chicken soup and water,chicken soup,Chicken soup,en,,13.0,10.0,6.0,2.0,140.0,,,,,,one_fourth_carbs
8,2800,6238,yes,yes,dinner,stew beef roast eggplant roast potato beet plantain collard green,Stew beef roast eggplant roast potatoes beet plantains and collard greens.,beef collard green baked potato,Beef collard greens and baked potatoes.,en,,80.0,25.0,24.0,7.0,638.0,,,,,,one_fourth_carbs
8,1884,2309,yes,yes,lunch,oz chicken c spinach yam saladmayonnaise,"4oz Chicken, 1c Spinach, 6oz Yams and1c Salad 2tsp Mayonnaise",m dash garlic powder,"Ms .Dash,Garlic Powder",en,"Excellent job! The yams make up about 1/4 of the meal, ",,,,,,,,,,,one_fourth_carbs
8,1884,2314,yes,yes,dinner,oz chicken c spinach ac brown rice c salad&tsp oliver oil lemon juice,"4oz Chicken, 1c Spinach,3/4c Brown Rice , 1c Salad&1tsp Oliver Oil +Lemon juice",m dash & garlic,"Ms Dash & Garlic,",en,Great Job! The main source of carbohydrate is the brown rice. The brown rice makes up about 1/4 of the whole meal. ,,,,,,,,,,,one_fourth_carbs
8,2800,6620,yes,yes,lunch,tuna fish sandwich water,Tuna fish sandwich and water,tuna sandwich onion pepper,"Tuna sandwich,onion, peppers.",en,The goal is met because 1/4 of the plate is carbohydrates. Great job!,15.0,16.0,6.0,1.0,192.0,,,,,,one_fourth_carbs
8,3083,7302,yes,yes,dinner,meat rice,Meat rice,broccoli cup/meat cup rice cup,Broccoli 1 cup/meat 1 cup/ rice 1 cup,en,,49.0,27.0,13.0,2.0,406.0,,,,,,one_fourth_carbs
8,1821,2354,yes,yes,dinner,roast chicken broccoli stuffing bottle water,"Roast Chicken, broccoli and stuffing. Bottle of water.",roasted chicken leg/breast broccoli stuffing.bottle water,"Roasted Chicken leg/breast, broccoli and stuffing. 1 x 16oz bottle of water.",en,Great job!,,,,,,,,,,,one_fourth_carbs
8,1983,8531,yes,yes,breakfast,sausage egg toast,"Sausage, eggs, toast",large egg turkey sausage grain toast,"2 xlarge eggs, 3 oz turkey sausage, 1 21 grain toast",en,,16.0,33.0,21.0,3.0,402.0,,,,,,one_fourth_carbs
8,3179,8048,yes,yes,dinner,rice pea dice chicken cabbage,"Rice and peas, dice chicken and cabbage",cup rice pea chicken pepper cabbage,"Cup of rice and peas, chicken and peppers with cabbage.",en,,45.0,23.0,2.0,1.0,301.0,,,,,This is based on a 3 ounce chicken breast cooked without fat.,one_fourth_carbs
8,2800,6296,yes,yes,dinner,corn beef rice sweet potato avocado,"Corn beef , rice sweet potato and avocado.",corn beef sweet potato brown rice,Corn beef sweet potato and brown rice,en,The rice is carbohydrate serving.,42.0,22.0,39.0,12.0,607.0,,,,,,one_fourth_carbs
8,2800,6570,yes,yes,lunch,tuna fish sandwich water,Tuna fish sandwich with water.,tuna fish sandwich,Tuna fish sandwich,en,,19.0,26.0,4.0,3.0,200.0,,,,,,one_fourth_carbs
8,3146,8509,yes,yes,breakfast,atheist spice ham two slice bread lot pepper water,Atheist spice ham and two slices of bread a lot of pepper and water,egg wheat bread sandwich spice,Eggs wheat bread sandwich spice him,en,,28.0,33.0,30.0,2.0,525.0,,,,,,one_fourth_carbs
8,3146,8518,yes,yes,dinner,super cabinet bitch carrot red pepper cilantro sauce garlic,"Super cabinets, bitch carrots red peppers and cilantro sauce and garlic",yes soup cilantro red pepper cabbage noodle rice little bit lot carrot,Yes soup cilantro red pepper cabbage and noodles and rice a little bit and a lot of carrots,en,,32.0,7.0,2.0,3.0,169.0,,,,,,one_fourth_carbs
8,3146,8533,yes,yes,lunch,cornflakesand,CornflakesAnd so very’s,cornflakes milk cornflakes strawberry,Cornflakes and milk and cornflakes and strawberries,en,,52.0,11.0,5.0,4.0,306.0,,,,,,one_fourth_carbs
8,2800,6605,yes,yes,breakfast,toast egg orange juice,"Toast, eggs and orange juice.",toast egg,"Toast, eggs.",en,The goal is met because 1/4 of the plate is made up of carbohydrates. Great job! ,47.0,14.0,14.0,2.0,379.0,,,,,,one_fourth_carbs
8,3179,8519,yes,yes,dinner,tuna wrap,Tuna wrap,tuna salad wrap,Tuna salad and wrap,en,,53.0,31.0,23.0,3.0,530.0,,,,,,one_fourth_carbs
8,2800,6694,yes,yes,dinner,curry fish curry bean plantain water,"Curry fish , curry beans, plantains and water.",curry fish curry bean plantain,"Curry fish, curry beans and plantain",en,The plantain is a starchy vegetable and it is about 1/4 of the plate.,79.0,12.0,13.0,7.0,466.0,,,,,,one_fourth_carbs
8,1884,2305,yes,yes,dinner,oz chicken c brown rice c string bean & c salad tsp mayonnaise,"4oz Chicken, 3/4c Brown Rice, 1c String Beans & 1c Salad,2tsp Mayonnaise",garlic powder bbq sauce tsp mayonnaise,"Garlic Powder, 1tsp BBQ Sauce,2tsp Mayonnaise",en,Excellent Job! The main source of carbs are the brown rice. The brown rice makes up about 1/4 of the whole meal. ,,,,,,,,,,,one_fourth_carbs
8,3179,8021,yes,yes,dinner,malaria carrot salmon steak,"Malanga, carrots and salmon steak",malaria piece dice carrot salmon steak,"Malanga piece , 1 dice carrot and salmon steak",en,,19.0,46.0,9.0,3.0,344.0,,,,,"This is based on 1/2 salmon fillet cooked without oil or butter. If there is oil or butter, there would be more calories and fat.",one_fourth_carbs
8,2800,6374,yes,yes,breakfast,chicken soup,Chicken soup.,chicken soup,Chicken soup.,en,,13.0,10.0,6.0,2.0,140.0,,,,,,one_fourth_carbs
8,2800,6731,yes,yes,breakfast,sardine whole wheat bread,Sadines and whole wheat bread,sardine onion pepper,Sadines onion peppers,en,,38.0,21.0,11.0,6.0,316.0,,,,,,one_fourth_carbs
8,2800,6733,yes,yes,lunch,sardine orange juice,Sadines and orange juice,sardine onion pepper,"Sadines, onion and peppers",en,,58.0,22.0,11.0,6.0,399.0,,,,,,one_fourth_carbs
8,2800,6741,yes,yes,breakfast,peanut butter sandwich orange juice,Peanut butter sandwich and orange juice,peanut butter sandwich,Peanut butter sandwich,en,,53.0,13.0,18.0,3.0,409.0,,,,,,one_fourth_carbs
8,1821,2311,yes,yes,dinner,yellow rice bean boiled chicken breast string bean onion large bottle water,"Yellow rice with beans, boiled chicken breast, string beans and onions. Large bottle of water.",yellow rice red bean boiled chicken breast lemon&garlic string bean onions.bottle water,Yellow rice and red beans with boiled chicken breast (lemon&garlic) . String beans and onions. 1 x 33oz bottle of water.,en,The main source is the rice.,,,,,,,,,,,one_fourth_carbs
8,1983,8541,yes,yes,dinner,red cabbage grilled cheese ham cauliflower salad,"Red cabbage, grilled cheese and ham, Califlower salad",red cabbage grilled cheese ham cauliflower salad,"Red cabbage, grilled cheese and ham, Califlower salad",en,,58.0,28.0,10.0,5.0,437.0,,,,,,one_fourth_carbs
8,1884,2317,yes,yes,breakfast,c oat bran egg blueberry & raspberry,"3/4c Oat Bran , 2Eggs & 3oz Blueberries & Raspberry",pack sweeter,2packs Sweeter,en,Yes! The main source of carbohydrate is the oat bran and 3/4 c is a reasonable portion. ,,,,,,,,,,,one_fourth_carbs
8,1884,2324,yes,yes,breakfast,oz strawberry oat bran oz pork chicken,"6oz Stawberries, 3/4 Oat Bran ,4oz Pork& Chicken",pack sweeter,2 pack Sweeter,en,"The main source of carb is the oat bran. Oat bran is a very healthy choice and 3/4 cup is not an unreasonable portion. It may be a little more than 1/4 of the meal, but I think it meets the goal in this case. ",,,,,,,,,,,one_fourth_carbs
8,1884,2330,yes,yes,dinner,oz pork steak yam ac broccoli,"4oz Pork Steak, 6oz Yams &1c Broccoli",m dash garlic powder,"Ms Dash, Garlic Powder",en,The goals has been meet. Great job!,,,,,,,,,,,one_fourth_carbs
8,1983,8465,yes,yes,lunch,grilled cheese ham multi grain,Grilled cheese and ham on multi grain.,onesalad one tablespoon blue cheese dressing ham mozzarella cheese slice grain bread,"One cup salad, one tablespoon blue cheese dressing.  1 oz ham, 1 oz mozzarella cheese. 1 slice 21 grain bread",en,,15.0,14.0,16.0,2.0,262.0,,,,,,one_fourth_carbs
8,1821,2796,yes,yes,dinner,sausage quiche mixed salad bottle water,"Sausage quiche, mixed salad and bottle of water.",slice sausage quiche mixed salad lettuce tomato cucumber strawberry carrot bottle water,"Slice of Sausage quiche, mixed salad: lettuce, tomato, cucumber, strawberry and carrots. 16 oz bottle of water.",en,There is no main carbohydrate source. The vegetables have carbohydrates in them.,30.0,13.0,20.0,5.0,425.0,na,na,na,na,na,one_fourth_carbs
8,1821,2793,yes,yes,lunch,chicken thy mashed potato peas/carrots tomato,"Chicken thy, mashed potatoes and peas/carrots and tomato.",chicken thy mashed potato peas/carrots tomato,"Chicken thy, mashed potato, peas/carrots and tomato.",en,The potato is a starchy vegetable and it is about 1/4 of the plate.,50.0,20.0,21.0,4.0,1000.0,na,na,na,na,550,one_fourth_carbs
8,2800,6263,yes,yes,breakfast,toast sausage ginger tea,Toast sausage and ginger tea.,toast sausage,Toast and sausage,en,,17.0,13.0,28.0,2.0,351.0,,,,,,one_fourth_carbs
8,1983,8596,yes,yes,morning_snack,chicken human,Chicken Hunan,chicken mushroom celery onion broccoli green pepper green bean,Chicken mushrooms celery onions broccoli green pepper green beans,en,,34.0,29.0,11.0,3.0,379.0,,,,,,one_fourth_carbs
8,1821,2344,yes,not_really,dinner,mixed muslin sweet pepper arktech beet chick pea goat cheese piece bread andbottle water,"Mixed meuslin, sweet peppers, artecho, beets, chick peas and goat cheese. Piece of bread and 33oz bottle of water.",muslin lettuce artichoke sweet pepper chick pea beet goat cheese bakery bread andbottle water,"Meuslin lettuce, artichoke, sweet peppers, chick peas, beets and goat cheese. Bakery bread and 1 x 33oz bottle of water.",en,the bread makes up 1/4 of the meal,,,,,,,,,,,one_fourth_carbs
8,1821,2351,yes,yes,breakfast,omelet stuffed coffee,Omelet stuffed and coffee.,special omelet egg onion pepper chorizo oof black coffee espn raw sugar,"Special omelet, eggs, onions, peppers and chorizo. 12oz cup of black coffee with 2 x tspn of raw sugar.",en,the tortilla is ~ 1/4 of the meal,,,,,,,,,,,one_fourth_carbs
8,1983,8574,yes,yes,lunch,watermelon,Watermelon,cup watermelon,2 cups watermelon,en,,23.0,1.0,0.0,1.0,91.0,,,,,,one_fourth_carbs
8,1983,8571,yes,not_really,lunch,hamburger cucumber spinach salad mix,Hamburger cucumber spinach salad mix,% ground beef half cucumber spinach mix tablespoon oil vinegar fresh basil,80% ground beef 3 oz a cup and a half cucumber on a cup spinach mix 2 tablespoons oil vinegar fresh basil,en,,5.0,36.0,35.0,3.0,496.0,,,,,,one_fourth_carbs
8,1821,2410,yes,yes,breakfast,oatmeal hardboiled egg coffee,Oatmeal and hard-boiled eggs and coffee.,oatmeal hardboiled egg ando black coffee espn raw sugar,"1/2 cup of oatmeal, 2x hard-boiled eggs and cup of black coffee with 2 x tspn of raw sugar.",en,There is an appropriate amount of carbs in this meal. ,,,,,,,,,,,one_fourth_carbs
8,1821,2420,yes,yes,dinner,chinese food msg mixed shrimp lobster beef broccoli carrot vegetable shrimp fried rice bottle water,"Chinese food no msg. Mixed shrimp, lobster, beef, broccoli, carrots and vegetables shrimp fried rice. Bottle of water.",mixed shrimp lobster beef broccoli carrot snow pea little corn celery shrimp fried rice ando bottle water,"Mixed shrimp, lobster, beef, broccoli, carrots, snow peas, little corns and celery. Shrimp fried rice and 1x 16oz bottle of water.",en,Great job!,,,,,,,,,,,one_fourth_carbs
8,1983,2563,yes,yes,lunch,beef tongue sandwich small white bread roll spinach salad cherry tomato salad dressing glass water,Beef tongue sandwich on small white bread roll and spinach salad with cherry tomatoes and salad dressing glass of water,water small white bread roll cured beef tongue refresh spinach half cherry tomato tablespoon mayonnaise tablespoon ranch dressing,"16 oz of water small white bread roll, 3 oz cured beef tongue, one cup fresh spinach, half a cup cherry tomatoes, 1 tablespoon mayonnaise, 2 tablespoons ranch dressing.",en,Perfect! The main source of carb is the bread. The bread is making up about 1/4 of the plate. ,,,,,,,,,,,one_fourth_carbs
8,1821,2449,yes,yes,afternoon_snack,boiled platoon hardboiled egg onion bottle water,"Boiled Platanos, hard-boiled eggs and onions. Bottle of water.",boiled platoon hardboiled egg onion vinegar corn oil.bottle water,Boiled Platanos 2 x hard-boiled eggs and onions. With vinegar and corn oil. 1 x 16oz bottle of water.,en,The platains are starchy vegetables and starches are carbohydrates.,,,,,,,,,,,one_fourth_carbs
8,1983,2549,yes,yes,morning_snack,ham cheese omelette fried plantain,Ham cheese omelette with fried plantains,quarteronions quartergreen pepper pat butter one half egg two slice low salt ham slice muenster cheese sweet plantain quarteroilfor frying water,"Quarter cup onions, quarter cup green pepper, 1 pat butter, one and a half egg, two slices low salt ham, 2 slices Muenster cheese, 1/2 sweet plantain, quarter cup oilfor frying.  16 oz water.",en,The goal has been met. Great job!,,,,,,,,,,,one_fourth_carbs
8,1983,2558,yes,yes,breakfast,coffee bagel peanut butter almond butter,"Coffee, bagel peanut butter and almond butter",oof coffee four tablespoon nondairy creamer bagel natural salt peanut butter tablespoon natural salt almond butter,"12 oz cup of coffee with four tablespoons of non-dairy creamer, 1/2 bagel, 1 tbsp natural no salt peanut butter, 1 tablespoon natural no salt almond butter.",en,"Yes, the main source of carb is the bagel. One half of a bagel does not take up more than 1/4 of the plate. ",,,,,,,,,,,one_fourth_carbs
8,1225,1554,yes,yes,lunch,salad,Salad,green chicken apple walnut blue cheese,"Greens, chicken, apples, walnuts, blue cheese",en,test,,,,,,,,,,,one_fourth_carbs
8,1225,1573,yes,yes,after_dinner_snack,large tomato,Large tomato,tomato,Tomato,en,test,,,,,,,,,,,one_fourth_carbs
8,1225,1574,yes,not_really,after_dinner_snack,water,Water,water,Water,en,test,,,,,,,,,,,one_fourth_carbs
8,3179,8003,yes,yes,dinner,malaria carrot steak,"Malanga,carrots and steak",malaria slice carrot unclean steak,"Malanga, slice carrot and 4oz lean steak.",en,,46.0,28.0,13.0,1.0,389.0,,,,,,one_fourth_carbs
8,1821,2687,yes,yes,dinner,yellow rice red bean steak/onions mixed salad bottle water,"Yellow rice, red beans, steak/onions, mixed salad and bottle of water.",yellow rice/red bean steak onion mixed salad spinach lettuce tomato red/green pepper leak cucumber feta cheese bottle water,"Yellow rice/red beans, steak with onions, mixed salad: spinach, lettuce, tomato, red/green peppers, leaks, cucumbers and feta cheese. 16 oz bottle of water.",en,This goal is met because 25% is a carb (the rice).,84.0,47.0,27.0,13.0,775.0,,,,,,one_fourth_carbs
8,1983,2621,yes,yes,afternoon_snack,white grape six cracker peppercorn brie cheese,A cup of white grapes six crackers peppercorn brie cheese,townhouse cracker grape brie cheese,"6 Townhouse crackers, grapes, Brie cheese",en,The goal has been met. Great job!,,,,,,,,,,,one_fourth_carbs
8,3083,7303,yes,yes,dinner,cheese burger,Cheese burger,meat bro rice,Meat broc rice,en,,49.0,27.0,13.0,2.0,402.0,,,,,,one_fourth_carbs
8,1983,2695,yes,yes,breakfast,boiled egg scrape water pear,"Boiled eggs, scrapple, water, pear",water pear two boiled egg large scrape whole wheat flour coating tablespoon vegetable oil,"16 oz of water, 1/2 pear, two boiled eggs large, 4 oz scrapple in whole wheat flour coating then in 2 tablespoons vegetable oil.",en,,,,,,,,,,,,one_fourth_carbs
8,1638,2033,yes,yes,breakfast,oatmeal jam,Oatmeal with jam,oatmeal milk jam,"Oatmeal, milk, jam",en,test,,,,,,,,,,,one_fourth_carbs
8,1638,2039,yes,not_really,afternoon_snack,tea,Tea,tea,Tea,en,test,,,,,,,,,,,one_fourth_carbs
8,1638,2045,yes,yes,morning_snack,tea,Tea,tea,Tea,en,test,,,,,,,,,,,one_fourth_carbs
8,1983,2672,yes,yes,dinner,taco salad,Taco salad,half aground beef spice mescaline salad half aground beef price mexican salad court couple cheese cheddar taco shell,"Half a cup ground beef with spices, cup of mescaline salad half a cup ground beef with prices cup of Mexican and salad court a couple cheese cheddar, taco shell",en,"The main source of carb is the taco shell, which I am not able to see. As long as the amount of taco shell is not more than 1/4 of the meal, then the goal has been met. ",,,,,,,,,,,one_fourth_carbs
8,1821,2364,yes,yes,dinner,roast chicken stuffing broccoli water,"Roast chicken, stuffing, broccoli and water.",roast chicken stuffing broccoli.oz bottle water,"Roast chicken, stuffing and broccoli. 1x 16oz bottle of water.",en,"It is difficult to see the portion of stuffing. Since stuffing is the main source of carb, keep the portion to 1/4 of all foods on the plate. ",,,,,,,,,,,one_fourth_carbs
8,1983,2701,yes,yes,lunch,chocolate protein shake,Chocolate protein shake,one scoop chocolate protein shake powder quarter walnut half banana tablespoon physillum husk ice,"One scoop of chocolate protein shake powder, quarter cup of walnuts, half a banana, tablespoon of physillum husk, cup of ice",en,"The physillum husk is a fiber so it is a carbohydrate, it is about 1/4 of the meal.",,,,,,,,,,,one_fourth_carbs
8,1983,2702,yes,yes,lunch,jarlsberg cheese orange cracker avocado,"Jarlsberg cheese, Orange, crackers, avocado",one whole orange town house cracker half jarlsberg cheese half avocado water,"One whole orange, 6 Town House crackers, half a cup Jarlsberg cheese, half a cup avocado, 16 oz of water",en,The crackers are the main source of carbohydrate.,,,,,,,,,,,one_fourth_carbs
8,1821,2536,yes,yes,breakfast,hardboiled egg bread bottle water,"Hard-boiled eggs, bread and bottle of water.",x hardboiled egg slice wheat bread ando bottle water,"2x hard-boiled eggs, 2x slices of wheat bread and 16x oz bottle of water.",en,Good job!,28.0,21.0,12.0,4.0,304.0,The main source of carb is the bread (2 slices commercially prepared whole wheat bread = ~ 27 gm). ,"The main source of protein is the eggs (2 large eggs, boiled = ~13 gm). There is also protein in the bread. ","The main source of fat is the eggs 2 large eggs, boiled = ~10 gm).",All of the fiber comes from the bread (2 slices commercially prepared whole wheat bread = ~ 4 gm).,"36% of the Calories come from carb, 36% from fat, and 28% from protein. ",one_fourth_carbs
8,1983,2740,yes,yes,lunch,ham muenster cheese bagel raw spinach cherry tomato brag berry salad dressing,Ham Muenster cheese on bagel raw spinach with cherry tomatoes and brag berry salad dressing,low sodium ham oz one slice muenster cheese everything bagel toasted half draw spinach third third cherry tomato blackberry salad dressing tablespoon water,"Low sodium ham 1 oz, one slice muenster cheese, 1/2 everything bagel toasted, half a cup raw spinach third, third of a cup cherry tomatoes, Blackberry salad dressing 1 tablespoon, 16 oz water",en,The bagel is the source of carbohydrate.,23.0,10.0,10.0,2.0,222.0,"The bagel is made from flour, flour is a carbohydrate.",The ham and cheese are the sources of protein.,"The cheese is the main source of fat, the ham also has fat. If the dressig is oil based, it would be a fat.",The small amount of fiber is from the spinach and the bagel.,The calories can vary depending upon the size of the bage.,one_fourth_carbs
8,1983,2766,yes,yes,breakfast,orgy fish broccoli cauliflower salad cornbread,"Porgy fish, broccoli, cauliflower salad, cornbread",medium size orgy fish three quarter cup steamed broccoli salt small slice cornbread half tablespoon butter half cauliflower teaspoon mayonnaise one teaspoon sweet pickle relish large egg egg water,"1/2 medium size Porgy fish, three quarter cups steamed broccoli with salt, small slice cornbread with half a tablespoon butter, half a cup cauliflower, teaspoon mayonnaise one teaspoon sweet pickle relish 1/2 large egg egg, 8 oz of water",en,This goal is met because the main source of carbohydrate (the cornbread) is only 1/4 of the plate. The portion size of this piece of cornbread is appropriate (approx. 1.5 oz). ,16.0,41.0,19.0,4.0,404.0,"In this meal, the carbs come from the cornbread. Cornbread is a starch. Starches are mostly carbs. The broccoli and cauliflower also provide some carbs, in addition fiber and other important nutrients. (1.5 oz cornbread = 9 grams; 3/4 cup steamed broccoli = 3 grams; 1/2 cup cauliflower = 3 grams; 1 tsp. mayo = 0.5 grams)","In this meal, the protein comes mainly from the fish. Fish are a meat and meats are mostly carbs. The egg is also a source of protein in this meal in addition to the vegetables & cornbread providing a small amount.  (5 oz. porgy fish = 34 grams; 3/4 cup broccoli = 1.5 grams; 1/2 cup cauliflower = 1 gram; 1.5 oz cornbread = 1 gram; 1/2 egg = 3 grams)","In this meal, the fat comes from several elements. The butter and mayonnaise are the main sources of fat. The fish and egg are meat sources that contain fat in addition to the protein & other nutrients they provide. The cornbread also provides some fat because of ingredients used in preparing it.  (1/2 tbsp butter = 6 grams; 1 tsp. light mayo = 1 gram; 5 oz. fish = 5 grams; 1.5 oz cornbread = 4 grams; 1/2 egg = 3 grams)","In this meal, the fiber comes from the broccoli, cauliflower and cornbread. These vegetables and starches come from plants, and only plant foods can provide fiber. Animal products like meat and dairy do not contain fiber. To increase the fiber content in a meal, one can add more vegetables, whole grains, beans, nuts and seeds. (3/4 cup broccoli = 1.5 grams; 1/2 cup cauliflower = 1 gram; 1.5 oz cornbread = 1 gram)","This meal is 15% carbs, 19% fat and 41% protein. Nutrition info for fish: http://www.calorieking.com/foods/calories-in-fish-porgy-scup-sea-bream-cooked-with-dry-heat_f-ZmlkPTEyODQ2OQ.html",one_fourth_carbs
8,1983,2771,yes,yes,dinner,sancho garlic bread avocado,Sancocho garlic bread avocado,half avocado sesame seed roll tablespoon butter fresh chopped garlic sancho contains half ear corn chicken pork beef half mixed spanish root vegetable water,"Half a cup of avocado, sesame seed roll with tablespoon butter and fresh chopped garlic, sancocho contains half ear corn 2 oz of chicken 2 oz of pork 2 oz of beef half a cup of mixed Spanish root vegetables, 16 water",en,"The bread is in the carbohydrate group. There are some carbohydrates in vegetables, none in meat.",74.0,10.0,23.0,7.0,555.0,"The sesame roll is in the carbohydrate group. All vegetables have some carbohydrates in them. The avocado is in the fat group on the food list for diabetes, yet it has some carbohydrates too.",The pork and chicken are the protein sources. All animal foods have protein.,The butter and the avocado are both in the fat group. There is a little fat in the pork and chicken.,There is fiber in the bread and avocado and a small amount in all vegetables. Skins (like on the corn) have fiber.,This is based on 1 Tablespoon of butter and a cup of sancocho stew.,one_fourth_carbs
8,2800,6486,yes,yes,dinner,curry fish curry bean pepper brown rice,Curry fish curry beans peppers and brown rice.,curry fish curry bean pepper onion,Curry fish curry beans peppers and onions.,en,,63.0,45.0,11.0,9.0,502.0,,,,,,one_fourth_carbs
8,1821,2566,yes,yes,dinner,broccoli/cheddar sausage quiche mixed salad bottle water,"Broccoli/cheddar and sausage quiche, mixed salad and bottle of water.",broccoli/cheddar sausage quiche mixed salad lettuce spinach green/red pepper tomato green onion cucumber.bottle water,"Broccoli/cheddar, sausage quiche, mixed salad: lettuce, spinach, green/red pepper, tomato, green onions and cucumber. 33oz bottle of water.",en,The carbohydrate serving is the crust in the quiche,39.0,16.0,28.0,4.0,550.0,"The carbohydrates are in the crust, there are some carbohydrates in other foods like vegetables and cheese.","The protein is the sausage, cheese and egg white.","The main fat is the egg yolk, sausage and cheese. If there is salad dressing, there would be added fat.","There is fiber in vegetalbe, they are usually in skins and roughage.",It may be more if there is a full fat salad dressing.,one_fourth_carbs
8,1821,2574,yes,yes,breakfast,rice bean chicken gizzard hardboiled egg bottle water,"Rice, beans with chicken gizzard and hard-boiled eggs. Bottle of water.",white rice red bean chicken gizzard.hardboiled egg andbottle water,"White rice, red beans and chicken gizzard. 2x hard-boiled eggs and 16oz bottle of water.",en,"The rice is the carbohydrate, it is about 1/4 of the meal.",65.0,74.0,21.0,0.0,668.0,Rice is a carbohdrate. The beans are partly carbohydrate and part protein.,The egg whites and chicken are the protein sources.,The chicken and egg yolks are the fat.,There is virutally no fiber in the meal.,Based on 1/2 cup of rice and beans.,one_fourth_carbs
8,1821,2580,yes,yes,dinner,broccoli/sausage cheese quiche water,Broccoli/sausage cheese quiche and water.,broccoli/sausage cheese quiche ando water,Broccoli/sausage cheese quiche and 12oz of water.,en,The carbohydrate is the crust.,32.0,16.0,26.0,0.0,420.0,The carbohydrate serving is the crust. There are carbohydrates in cheese. ,The main protein is the sausage and egg white,The egg yolk and cheese are the fats. Quiche is probably made with butter which is a fat.,There is no fiber.,"It may be higher, this is an estimate.",one_fourth_carbs
8,2800,5944,yes,yes,breakfast,cheese cracker water,I Cheese crackers water,vegetable havarti,Vegetable Havarti,en,,10.0,16.0,27.0,0.0,328.0,,,,,,one_fourth_carbs
8,2800,5952,yes,yes,lunch,cheese cracker water,"Cheese crackers,water.",cheese cracker,Cheese chackers,en,,16.0,16.0,30.0,0.0,376.0,,,,,,one_fourth_carbs
8,2800,5955,yes,yes,dinner,plantain pollock fillet,Plantain Pollock fillets,tomato onion,Tomatoes onions,en,,10.0,20.0,3.0,1.0,149.0,,,,,,one_fourth_carbs
8,2800,5972,yes,yes,breakfast,toast egg orange juice,"Toast eggs,orange juice.",egg toast,Eggs toast,en,The bread is the carbohydrate serving. It is a bit more than 1/4 of the meal.,40.0,11.0,6.0,1.0,242.0,n/an/a,,,,This is based on 1 slice of bread without butter.,one_fourth_carbs
8,2800,5973,yes,yes,lunch,smoothie,Smoothie,pineapple strawberry milk,Pineapple strawberry milk.,en,,37.0,6.0,2.0,0.0,189.0,,,,,,one_fourth_carbs
8,2800,5977,yes,yes,dinner,pollock fillet plantain,"Pollock fillets, plantains",tomato onion pepper,"Tomatoes onion,peppers.",en,,31.0,21.0,13.0,2.0,319.0,,,,,,one_fourth_carbs
8,2800,5984,yes,yes,dinner,pollock fillet water,"Pollock fillets,water",tomato onion pepper,"Tomatoes onions ,peppers.",en,,18.0,22.0,6.0,4.0,210.0,,,,,,one_fourth_carbs
8,1821,2185,yes,yes,dinner,chicken rice/beans + salad burrito plus bottle water,"Chicken,rice/beans + salad burrito plus bottle of water.",chicken yellow rice/beans lettuce tomato avocado filling pico de gallo sauce cup bottle water,Chicken yellow rice/beans w/ lettuce tomatoes and avocado filling with Pico de Gallo sauce 1/4 cup. 1 x bottle of water.,en,The tortilla is about 1/4 of the meal.,,,,,,,,,,,one_fourth_carbs
8,2800,5991,yes,yes,lunch,tuna sandwich water,"Tuna sandwich,water",mayonnaise onion pepper,Mayonnaise onion peppers,en,,22.0,26.0,13.0,4.0,288.0,,,,,,one_fourth_carbs
8,2822,6003,yes,yes,lunch,chowder cracker,chowder in crackers,clam chowder ritz cracker,Clam chowder in the Ritz crackers,en,Great job! The goal has been met.,40.0,6.0,21.0,1.0,361.0,,,,,,one_fourth_carbs
8,1821,2609,yes,yes,dinner,yellow rice chicken red bean salad bottle water,"Yellow rice with chicken, red beans and salad. Bottle of water.",yellow rice red bean pumpkin mixed green salad red & green pepper feta cheese bottle water,"Yellow rice with red beans and pumpkin, mixed green salad with red & green peppers feta cheese. 33 oz bottle of water.",en,The rice is a little more than 1/4 of the plate.,81.0,27.0,10.0,2.0,549.0,na,na,na,na,na,one_fourth_carbs
8,2800,6012,yes,yes,lunch,cracker sardine,"Crackers, sadines",onion lemon pepper,"Onions lemon, pepper",en,,4.0,16.0,12.0,0.0,182.0,,,,,,one_fourth_carbs
8,2800,6021,yes,yes,lunch,roasted chicken whole wheat bread,Roasted chicken and whole wheat bread,chicken sesame sauce whole wheat water,Chicken sesame sauce  whole wheat and water,en,,33.0,42.0,26.0,3.0,520.0,,,,,,one_fourth_carbs
8,2800,6039,yes,yes,dinner,broccoli carrot corn cauliflower shrimp,"Broccoli carrots corn cauliflower,shrimp.",broccoli carrot corn cauliflower shrimp,"Broccoli carrots corn cauliflower,shrimp.",en,,23.0,37.0,0.0,9.0,246.0,,,,,,one_fourth_carbs
8,2822,6124,yes,yes,dinner,mustard turnip green potato salad spare rib water,Mustard and turnip greens potato salad spare ribs water,oneof green bean oneof potato salad three rib,One cup of green beans one cup of potato salad and three ribs,en,Great job! The goal has been met.,54.0,31.0,39.0,6.0,718.0,,,,,,one_fourth_carbs
8,2800,6095,yes,yes,lunch,toast egg water,"Toast,eggs, water.",whole wheat bread egg,Whole wheat bread eggs.,en,,50.0,13.0,7.0,5.0,318.0,,,,,,one_fourth_carbs
8,1821,2670,yes,yes,dinner,baked rib potato mixed salad bottle water,"Baked ribs, potato and mixed salad. Bottle of water.",baked rib potato mixed salad lettuce spinach kale cucumber leak tomato pepper bottle water,"Baked ribs, potato and mixed salad: lettuce, spinach, kale, cucumber, leaks, tomato and peppers. 16 oz bottle of water.",en,"The potatoe and the salad have carbohydrates, they are about 1/4 of the meal.",33.0,22.0,46.0,2.0,652.0,na,na,na,na,na,one_fourth_carbs
8,2822,6117,yes,yes,breakfast,egg grit fish,Eggs grits and fish,oneof grit egg two piece fish,One cup of grits to eggs two pieces of fish,en,Great job! The goal has been met.,55.0,28.0,21.0,4.0,528.0,,,,,,one_fourth_carbs
8,2822,6131,yes,yes,dinner,green cantaloupe spare rib potato salad water,Green cantaloupe spare ribs potato salad in water,oneof mustard turnip green oneof potato salad three spirit cantaloupe,One cup of mustard and turnip greens one cup of potato salad three spirits in a cup of cantaloupe,en,Great job! The goal has been met.,66.0,32.0,39.0,7.0,768.0,,,,,,one_fourth_carbs
8,2822,6173,yes,not_really,breakfast,egg bacon grit fruit coffee water,Eggs bacon grits fruit coffee   Water,strip bacon half grit egg orange coffee water,3 strips of bacon I half a cup of grits 2 eggs and Orange cup of coffee  And a cup of water,en,Great job! The goal has been met.,35.0,26.0,23.0,4.0,449.0,,,,,,one_fourth_carbs
8,2822,6196,yes,yes,dinner,chicken rice green water,Chicken rice  greens water,piece chicken rice collard green glass water,2 pieces of chicken a  Cup of rice  Collard greens glass of water,en,The rice is the carbohydrate serving.,71.0,72.0,14.0,7.0,704.0,,,,,,one_fourth_carbs
8,3179,7949,yes,yes,dinner,chicken parmesan whole_wheat wrap,Chicken parmesan with wholewheat wrap,chicken patty whole_wheat wrap mozzarella cheese,"Chicken patty,  wholewheat wrap ,mozzarella cheese",en,,41.0,37.0,12.0,6.0,406.0,,,,,,one_fourth_carbs
8,1821,2730,yes,yes,dinner,yellow rice black bean mixed salad bottle water,"Yellow rice and black beans, mixed salad and bottle of water.",yellow rice black bean mixed salad lettuce spinach cucumber tomato strawberry feta cheese bottle water,"Yellow rice, black beans, mixed salad: lettuce, spinach, cucumbers, tomatoes, strawberry and feta cheese. 33 oz bottle of water.",en,The rice is a carbohydrate serving. The beans and vegetables also have carbohydrate in them but smaller amounts.,100.0,32.0,8.0,4.0,680.0,"It is more, it is 124",na,na,na,na,one_fourth_carbs
8,2800,6259,yes,yes,dinner,collard green plantain stew beef roast potato roast eggplant beet,Collard greens plantains stew beef roast potatoes roast eggplant and beet,stew beef collard green plantain roast eggplant roast potato beet,Stew beef collard greens plantains roast eggplant roast potatoes and beets.,en,,36.0,22.0,7.0,8.0,286.0,,,,,,one_fourth_carbs
